Dim1,Dim2,Label
27.801125,6.4096975,7
0.08161038,0.5837511,2
41.988754,-36.04061,1
-2.8318048,-1.1697598,0
4.031783,5.214867,4
26.769659,-23.321262,1
3.4263973,2.2378728,4
1.7150853,3.6897278,9
1.3569353,3.8142002,5
7.1551156,0.4226017,9
-5.489565,-2.9106627,0
0.9602746,6.6906614,6
4.089035,2.167806,9
-3.6057024,-2.6209745,0
44.856045,-30.471767,1
-2.8493013,-3.713214,5
4.2808475,3.7856755,9
41.537754,13.10783,7
-2.4712138,-5.0552216,3
3.102519,2.7957153,4
4.477505,0.14288068,9
0.77526975,3.6090894,6
1.7853878,6.7803307,6
0.5661646,-1.998689,5
2.3554654,3.643173,4
-8.555628,-0.9824991,0
26.98661,14.69367,7
4.2429023,4.228266,4
-2.8034167,-1.7039981,0
75.31501,-41.9276,1
-0.62303245,-1.3462262,3
47.250046,-24.415857,1
-1.1319281,-3.003969,3
-1.8753647,10.211808,4
30.735209,1.2640429,7
-0.6927689,0.42495897,2
18.412043,7.557105,7
65.36181,-39.40122,1
-0.13415231,0.5831965,2
30.435795,-22.020292,1
51.42587,-37.541416,1
7.0416474,2.2505867,7
3.253829,2.1433873,4
0.30796117,0.51465225,2
-0.6965236,-0.7880734,3
-1.1022325,-1.0053108,5
44.65135,-18.56594,1
-0.24283314,0.70146585,2
4.7189255,4.122567,4
4.213865,6.1716595,4
0.20331913,2.223827,6
-2.1354122,-4.271137,3
0.40512818,-2.5284474,5
-2.7055168,-3.1603231,5
1.8844613,12.092028,6
-2.422235,-1.6370993,0
5.0742745,5.740009,4
40.793335,-33.685455,1
4.441755,3.7482564,9
4.9734855,-2.0291634,5
28.415192,18.89207,7
-0.6167155,0.14921916,8
2.4279504,2.1974993,9
-0.36047482,0.25547042,3
19.134972,-1.3722665,7
1.8500937,1.5836028,4
-1.2143624,-1.292431,6
4.570488,4.5428166,4
-0.4813969,-1.7583723,3
-0.8765921,15.337853,0
62.408257,18.084251,7
-8.214842,-3.7906418,0
-1.6072879,-0.72074604,2
34.96212,-4.4089313,9
59.56717,-37.628193,1
2.603732,1.095212,7
-0.89133465,-1.8227396,3
4.731164,-0.72830564,2
3.1961493,0.19267774,9
68.82716,5.0843215,7
2.583076,3.323959,7
0.5191046,3.6571236,6
-0.77769256,0.87294275,2
21.444946,10.976856,7
0.017163515,-3.5872996,8
4.501096,4.615637,4
31.689756,4.799737,7
-1.3568542,-1.8623662,3
1.3551147,5.9977036,6
18.52954,-15.360809,1
-1.2697674,-1.6658747,3
0.6745695,3.526861,6
6.433296,-0.5412195,9
-0.62650067,-1.221269,3
70.91649,-35.218994,1
4.1549797,2.447321,4
55.708496,-24.351028,1
2.7619123,0.75632846,7
0.4237203,3.5492897,6
3.6585839,5.1241684,9
1.3950118,5.0522256,6
-4.920696,-2.859704,0
0.28771463,-3.1611722,5
4.302924,6.2096334,4
3.270865,5.663072,9
3.9101605,4.1265483,9
-0.8474801,0.6762222,2
16.895237,-16.84233,1
2.8559906,2.8780255,9
3.4537506,2.1236181,4
-0.65802014,-0.44847462,8
13.666546,-10.33529,7
-0.21599996,-1.696861,3
3.1847315,3.0953267,9
2.078774,1.0794727,7
2.4588883,1.4175167,4
2.7449365,2.0495288,4
4.7320957,6.917314,4
3.512882,1.8851063,9
-0.52286386,0.50770676,2
-0.26775014,-3.2764187,5
5.0456796,1.0947224,4
1.9444422,2.0431325,7
0.4022928,3.5036268,6
12.130686,4.7401085,7
1.9697379,3.2735493,9
-6.2982454,-6.1129255,0
0.71427757,-2.958788,5
0.22425517,-3.0247047,8
0.52627474,-2.3150253,5
0.14186502,3.9640312,6
-0.13501233,3.9269054,6
-2.0327396,-2.3368168,5
3.4663424,1.5942078,7
1.1649052,-2.4100847,8
37.061394,-25.76316,1
-2.3607302,-1.628089,0
13.585216,-11.843849,1
0.9772302,5.7927294,6
6.207091,0.9699855,4
0.4141734,2.2691607,6
35.074852,18.685001,7
-1.050632,-3.2003062,3
48.272415,-38.502975,1
4.2158933,0.2815249,7
71.08618,-40.032143,1
1.222542,-3.2403183,8
-1.4580053,1.2519642,2
-2.4885345,-1.5461969,0
1.9606223,3.2828903,2
3.695867,3.8114407,9
-0.8981659,-4.2921133,9
4.6441736,-1.9061351,5
-1.4275086,-1.8771939,5
30.454388,-19.919134,1
1.3615828,-2.2040899,5
1.5904481,5.699824,6
-2.5261917,-1.7893276,0
-1.2339467,-2.3680902,3
1.1565111,1.4786776,4
2.8239305,2.4971278,4
-0.6872043,4.0487466,6
0.41212013,-2.7886949,5
4.696136,5.719861,4
1.4604508,4.5943694,6
-2.3637638,-2.9072611,5
3.4020772,2.480971,4
8.886441,-4.0345006,5
71.97717,-44.223255,1
2.657093,2.2150483,4
2.7489562,3.2079575,4
29.135416,-3.0869513,7
-0.29392445,-29.603062,2
-1.4390147,-2.921767,3
-0.19471657,0.5912241,2
1.8593574,0.72321296,7
51.721836,-38.14869,1
0.18848611,-2.5660808,8
38.792988,-27.096312,1
-0.0096462965,-2.3140242,8
33.013397,-22.728312,1
-0.344365,-2.511467,8
0.31725395,-2.2369819,5
-9.698126,-3.204361,0
-0.99531853,-0.89616156,8
4.030201,2.6437163,9
0.06493115,0.5809352,2
-1.8849487,-2.6425214,5
-5.8084717,-1.3607855,0
54.147476,-25.532938,1
14.167924,-11.846703,1
62.544117,-26.86718,1
-3.9242651,0.9866164,0
-0.3506765,-2.8053226,9
-2.812986,-1.9262614,0
1.5159057,3.1248386,3
44.237602,-30.524248,1
-0.21055788,2.5604448,6
3.3231406,2.4729714,4
-0.69402313,0.6116415,2
-1.0867682,-1.1791675,3
0.6022167,10.852288,6
35.191772,-38.286255,1
40.72642,-25.766768,1
42.821632,-36.923706,1
-0.66708636,-2.2073023,3
2.9979744,2.1662388,9
-2.2388768,-2.9538834,5
-0.41593835,1.0061921,2
2.3050113,4.0307226,9
4.2136583,4.834849,4
3.4494107,-1.2328639,5
3.5592122,5.799296,9
0.7419262,0.026201963,3
3.035214,2.5504184,9
-2.308234,-0.95325994,0
-0.60804224,-1.0227886,3
2.4589434,-1.0819149,6
4.4204493,-1.918478,5
-1.0297382,-0.6831882,5
20.375385,10.303305,7
-0.4289734,0.9552203,2
-1.0099664,1.5411556,2
37.443657,5.187016,7
35.94932,-36.93629,1
2.2184725,-44.416203,2
-0.031783193,-2.7883987,8
2.4635832,0.8328035,4
27.317768,-24.94548,1
7.687492,2.1941025,7
-0.7796174,-0.7885597,3
0.014269784,-1.0424688,3
0.06710905,-2.4757638,8
0.9693872,-3.186448,8
2.3079214,1.2058834,7
3.5446646,3.8662815,9
0.008210459,0.5780773,2
-0.2859267,0.72478384,2
4.400201,3.0257711,4
46.919735,-29.84899,1
-1.4697187,-1.8082459,5
-0.06568405,-3.6821423,9
2.599519,-3.3152332,8
1.9521551,1.9172196,7
0.06014765,0.48197055,2
0.81345034,2.921444,3
-9.361148,-8.592614,0
-0.032357246,1.9738773,4
5.5936456,4.725537,4
-0.16301067,0.38410437,2
3.1024144,3.019927,4
46.85476,-25.804735,1
3.3786144,3.1074586,9
-1.0409882,-1.0003526,5
25.246727,10.233032,7
1.8178991,1.547693,7
-0.077625796,0.34136778,2
-0.1704197,-1.437704,8
-0.7584673,0.98047626,2
-4.3767514,-3.2457495,6
2.3130975,-3.4478378,8
3.4884562,-1.7098513,5
28.290947,14.235377,7
4.122835,1.5323721,7
-0.30875233,-2.474032,9
44.91956,-28.933195,1
-1.8255826,-1.2156878,8
28.425669,-17.711128,1
-1.098373,-2.865684,8
-7.8642755,0.6818552,0
-1.141796,-3.102638,3
-2.7162313,-1.7965097,0
43.53106,-27.524231,1
4.2973375,2.6339998,9
3.6968741,5.6101923,9
4.4684744,4.3355474,4
34.92064,-26.478914,1
0.97137266,-2.9375186,8
-0.4443028,0.7431364,2
41.401703,-26.574173,1
-0.1122085,0.42548043,2
4.926844,1.6214833,9
1.1415195,0.13792872,7
3.8550563,-1.1682916,5
3.5028975,5.421843,9
-0.09379589,0.6278623,2
0.49856007,2.42272,6
8.164961,18.577896,4
33.798004,-26.48807,1
-0.8775765,-3.1020246,5
-0.46409148,-3.41797,8
-0.213106,0.26246008,2
3.091926,3.597887,9
-0.061722603,0.7314511,2
-2.727929,-2.150055,0
2.913909,4.440432,4
-9.726212,-2.90203,0
-10.168193,-4.3380833,0
-0.4405068,0.7294994,2
-0.031163514,-1.5152764,8
14.088641,-9.92781,4
2.1267147,1.6791844,7
61.595074,-37.475975,1
-0.029092858,0.6518651,2
2.734239,1.2446692,4
-8.256269,-7.845151,0
0.041534014,0.5831667,2
2.5876074,1.1530163,7
4.37834,2.1779928,4
-0.89885527,-1.9024502,3
-1.0796635,-2.138019,3
-5.064229,-2.9800692,0
-2.8765016,-1.092742,0
-1.8804429,-2.9299788,3
44.692387,-28.597153,1
4.835369,2.9066942,9
-0.0078062173,1.5967915,6
12.025796,-5.301358,5
-2.2087672,-1.6292076,2
-3.5856466,-4.5612726,5
22.03691,-14.076912,9
8.319549,1.6397245,2
-0.25318414,-2.5908265,9
-0.6106956,-1.1765006,3
-2.0930843,-2.2394984,0
5.935545,-0.062472105,4
-0.28021622,0.87953186,2
-4.2800655,-1.1721869,0
2.3360472,0.8953037,7
30.652733,-20.767303,1
34.459473,-23.279541,1
3.9165363,-53.40291,2
31.00042,-21.740114,1
0.33880827,-2.773334,5
-0.9111507,-1.6577891,3
0.028012872,-5.102011,3
2.9086213,4.4754853,9
32.097263,10.886952,7
-3.4264128,-4.469075,8
0.509257,3.3837912,6
0.29738593,1.3356309,5
1.9069729,3.9887657,6
47.17521,-32.595367,1
-1.5701077,-2.0320714,3
-0.24105617,-2.5470572,8
29.538488,-19.276812,1
-1.6668147,-0.6366396,0
0.44481516,-2.6280406,5
39.41282,-30.70592,1
2.2409537,2.2563226,3
44.485283,-22.04594,1
-0.16133904,-3.2914586,5
-5.37129,-5.281701,5
0.24381447,5.2741327,6
21.081486,-29.302979,1
1.8852215,-1.928175,8
-1.544704,-1.3626628,5
27.585457,-19.093613,1
6.167033,5.0445094,7
3.402635,2.4881868,9
8.944601,18.681513,4
1.3738303,5.376186,6
0.035473973,-2.7142634,2
0.10507977,0.6416978,2
-0.004002571,-3.6590662,5
-2.1149192,-0.91888404,0
0.8736839,3.7767544,6
-1.4733199,-3.553176,5
0.6405815,2.6440794,6
-1.064769,-0.95020175,3
1.8572366,1.9069766,7
0.11826829,0.7020261,2
-5.521714,-5.957464,0
0.045295984,-3.1599302,8
0.12379089,-2.8400168,8
0.6814445,-2.7958102,5
2.147643,1.7896655,4
50.164413,-37.580833,1
45.338734,-31.931408,1
4.2158766,4.5083776,4
-9.741678,-8.456874,0
6.1611214,6.2489634,3
-0.78181195,-2.6295803,3
12.146267,3.2682867,7
0.12417412,4.8332114,6
46.885204,-35.189407,1
-1.4187083,-0.8881316,6
0.022739882,0.62610227,2
25.113237,-28.984959,1
2.6883302,1.8598189,9
-1.4249704,1.8021008,2
1.3220482,-3.3648252,8
0.62493557,3.5019882,6
44.130047,-32.629642,1
4.1657333,1.8638873,9
-1.6541486,-1.8623948,5
-0.4025511,0.9577225,2
-1.640801,-2.0026066,5
3.7264538,5.7689877,4
1.1902149,4.9431825,4
-1.6246302,0.8457118,2
-0.329876,-2.233124,8
-1.6848402,-3.5066824,3
3.4411252,2.066342,8
-0.30724895,0.4132521,2
4.6296825,7.9984393,4
-2.9224057,-2.6173692,5
-4.2295,-2.895854,0
-1.3230442,-2.2669601,3
40.682346,-24.10763,1
36.840195,18.597832,7
2.480824,0.29007983,7
-0.38724396,-2.8343804,5
58.122066,22.193964,7
2.483333,2.879528,9
38.362633,15.274869,7
34.398613,-24.681362,1
2.96917,1.7443807,9
-0.5966779,0.7540479,2
38.403828,-24.90095,1
8.307215,-1.2227478,4
-0.9616514,0.3424396,2
3.0635853,2.881985,9
-0.06581926,0.60568345,2
-5.9841943,-4.0109034,0
1.7473903,3.6775808,4
2.89003,0.9653299,9
53.363503,-33.202488,1
2.9408324,-1.5840825,4
-0.20525265,-2.662023,8
39.123093,-30.211542,1
-0.3582458,-2.834916,8
1.6003096,2.9958923,4
1.4199824,-2.6564684,5
2.6601014,2.135345,9
0.6849787,-1.5374223,8
1.3805656,-2.6145768,8
-1.3130527,-3.5848954,3
28.495209,8.590736,7
0.2451418,2.1897774,6
-8.17797,-4.4181557,0
-2.6810489,-1.2547688,0
-1.3132122,-2.3489141,3
-0.7606791,-1.172993,0
4.572466,-16.621426,2
-2.6982179,11.924848,6
0.5044505,4.100787,6
5.630871,-0.5519731,4
1.5687736,-2.0994434,9
-2.1826487,-3.6426668,3
-0.8858066,-1.3317337,3
0.26248792,-1.7997937,3
0.08319486,0.5611051,2
0.6132745,-12.423337,3
3.716613,5.3760414,9
19.770832,-15.519656,1
1.1654682,-19.275005,2
0.26187068,2.447998,6
1.2271115,-2.8052232,8
-4.5153246,-3.3826876,0
2.6426733,1.4517545,5
1.9640162,7.4183993,6
0.91464484,4.9052625,6
0.76969993,5.67034,6
19.453823,-0.9188547,3
0.79113173,-3.0310924,8
1.958327,-2.4032736,8
0.091681175,0.6285931,2
10.609184,-0.9992565,7
-0.18547982,-3.8739064,5
0.4049645,-2.239555,8
2.9582603,1.694008,9
1.1846741,5.734205,6
59.87618,-36.758045,1
0.86472017,-3.4042716,8
8.183271,15.748877,4
53.499447,-37.482193,1
-0.6138644,0.33690852,2
-0.14434946,-2.2515848,5
-0.61368144,-3.2396114,9
33.399303,-31.313442,1
2.9920635,3.4261422,9
17.724663,12.094454,7
8.012815,-3.4654632,5
3.0835807,2.4846365,4
-2.2915254,-1.3845191,0
0.6287816,-4.004786,8
3.5245938,3.2087824,9
3.2174063,1.2509608,9
41.369534,-33.67934,1
0.24126893,11.209468,0
-1.3001511,-1.0551405,5
-0.7650915,0.28630358,2
-1.7023175,-3.3216045,3
44.5193,10.220563,7
-2.38867,-0.4779873,8
2.9117875,3.3543158,9
2.1259704,1.4691503,4
-1.9648662,-0.7261617,0
0.26854613,1.9657061,6
-1.1330224,-2.3328044,3
4.9772387,7.226216,9
-0.79071903,0.55322903,5
-0.6481651,0.8254156,2
33.871315,-23.42439,1
-0.08065637,0.31992847,3
31.13402,-30.111473,1
-0.008913994,-1.9470099,3
1.5921705,1.9931118,6
-1.2445815,-1.3061855,5
10.768151,-0.8684492,7
16.986143,-2.1453195,4
0.040528074,0.48166716,2
-0.1417397,0.81230664,2
-4.5678635,-2.060978,6
-0.16588734,-1.7395468,3
-0.7835618,1.7900993,2
0.40453327,4.218604,6
0.085478604,-2.6079524,5
2.3927867,1.6831884,4
1.2545261,-1.5183413,8
1.8529991,1.7872528,9
3.3259733,4.1730614,7
11.770178,-28.734585,1
-1.7488742,-3.696073,3
-6.05487,-2.8917542,0
-1.4162011,-2.3744946,3
-2.9926589,-2.8473616,8
1.0174221,2.4445307,3
44.381626,-30.03758,1
2.2738848,2.4541783,9
0.48035824,1.4727594,3
2.7971184,1.9917935,4
3.7019582,5.590619,4
0.6524191,3.0656312,6
5.585901,5.8723884,4
0.21278463,0.7173457,2
32.85457,-25.467432,1
2.0637116,-1.5068359,8
-1.1679176,0.9445826,2
-0.105312645,-2.8251443,5
4.7198815,4.881591,4
1.5307442,-1.8227084,8
-0.29622787,-2.4095821,8
-0.10330927,-3.0950038,4
-3.6034145,-0.89614296,0
-7.0017996,-4.740018,0
2.9689264,-39.712574,2
-0.62802243,-1.0185218,3
-1.4235737,1.3403661,2
2.955673,1.0460311,7
7.8015003,-4.201648,7
-2.094972,-1.2478819,0
0.977734,-3.2019756,8
21.293865,3.8938122,7
3.8691723,1.4956244,4
7.7837677,11.942782,4
2.3681178,2.0124063,7
2.7996397,1.8835093,9
2.1708827,12.622091,6
3.7117705,1.0892277,9
-8.8521,-3.5625095,0
3.7118018,3.4040942,9
0.7240215,-2.4505095,8
-2.640004,-2.2462964,0
3.0808353,1.735739,4
0.24558446,1.7041463,6
-2.0739794,-1.8742685,0
0.8228596,3.6491468,6
-1.1315112,-3.5443091,3
-0.034657866,-2.74772,5
3.138651,2.008804,4
0.54186636,-2.6317725,8
-1.3762017,-2.3508296,3
-0.686509,-0.9039215,3
2.63722,2.1182952,9
-0.668612,-1.4637778,3
0.0773004,-1.9022033,3
1.6558515,-2.3950481,3
26.856495,4.6093893,7
1.5769053,-2.1432965,8
-7.295127,-5.8368473,0
-0.004435487,0.5374091,8
1.9285834,-1.5293425,2
51.874634,-27.560114,1
17.373705,9.349898,7
-4.4894013,-2.6047015,0
1.2025015,5.0989213,6
-2.9840465,-3.4159207,5
-0.295312,-2.3121228,4
-1.5758947,-2.8484795,3
-0.9282778,-1.8513428,8
-4.3951793,-2.2201614,0
3.2878556,1.3471415,9
0.58659947,2.668536,6
-1.3344455,-2.6608307,3
1.1865404,-3.1219065,8
2.2802067,11.775519,0
2.5908473,2.0254316,9
3.547492,5.2544546,9
0.7320307,3.9347022,6
2.0350368,-1.5491645,8
1.4060297,12.83841,6
0.57799506,-2.6785374,8
0.48523876,-2.6811402,5
6.2302203,-0.26511478,7
-1.0179726,-0.9660659,8
1.3252137,4.8961267,6
-6.441167,-4.425555,0
3.2968407,-66.52735,2
0.032467067,3.261826,4
-6.6820416,-4.141691,0
0.12764594,0.75316817,2
1.856103,-13.309952,2
-0.12795115,-0.66269875,3
13.04958,-17.377401,1
2.4963713,3.0202353,9
3.2727785,0.3399186,7
-1.5563569,-1.3423555,5
-0.31170297,-1.7321422,1
-2.6767478,-2.0542474,0
0.1897898,-2.248463,8
4.318579,3.309721,4
0.26450264,3.1258304,6
5.0028133,-52.561848,2
-0.55269057,6.6662064,6
31.735723,3.9527798,7
2.9395103,1.9467295,9
2.2732344,3.584923,3
-0.10867615,3.8193955,2
2.9941483,3.7422523,9
0.6897048,-3.3719838,8
-0.61453134,0.7838091,2
-0.35861152,0.620328,2
4.4757485,6.5697455,9
0.16638929,0.045485973,2
47.758423,20.177225,7
-1.7859595,-3.7779765,3
4.689267,-1.392345,5
3.149342,1.3359802,9
50.94316,-25.86702,1
0.29169273,-2.5052714,8
-4.425911,11.954027,0
-0.038565915,0.58042616,2
-2.4066954,-1.1036677,0
-1.2476282,-1.1377106,5
0.61456585,2.353934,2
45.58732,-25.40621,1
-1.4418207,-3.848116,3
2.205519,2.1366162,7
0.013290044,2.319546,6
28.241959,13.139495,7
47.673393,-31.456585,1
0.18485901,0.66139036,2
-4.7901096,-5.3030996,5
0.30292073,-2.8765829,8
-8.299883,-6.5264215,0
-1.4590358,-2.8946986,3
4.925673,2.620376,7
-0.012239933,-2.3743947,2
3.3962786,2.5632753,4
-1.1242999,-0.73959255,0
2.6061108,3.2935581,9
40.51327,-27.639124,1
3.4417453,-2.9787395,8
2.1726568,15.175825,6
12.081484,2.651306,7
16.320818,-11.455039,7
-0.28492594,-2.3511477,4
-0.44555676,-1.8631266,3
16.204544,-3.501131,4
4.753381,7.991238,9
41.38882,-31.827757,1
8.245867,-0.014777899,9
-0.97376543,-0.8264594,5
47.286724,-32.77063,1
52.094475,7.4671297,7
-1.9686235,-3.572304,3
3.395937,4.902723,9
1.8216509,1.2437216,7
1.053318,5.370356,6
4.302807,5.37862,9
34.45615,-22.02057,1
-0.69143933,-1.3042905,3
1.2365988,2.4649642,7
1.896209,-2.2322512,8
-0.6122737,-1.939224,3
-0.79532266,-2.834106,3
0.26238942,2.7011635,6
2.1522446,1.3348078,7
0.6445904,-66.699394,2
-0.5231773,-3.0639284,8
3.4122448,-1.0948749,5
0.44426978,-1.8404673,8
5.304458,-2.2749567,5
33.632412,-25.878191,1
46.634323,-28.595524,1
3.8249254,3.2170486,4
5.387094,4.5550575,4
-0.39405584,-1.83601,3
81.31056,-38.913654,1
-8.260205,-0.51236725,0
16.00546,2.9589791,7
1.7225653,2.077635,7
-5.5702925,0.0016651154,0
22.174763,9.967731,7
2.7946143,3.5368938,9
2.8375633,1.6803453,4
2.8835936,3.2574062,4
0.7633257,-2.0568006,8
1.288311,-2.8706927,5
-2.2399464,-1.8985143,5
2.482282,2.653373,4
-4.820628,-3.7164478,0
-1.936486,-2.9804816,8
-0.58436865,0.8844209,2
32.54163,-25.186115,1
3.192349,8.543122,0
0.61412543,-2.3657475,8
5.400779,8.070394,4
-2.416067,-3.9566264,5
-8.618795,-6.2576876,0
4.254193,5.5887814,4
-2.265637,-1.2486072,0
0.9977188,3.9738398,6
45.854298,-35.28762,1
4.0668354,2.6122997,7
-0.6189777,-2.522279,3
4.3105793,-52.01068,2
-0.026504405,2.7960844,6
18.334137,9.920779,7
-0.47817823,0.89721686,2
1.184302,7.2779837,6
2.7683835,4.3245068,9
-0.6152915,-1.1854496,3
60.801876,-37.21415,1
5.013985,7.394939,4
0.48421168,11.420561,6
1.6133738,-23.832449,2
-1.2241111,-0.7773814,5
2.1908443,2.7149599,4
3.7283764,-23.065601,2
-9.608933,-1.816453,0
0.39748153,2.1013505,6
-0.83178836,0.6446301,2
21.414797,-20.320374,1
2.5763938,1.8750548,7
-0.60450274,-2.5529904,3
2.7589552,3.2614598,4
48.782402,-39.866203,1
-4.902595,-2.949646,0
-2.7449284,-3.1120505,5
3.9312255,2.1120384,4
-0.70366275,-1.4668272,3
44.239975,-34.295048,1
64.64955,-37.76917,1
7.601529,2.1871912,7
3.3810487,2.2853422,4
4.1672835,1.7967035,9
2.9822648,1.194691,9
3.0851135,0.8958039,4
0.9843906,-2.635126,8
4.922541,8.067685,4
-8.52796,-3.894102,0
-0.779824,1.0337597,2
3.6053112,2.2039258,4
-0.21630073,-3.8301988,5
30.84335,-30.60276,1
39.758488,-27.815582,1
0.2571028,2.7449262,6
5.7164383,2.8331609,4
7.7790174,5.039607,7
47.473316,-30.246027,1
2.9480937,3.3521752,9
2.13119,2.2313523,4
0.028527722,0.5678629,2
3.0042741,5.962961,4
63.40628,-35.707485,1
-0.9194069,-3.227617,5
3.6566706,-1.2778709,5
-1.7027903,-2.7970245,3
-0.645224,-2.7697427,8
-1.7894107,-3.7421181,3
45.383343,-31.05613,1
3.3217883,5.269935,4
-1.8981023,-3.1642547,5
-2.1191566,-2.3006973,6
-0.2813006,-3.8211153,8
2.8034143,2.4193037,9
3.1501102,4.9659104,4
36.998825,-27.327303,1
3.1158333,5.005828,5
-1.4356065,-3.9062526,3
-0.2916269,-3.0478613,8
-3.8177166,-0.60662127,0
0.47012874,1.6794912,3
-0.72037315,1.2500491,2
2.8486032,-1.1046977,5
80.75934,-38.781796,1
-0.039796755,0.82060605,2
-2.0101562,-2.2572718,8
-1.4300177,-2.285013,3
4.5963664,4.4390993,4
3.8681955,6.435401,4
1.2152011,13.736043,0
1.2872636,-2.3488474,8
-0.6133143,-2.8144214,8
-1.3061385,-2.8303356,3
-1.2095833,-2.15524,3
49.789326,-35.94299,1
5.550707,0.82305026,7
-0.68720907,-1.4029143,3
-1.8771551,-2.04349,5
7.097601,1.3013387,9
0.55024266,2.693884,6
-0.8802809,-1.5969998,3
-0.72203064,-59.179035,2
0.68076277,9.366168,6
52.80876,-32.677475,1
-1.4893885,-2.2807026,3
0.17513978,4.264268,6
-5.620411,-3.9406338,0
57.669426,22.681356,7
-1.5076754,0.9717035,2
35.115383,-28.321959,1
21.547253,10.35972,7
42.12866,-29.91541,1
14.98154,-1.3057313,4
4.14958,-50.635807,2
7.6337767,-2.227192,4
-0.44514838,0.47782192,2
31.495436,-22.504734,1
2.428135,1.4482737,7
3.197923,1.758502,9
0.46358028,1.8167744,6
42.97935,-35.27778,1
25.866602,-23.80828,1
0.20498705,-30.116234,2
3.7373962,5.351032,4
-1.2523469,-0.35895586,8
13.799526,-11.829692,1
21.172745,14.760417,7
10.359291,1.7177303,7
4.23899,6.6409087,4
-0.15370677,-2.519846,8
-7.1298366,-0.61317825,0
15.255649,2.9959662,7
-0.825029,-2.3515747,3
28.443054,-28.865345,1
-1.2948744,-2.7613857,3
40.467632,-29.722168,1
-2.2484264,-0.7391286,0
20.548784,10.153446,7
25.915438,-0.72987795,7
-5.348574,-3.483467,0
-0.85387045,-2.587358,3
3.323312,-0.8932576,5
-0.49726683,-0.4794383,5
-1.1676377,0.77927065,2
2.7857869,1.9617317,7
0.67841005,5.092525,6
0.93420607,4.355872,6
3.2208197,3.5804577,9
-1.2308168,0.9265832,2
0.9395851,-5.1162686,8
-0.7537864,-1.4075705,3
-0.030492783,-2.870034,5
0.015309453,-11.522617,2
-0.6142614,0.71421915,2
0.53696525,-2.8335137,5
0.33886683,2.660448,6
-7.292576,-1.1489286,0
0.4102088,-2.2935166,8
-0.55714357,0.5960885,2
3.874088,-0.06010461,9
-1.0060644,0.60488033,2
-0.6315118,-3.8835108,8
-2.7940528,-5.0269203,8
-0.9338895,-4.461902,8
0.44953144,-2.4494224,8
41.6058,-2.2708275,7
2.177062,3.516847,4
3.6333978,1.2854996,9
-0.90816236,-1.4175508,3
-2.527134,-2.123376,0
0.6822318,2.8766227,6
0.6698861,4.787084,6
-0.7113483,-1.3192761,3
-0.69429386,1.0892595,2
37.16374,-25.54906,1
-0.91097075,-1.301307,3
-0.04183624,0.57174754,2
-0.19774082,0.7847863,2
3.9986596,4.4826035,9
-2.1586285,-3.3146675,3
-2.4677393,-2.1096816,0
-7.017848,0.14831352,0
0.19924778,-3.504816,5
0.31993723,-1.4916503,7
-0.77433205,-3.4064412,8
0.7243285,0.3604598,1
4.240795,6.778954,4
1.926317,1.818855,4
1.0175068,4.524217,6
-6.5117064,-4.9406824,0
-0.22432241,0.80257636,2
4.2472553,4.127547,9
27.973766,-26.807852,1
4.227194,1.4592421,4
28.774319,24.44666,7
4.9405737,3.3792372,4
16.666964,3.882783,7
-1.3509843,-2.1388695,3
3.4642172,5.8308544,9
0.95428324,-1.4136536,8
-0.28037468,-1.9145103,8
5.9301124,11.653682,4
26.61671,10.9262085,7
43.15551,-27.145765,1
0.19698007,0.80660605,2
32.263603,-23.73336,1
-0.76404226,0.98349285,2
-0.33341068,0.33123985,2
-1.1941825,-2.5574744,3
7.736079,2.0209038,2
-1.2802436,-2.5049095,3
-0.68094707,0.6235825,2
-0.9529189,-1.7577167,3
3.7156403,4.2602596,9
42.611652,-32.166218,1
5.373635,-1.0898671,7
2.2201178,2.9067435,4
-7.0003185,-5.2153206,0
-1.4393618,-2.429644,3
0.2866525,-3.5414205,5
3.821061,-1.5981781,5
0.051997215,-2.7333524,8
2.19635,11.312151,6
-0.6912776,-3.2018476,3
-0.6857463,-3.13136,2
0.26405078,3.509212,6
31.676365,10.683098,7
0.9419264,4.527134,6
2.7551928,-1.4756802,6
-0.44509473,-2.6369584,3
0.09395103,-0.097060055,2
2.3568716,1.7191458,7
3.2653594,2.3934045,8
42.379074,-26.83176,1
63.318855,-36.073044,1
0.1951457,0.14017695,7
2.7553346,2.3085194,5
1.6373681,6.6292443,6
3.5029123,1.3940138,4
2.1039088,2.3219519,9
-1.5705647,-1.4044049,5
0.15614825,0.50331414,1
-1.5197457,-2.4625373,3
-0.91102767,-1.481929,3
0.516906,-0.48016554,4
2.6067863,-0.034143925,7
1.4495366,-2.0625176,8
2.920493,2.046309,9
33.73404,-25.99729,1
36.525013,-33.877594,1
-2.310935,-0.3587618,6
3.7745306,1.2012384,9
48.01995,-36.90412,1
2.4322066,2.494553,4
4.8153667,2.6456814,4
0.20255849,-3.1040208,5
-0.17522657,-3.25401,4
-10.042759,-2.0306854,0
1.3182918,7.5325117,6
0.10206118,0.7377675,2
-0.3458973,0.48597926,2
-0.46959892,-2.520745,3
12.847167,-10.404233,1
0.014353484,-2.8303673,5
79.28322,-45.189743,1
-0.17496583,0.66474277,2
-5.1986284,-2.0830488,0
-0.3452946,-1.9434259,3
1.3258572,-1.7428815,8
41.6114,-28.561642,1
0.38202763,-47.81697,2
0.12021868,3.0185704,6
9.089171,4.287367,7
69.53198,-39.42236,1
0.4325092,3.5421405,6
-0.22792019,0.53583705,2
-0.43776315,-2.4833496,3
2.6681767,2.1561508,9
-2.162251,-0.35517645,0
67.22235,-31.663836,1
-2.2508323,1.9823985,2
-0.3640268,0.5848418,2
-6.9994483,-1.1240387,0
1.353002,-4.63003,8
2.8494225,2.8831813,9
3.2952793,0.0076391697,9
-2.4325135,-1.5989642,0
-0.31757182,-2.6311057,2
-2.024375,-2.4700563,5
75.6646,-38.456665,1
2.621006,2.0167964,9
12.807433,6.269388,7
0.20001255,-1.8284981,8
60.548393,-37.42635,1
-6.2263675,-5.8547688,0
5.5798593,2.7250142,4
54.15054,-36.27344,1
1.6752782,1.7426481,7
2.532624,2.0641346,9
0.30789733,0.51443523,6
2.7920759,0.8944112,4
-0.91451555,0.5157355,2
1.7935193,8.881593,6
0.356961,-3.209815,8
31.423883,-35.928204,1
-1.0683345,-2.9462783,3
59.434753,3.8167117,7
0.39515328,-3.110401,5
2.9016285,3.7202559,4
5.1555796,0.1456759,4
26.792187,-23.86968,1
0.061960995,-2.6349318,8
38.978436,-29.816206,1
-2.6991525,-4.600386,3
0.7344773,-1.6652164,8
51.41772,-41.175453,1
0.4574586,1.0227559,2
0.43449786,-3.3249793,5
1.7019681,-1.4793607,8
-3.315299,-0.40089846,0
1.2043395,5.9425907,6
-0.47006798,-50.927113,2
58.89738,-42.245594,1
62.38472,-39.534893,1
2.315114,2.6032963,7
56.096184,-40.195045,1
0.91038716,-2.344157,5
-0.77684855,-2.5161457,3
3.2964675,3.4944859,4
0.35255164,-2.6815712,6
1.3735102,1.1459439,9
0.041985974,-2.0652866,5
-3.0418046,15.664315,0
3.7172785,5.4530606,9
-0.6977605,1.2764794,2
-0.21009812,2.7816021,2
5.358071,6.379282,4
0.33940342,-3.7262473,8
-1.0556449,1.1412793,2
45.633236,-33.22602,1
17.501892,7.1417375,7
0.104281425,-0.45043698,2
4.647287,1.4156199,4
3.380508,1.0084847,9
5.684197,4.806307,4
4.1760044,9.199002,4
-7.305484,-5.650546,0
2.4391928,1.7527612,3
4.9353857,0.118516445,9
-0.10075657,0.87870353,2
-0.0445017,0.64858955,2
-0.23139444,-1.9235374,3
-0.30820525,-1.8388541,3
2.380421,0.9960818,8
-2.3387735,-4.4322963,3
-2.9777858,-3.957419,5
34.22832,12.620998,7
0.7362036,-1.1905978,3
0.83514744,-3.0398366,5
0.41703606,-3.6830702,8
44.95055,-32.390106,1
-0.17836739,0.48703122,2
2.388773,1.8121145,4
1.7560968,1.9394608,4
-0.23116136,4.164956,6
2.7629228,3.066905,4
1.5672393,1.5536604,9
-0.7399371,-0.8885143,5
57.33566,-33.894165,1
-11.0569315,-4.6643705,0
0.84855473,3.485151,6
3.6162682,5.316716,9
2.0453296,-1.4759972,5
4.2120767,2.1978614,9
-1.6046234,-1.0615883,5
2.7927132,3.0486076,9
1.4950976,0.843282,7
0.8372392,-0.5027098,3
-0.25959295,0.35562915,8
-2.2569394,-1.3128543,0
-0.75049156,-1.430656,3
5.8895693,5.1028347,7
41.051487,-29.642029,1
-0.7587426,-0.9484172,3
-0.13733158,2.0226672,6
37.775223,7.81387,7
-1.6233269,-4.462017,8
-2.6694727,-2.4352584,5
2.519805,3.9074278,9
21.875948,4.0241666,7
4.900818,2.106586,9
1.7758037,6.4665065,6
-2.4793735,-3.2247498,9
0.5991992,3.2569585,6
-1.8276949,-3.6191552,3
35.773952,14.088161,7
4.7773824,2.324287,4
0.19344105,3.0918188,4
0.18589798,-2.8348196,5
0.14732923,-2.2643545,3
0.44013524,-2.5297246,5
3.233206,1.52939,4
27.892054,-3.6851623,7
0.33814916,-2.6994905,8
5.0272517,-1.3715321,7
0.5078471,-1.7337,8
-2.18149,-0.9827051,0
3.0992558,1.207239,7
1.2017839,5.4107423,6
1.037323,-1.760791,8
0.21405691,-3.234408,8
79.16339,20.692772,7
0.1367132,-1.5518742,3
-2.2470925,-1.9405059,3
14.548674,-12.289543,1
4.234169,6.4025936,9
0.45298082,-2.3671696,5
-0.76211786,0.80771166,2
10.792189,2.893879,7
-0.771487,-1.4458517,3
2.8624969,-1.2876625,5
28.217379,-21.373943,1
42.120174,-28.140669,1
-0.065033555,0.6052582,2
17.876045,-12.765573,1
3.3383913,4.048409,4
2.0483868,1.5123215,7
3.6868348,2.8532152,4
0.92995924,-2.7654858,7
-1.983655,-2.2961612,5
8.467617,16.377193,4
-0.3208353,-2.7309074,5
7.699611,17.343405,4
-3.3538425,-1.8607368,0
0.37904269,-3.1603448,8
-1.480498,-2.100363,3
0.36789244,1.9217967,6
3.734517,2.698104,9
0.7027631,2.7394648,6
-3.2261767,-2.6811132,0
-0.2208013,0.43347847,2
0.0769389,-2.5315745,7
2.9165525,0.8410785,4
5.328526,4.4701357,4
8.100066,-2.0832887,4
3.2917209,4.947275,4
0.47730684,3.3293846,6
2.226332,10.7301035,6
4.5538025,1.0478365,4
10.885533,6.520327,7
2.8030503,3.0541735,9
-1.1693978,-1.5848925,3
5.193428,0.8171215,4
5.0240746,-1.9104676,5
0.8534444,-2.5149992,5
-0.3024587,-3.6318917,8
10.716154,4.256665,7
-0.9777014,-1.8453321,3
3.906409,0.8632766,7
-0.026108783,0.74922544,2
26.362736,9.534545,7
-1.7540619,0.020012856,0
-0.051568985,-11.125616,2
4.5711675,0.5557594,4
69.262886,-41.94186,1
52.109863,-30.903229,1
2.8362699,-1.9904385,6
-0.094905704,-2.515758,6
4.787165,1.685572,9
-0.47308242,0.5564375,2
1.3772739,-3.3785348,8
39.97274,24.455053,7
-0.44064265,0.55528283,2
-2.2987876,-0.63957024,0
49.255272,-35.09574,1
-2.1165466,-2.51033,5
6.095135,16.555082,0
2.437571,2.3531442,9
35.37239,-24.76644,1
6.5669613,0.3996637,7
-2.8088522,-0.13547373,0
0.040098965,1.8359542,6
-1.6889663,-0.8524213,0
-0.5010842,-3.0989199,8
1.046516,4.8448105,6
-0.05943966,-1.3520349,8
37.285076,-25.166851,1
-0.40036047,-3.362941,8
-5.7260036,-2.5263882,0
0.076034844,-2.2015634,3
-0.70389485,-1.0871027,3
-0.59141654,0.54310143,7
-0.5570739,0.8715019,2
0.021897525,-2.306651,3
1.2163147,0.5318002,6
-0.48481518,0.6365209,2
19.199568,-22.407745,1
0.9326633,1.2864425,6
25.480299,-17.5438,1
20.51681,-15.604767,1
-0.5227437,-1.9914784,3
2.5810022,1.4356072,7
2.173709,0.04615879,9
-6.2354727,-4.669636,0
-1.265514,-1.4007473,8
-6.6127176,-5.677041,0
0.18575683,-3.7700899,5
4.2481756,3.2204268,4
-8.846234,-5.2562256,0
1.3449469,3.4378068,2
0.52630985,-2.6034632,8
0.21106558,0.5233298,7
0.36354545,0.70356905,2
0.50769687,-2.2152557,9
-0.3687753,-2.201673,8
4.088401,4.4579988,4
-2.6625757,-1.262598,0
2.0113168,1.4775431,9
-1.6959527,-1.6481955,5
-1.6202414,-0.77533484,8
-0.32808587,-3.0716152,5
35.530277,-21.028057,1
0.06280178,-11.739747,2
32.21505,-22.32695,1
-0.42925823,-1.6889497,3
15.311648,-12.3834305,1
41.4739,-5.361573,7
1.0868274,1.2123269,4
0.5751717,2.8596396,5
2.073667,1.3453021,7
-0.57296515,0.7218941,2
-2.5625916,-2.4045691,0
-2.4907832,-2.5363674,9
-1.4823568,-2.9357805,8
0.773227,-2.376394,8
0.12665844,1.46806,6
-0.071094535,0.93998224,2
-2.7239244,-3.782061,5
2.5345025,6.6840363,4
47.46718,-32.778458,1
2.5317864,2.7505262,9
-1.6413354,-1.7019138,2
32.31043,-31.878677,1
0.60817647,-2.0675526,5
-0.42407295,-3.242609,8
46.262672,-28.06829,7
-2.6114888,-1.0847707,0
0.14706571,0.49049106,2
6.1793685,11.411414,4
2.9558558,2.6282406,4
-0.93725014,-2.712358,3
1.4423432,6.324897,6
-0.49182054,-3.0953708,8
3.7807627,-2.048044,8
-0.80376387,1.0049863,2
3.2701645,1.810398,4
-7.597153,-6.9181604,0
-1.4015718,-3.7215557,5
-2.1432846,-1.1669989,0
2.6700926,1.7384923,4
2.5176573,2.0630686,4
2.4016047,2.1053662,7
3.6576538,3.2600408,9
-1.079819,-2.906256,3
8.643255,0.13198543,4
38.695515,-29.639074,1
-1.6087742,-1.121315,5
3.7221098,2.8667407,9
0.65936124,0.085901156,7
-1.3515706,-2.6101542,3
0.42638734,-1.6634241,5
0.14892298,-1.966698,8
0.054446906,-2.3824553,8
-1.6889921,0.04747677,0
2.146233,1.8168291,5
-1.06792,-1.1647782,3
-2.1198604,-4.1431484,3
-1.6238235,-1.420054,6
1.6045276,6.9949083,6
-2.7635212,-1.4448786,0
38.707283,-32.86446,1
0.63864297,2.6641135,6
-4.7508316,-2.1123524,0
-1.1913319,-3.5539522,3
16.549074,6.698172,5
3.3509064,2.6342196,4
3.0301433,3.206894,4
48.05924,-25.205072,1
-0.7471655,0.6995118,2
3.1661787,4.0778413,9
20.602335,-20.453709,1
3.206666,3.9548612,4
1.307983,5.107822,6
4.693887,7.681676,9
3.684985,3.3579783,9
-0.41583568,-1.9816514,3
2.9697425,3.1141553,9
1.4840592,-3.1864533,8
3.4017086,2.8221264,4
0.61275536,0.6312389,4
-1.1662683,-1.8165841,3
40.57952,-31.827717,1
-0.18467459,-2.5523584,3
19.227,-17.121523,1
-2.2407627,-3.3391547,8
0.08860779,-1.2801492,8
12.420415,5.4059315,7
3.8663979,1.4565187,9
3.4046392,3.286928,4
1.4951987,-2.2623475,8
2.7410426,3.5510216,8
8.932338,-11.599665,7
2.9837627,4.3799486,9
3.2540216,2.0320811,7
59.243702,-42.644295,1
2.8044913,2.1238139,4
-0.31388718,-2.7982457,5
1.7204916,12.49917,6
-5.9199924,-3.1745872,0
-0.30515757,-3.113489,5
0.05561731,0.61469066,2
0.0016857246,0.6284787,2
1.1013632,4.3474684,2
45.093777,-28.300646,1
-2.1058555,-2.3280244,5
0.20506984,-3.135014,5
-0.33457017,0.75110495,2
3.509306,5.0619698,4
2.4590497,1.8913841,9
0.07856703,1.4464631,6
1.2949955,3.285853,2
30.522469,9.345007,7
16.007118,7.5037546,7
-2.3931448,2.0722919,2
-0.51087576,0.35794297,2
35.818947,-24.794918,1
17.373423,-13.881029,1
-2.662262,2.1141815,2
-0.014452815,-2.0612605,8
-1.2288557,-3.3784966,3
3.2018304,0.52002406,7
-0.086556114,0.3895784,2
2.6101975,3.9165235,4
42.96691,-32.04439,1
21.216372,4.859009,7
49.63414,-30.903215,1
14.971201,2.3258705,7
2.1091375,9.813136,6
2.1262975,2.0338075,7
0.6021852,-0.33414614,8
0.060197197,0.6848951,2
24.276737,7.24467,7
-1.0769892,-2.4291546,3
44.54262,-28.899181,1
33.483177,10.345652,7
0.39597625,-2.5606408,5
-0.16123891,-3.3147142,8
-0.34219214,0.6756075,2
0.6416213,3.9819212,6
-1.1226922,0.89303195,2
0.9326825,-19.290537,2
0.706599,-2.647467,5
0.8883791,5.4835615,6
0.26447615,-1.8321698,5
-7.6099772,-2.4968872,0
2.9878385,3.7464902,9
-0.8673792,0.68142855,2
4.5072117,6.293497,4
-1.3829236,-2.1163225,3
-0.07558584,-1.9818618,3
2.5090392,2.8099992,9
82.84723,4.087199,7
0.75938004,3.5761316,6
0.34005368,5.0952845,6
0.9572462,-2.8211973,8
-7.0174546,-2.9068785,0
3.396408,5.6661944,4
30.652843,-21.217068,1
-1.522629,-2.058297,5
-0.9536019,-3.5483608,8
-0.7378679,0.6830581,2
3.5954514,0.73276424,9
36.473404,-21.395426,1
-0.560472,-2.7404401,8
-4.8908997,-4.247522,0
0.28270972,2.5643413,6
22.581942,8.063844,7
0.02547379,0.580946,2
28.683426,-34.23027,1
-1.4408942,-0.31250453,0
0.83801234,-2.0901132,5
0.19752622,-2.1676974,5
-0.7773491,1.1947429,2
-9.996016,1.8814573,0
9.164592,-9.482474,2
0.33311766,1.7974069,2
-2.3382955,-1.5156398,0
0.05757128,0.339228,2
2.5463128,2.782823,4
2.0499253,2.2776275,9
-0.5137975,-3.4957592,8
-2.3730497,-1.0399404,0
3.424816,4.098215,9
3.956029,5.359688,9
6.3671675,9.977421,4
0.64363116,3.7028377,6
3.9727845,-1.9029068,5
5.830597,10.299831,4
4.696537,2.067047,9
47.445812,-33.509716,1
1.971434,-3.7020662,8
-0.49745968,-2.1092286,3
4.6829443,6.760348,4
-0.1561993,-2.834001,9
2.6050675,3.8339548,9
71.64529,-42.34842,1
2.6645813,-45.42386,2
0.17329279,0.66719806,2
-0.5501336,-2.2081077,8
38.461327,-26.487892,1
0.896184,-0.5657755,9
1.5533521,0.624117,6
-0.27349105,-2.2217617,4
-2.506268,-1.5602155,0
1.9038224,0.39839315,9
7.810466,-0.6239829,4
-0.50627506,-2.9025548,8
-0.6679211,-1.2746906,3
0.8282255,-2.3388598,8
-5.045736,-4.2246046,6
-3.7698421,-2.1983309,0
-0.01662201,0.539165,2
-1.0742587,-0.91808695,5
30.853497,-23.916592,1
2.9382474,4.3670783,9
0.64835215,11.749964,6
-0.3430273,0.75568104,2
3.3936784,2.1033678,9
2.1817107,2.4984486,4
-2.5156674,0.04926324,0
3.1784394,1.2061132,9
1.0185587,4.9342318,6
-10.546686,-7.4116573,0
0.43682897,4.7652054,6
-0.020796746,0.7998186,2
-0.024206877,-2.8567762,5
2.2110908,2.6949468,4
-1.1755134,0.8212658,2
-0.56603,-3.851385,3
-0.79706216,-3.4039578,8
16.568825,-12.061431,4
-3.229053,-3.4659123,5
0.010399312,-3.7070124,5
0.19954744,12.378532,0
0.20758078,1.3443774,3
4.052072,-2.9930558,8
0.52260745,-1.8593135,5
-0.8120021,-1.6182481,3
4.1841016,-1.3063159,5
2.236824,-1.7219188,8
0.4399634,1.8097621,6
-1.2359288,-0.7399514,5
7.5075254,2.5868556,7
0.23264995,1.8159908,6
-0.97392434,-2.6412687,3
-0.97725415,-2.6732903,3
3.1789494,4.9325867,9
0.85797644,3.52395,6
74.15709,-43.936172,1
50.23258,-37.65648,1
-0.51757455,1.0824375,2
2.9503787,3.1979275,9
-6.488019,-3.6887007,0
6.609539,13.610961,4
-1.7547468,-3.0423906,3
-1.0840218,-2.2687829,3
0.8177124,5.271805,6
3.309451,5.325763,9
0.37489,-2.7316937,5
3.3492048,2.596835,7
0.025117766,0.3197136,3
2.5720973,3.0802758,7
67.24648,23.034573,7
70.141525,14.745691,7
-1.5010378,-4.0709066,8
24.81251,-21.825377,7
3.6777022,5.863759,9
-0.2885777,-2.21395,8
-0.8969835,-1.6899798,3
-2.5926836,-1.9363427,0
1.977632,0.8375149,7
-0.76066697,0.70949376,2
7.6394053,1.4747185,7
4.4569426,2.0914426,9
4.668395,4.2960176,4
-1.9527245,-2.1620915,5
5.151559,2.8352547,4
1.8383306,2.9503183,9
-1.175703,-2.271533,3
3.9346104,-51.59001,2
21.282158,-15.066982,1
2.8829784,4.0552745,4
-4.507889,-2.0164175,0
0.036872342,0.6620005,2
-0.9129608,-1.3588173,3
77.74344,-1.4804816,7
-1.320786,-1.4385865,5
2.092425,1.9816144,7
-0.19659987,-3.0388775,8
1.6068357,-2.410223,8
-4.424606,-4.31577,5
-7.5016665,-4.3397837,0
0.5503267,1.853194,1
53.908253,-38.139324,1
5.133326,10.520705,4
2.90554,1.6055663,8
-1.1600047,-1.786711,3
4.7189827,1.2136092,9
-2.5443997,-0.7010021,0
-2.1023872,-0.37613344,0
-2.6082368,-1.6224804,0
1.4410737,5.1618166,6
0.2701912,2.9735606,6
-0.15022063,0.5619417,2
-0.69990075,-1.2986895,3
22.388916,13.922552,7
-0.28487355,-2.0764842,8
3.1528296,3.5021167,4
4.4405794,1.834617,7
17.13562,7.1659,7
3.9364166,6.273426,9
-0.090375155,0.61897063,2
3.1384459,1.5426576,4
63.041317,-39.035553,1
0.011262188,2.4427066,4
4.0404067,-1.3875766,5
0.19020607,0.6074711,2
3.345174,2.2961502,4
-1.0466044,-0.7908435,9
2.0796232,1.7229981,9
39.72652,-33.78449,1
1.1743661,-4.5661287,8
4.0945854,1.7574605,4
-2.7995982,-2.285334,0
0.6777197,2.2377522,9
2.0544276,-2.4845555,8
2.812933,4.2136264,4
-1.7632385,-2.5411444,8
25.502525,5.1007166,7
20.79863,5.7703085,7
-2.8098605,-1.5734549,0
3.753687,1.8996404,7
-0.7108202,-3.7192154,8
-0.12279746,-2.804358,8
5.8653345,15.917441,6
-3.810924,-0.86216784,0
2.5284262,2.51762,4
1.2674645,-2.288152,8
0.12692004,-2.1062365,8
-1.142549,0.73279524,2
4.795117,2.3976493,4
15.87849,4.7225738,7
0.8900274,3.9754138,6
0.85180825,3.5906196,6
0.24277967,2.2293954,6
4.1958084,0.38769555,4
8.790419,-1.5647724,7
36.350925,-28.568272,1
-0.29381305,-2.062075,8
0.90358746,-2.3080475,8
-0.8367423,0.7858319,2
-0.60365516,-0.99146414,3
0.07130802,2.8453054,6
-1.2871103,-2.219154,3
-9.821507,-4.765394,0
-2.866137,-0.7916231,0
-0.037111044,-1.3568918,3
2.2307537,0.9941777,7
0.6887708,2.5521085,6
4.0539384,2.5593262,9
8.216881,3.1737409,7
2.8692524,3.2842689,9
3.3439724,1.1506999,9
0.29360986,-2.8416092,5
3.2748294,3.5409727,4
-0.515856,-2.254758,3
-1.4782736,-1.1828094,3
0.58215994,2.8529058,6
75.08566,-38.10239,1
-0.04729964,0.49938124,2
-1.09421,-2.5274932,3
19.686588,9.075918,7
-0.21628952,-1.7671993,3
-0.7422663,-1.4234185,3
-0.7939724,4.5827017,2
-8.741886,-7.7506227,0
-1.1138735,-2.0955176,3
-0.7598955,-0.549144,3
-0.1662597,-3.6492267,8
2.8185825,1.2458739,4
-1.8175193,-3.493381,3
0.6062256,6.2334795,6
-1.3704298,-2.569433,3
1.135061,-2.9825473,5
-2.1683803,-1.654001,0
-0.11454507,0.67548484,2
-3.9637508,-3.208765,0
3.3273253,4.336205,9
-10.659664,-1.8596315,0
16.231962,5.3923187,7
2.6761394,4.335678,4
0.12865521,2.4220974,6
4.275118,7.559343,9
-0.76572764,-1.3644476,3
0.6314074,-2.2238126,5
50.556248,-39.33595,1
2.925958,2.6433158,9
0.15389246,3.1143694,6
32.09428,-25.00035,1
9.324324,1.0245309,4
0.9354608,-1.5958036,5
5.0459056,1.6698025,4
0.012044743,1.4833397,5
-2.1196218,0.17524195,0
0.16387188,-2.419957,5
3.3970928,4.772287,9
-0.3882166,-4.3303843,5
-0.68111557,0.8542721,2
34.542843,-25.837189,1
1.1642828,-19.024582,2
3.1289215,4.906912,9
18.957064,-22.137106,1
3.2305775,1.2569417,9
2.1624486,1.3390733,9
4.427309,3.2977285,4
-4.415898,-1.7106175,0
0.7492647,-2.48536,8
3.6160355,5.587023,4
-1.2257252,-1.0587168,5
0.31465203,0.53739274,2
4.195572,4.1154976,9
0.29749298,0.47907358,2
47.780884,-33.369564,1
0.16921738,-0.6418473,2
36.793888,-29.011732,1
6.2250166,0.90598,7
-0.57362175,-1.8658607,3
0.7958249,4.061225,6
-0.171987,-3.6293142,8
-0.40126386,-2.0911057,8
2.6216042,3.126934,4
3.4590793,3.393805,9
51.868538,-32.201073,1
2.6224277,2.3528352,9
-0.037362814,-2.1426003,8
0.8391535,-2.602929,5
7.2043114,7.7740474,7
1.1488882,-2.9016376,5
26.403341,-17.648228,1
59.428673,-37.216892,1
-0.52982306,0.37909016,8
0.0016568452,3.2821436,6
1.0841252,-3.0187573,5
-1.2921793,-1.3040009,2
0.19960445,-3.5860643,4
4.093694,1.2897061,4
35.75137,7.5603285,3
-0.8879081,0.7628434,2
-0.8532774,-1.9147983,3
0.6358094,-1.0894933,5
0.807688,4.789242,6
-0.6589948,-2.696629,8
0.5376463,-1.5226984,8
0.20104167,1.7535627,6
-0.27054635,0.48562413,2
-0.9774732,-1.3666956,3
30.373068,-13.505643,1
-8.197439,-5.535861,0
-1.0875506,-0.8507652,5
-0.17822957,-1.2881912,8
5.5366654,0.4161954,9
0.23739892,0.7097851,2
4.5011897,0.99825954,9
1.6961514,9.942449,6
23.305386,11.598465,7
-5.3995743,-3.9832287,0
2.1949158,1.8365293,4
-0.505927,-2.4133987,8
15.450894,3.2476554,7
41.722557,-31.577785,1
22.977095,7.4748096,7
4.1191955,4.58221,4
60.19235,-30.060755,1
-9.726455,-5.3723755,0
-0.5074892,-2.8895686,9
24.480787,6.8199286,7
-0.19483241,0.36656722,2
-6.425763,-2.8266144,0
-4.180867,-2.8624482,0
3.4289389,3.5474923,9
55.815933,-38.587845,1
13.630267,-11.438697,7
-2.8814015,-2.6814113,8
2.256337,3.5146468,7
0.54633415,-1.881613,8
2.7335055,9.356654,4
2.5939474,1.5474833,7
1.3058276,3.31952,2
-4.242081,-2.1548042,0
4.424326,6.3984485,4
0.32091373,1.8756125,6
-9.632212,-2.9346113,0
11.488164,-1.4317706,3
40.56564,-26.037743,1
18.537893,-14.780121,1
-0.7085919,-3.0092351,3
-1.4238515,-2.8404336,3
0.07829741,-2.7075825,9
1.7183444,12.648778,6
76.07407,23.929424,7
2.6323,2.472251,4
44.355198,-27.997234,1
-2.5020924,-4.5951037,5
-0.7987189,-1.6167004,3
-2.73273,-1.3273158,0
-0.88628054,-0.17321149,8
13.42212,-9.913539,7
-0.71615475,-1.4527802,3
3.7324014,2.7074766,9
1.1735386,4.4353075,6
3.6759229,1.5732017,9
-1.6578696,-3.023644,3
5.3437133,-2.2010965,5
-1.5658165,8.269456,0
3.270378,-43.732307,2
2.5215993,1.0103059,7
-0.38295698,-1.9960566,4
-1.4208586,-1.8302047,5
57.228516,-35.22938,1
-0.036756653,0.7973557,7
-1.0005159,-0.50799227,5
0.84819794,-2.1055515,8
-1.9930174,-0.9430809,0
-0.044547677,-4.2944016,8
5.552117,-2.4843326,8
30.675144,-19.004911,1
3.8100255,1.2025969,5
-2.66678,-2.632772,0
-0.09087646,-1.3027204,3
-3.2308383,-1.8612709,0
-1.0525382,-3.2688022,3
25.387894,-27.714157,1
2.799648,3.091312,4
-3.4514883,-0.7578726,0
0.09909387,0.46682864,3
23.377998,2.813911,7
1.251694,-10.816289,2
10.963085,17.966875,7
13.736369,-10.027161,1
-1.2413093,-0.7546413,8
-4.315771,-3.6123,0
8.091119,1.7951769,7
-4.8923235,-2.638092,0
2.9728117,4.219964,4
-0.84673005,-2.3937964,3
50.72871,-40.05757,1
2.9637167,4.573901,9
0.23288965,-3.6478963,8
27.58693,14.295555,7
23.554028,5.6663656,7
46.753555,-21.163565,1
3.6266322,0.92043877,4
4.536463,4.7923136,9
2.4982896,1.951297,9
-0.9885365,-2.2997699,3
19.114492,8.453511,2
44.759354,-33.706844,1
2.5306075,1.4620656,7
7.6610575,13.936189,9
-2.9901004,-0.73924065,0
-0.5704717,0.7449161,2
-7.1701813,-3.4904413,0
-1.4105107,-1.8799114,3
-0.7385845,-2.9206026,3
24.712093,7.945942,7
2.6656792,7.050646,6
8.154917,14.859633,9
-0.7849462,0.71257144,2
-1.2562506,-2.2612891,3
-0.669635,-2.0492365,3
35.174202,17.663185,7
2.0874648,1.1900473,7
-8.24077,-5.039687,0
-1.7343524,9.909288,0
1.938458,0.7672107,7
-3.8216493,-4.305971,5
-0.7600085,1.0416883,2
3.1616542,3.731018,9
0.116481364,-4.349685,8
25.705252,3.5489373,7
3.49298,5.0539966,4
3.7750854,2.595045,4
-0.14516754,0.4959207,2
0.6006298,3.5088842,6
-1.6808176,-0.70447826,6
18.790243,-23.261139,1
3.7451394,4.5534253,9
1.4056395,4.805365,6
0.6077083,-2.4256754,8
5.397434,-71.624374,2
2.0844963,1.7319503,9
-6.391754,-2.0029411,0
0.00872764,-2.769744,8
-1.761452,-2.224745,3
22.745302,-15.328994,1
45.65002,-35.64032,1
0.26096058,4.01671,6
-0.5710455,-0.4251157,3
0.08378175,-2.7280178,5
23.533665,-16.7258,1
70.72005,-42.97321,1
35.292664,-26.730505,1
-0.7796048,-1.3727661,3
8.611391,-10.409537,1
4.0112,-59.642384,2
-1.7982832,-3.4175518,3
-3.727755,-3.4127192,0
0.80857563,-28.362743,2
-1.1253796,0.9873041,0
32.865803,-23.72182,1
-0.8008129,-2.4046316,3
-0.3229373,-2.476488,5
-3.15692,-3.1594887,5
33.54688,2.8934827,7
7.400491,-0.11058569,4
2.240932,1.6101449,8
2.208141,1.6242678,9
0.48027268,2.2459602,6
4.5016365,4.3266344,9
1.6229502,9.673842,6
-0.26034224,-2.33212,8
-0.70878434,-2.9031074,3
1.9896841,5.654616,6
0.5933036,4.096861,6
3.7677557,-3.825247,8
-1.109498,-1.1706138,5
73.33367,-36.671333,1
2.718837,2.77424,4
-0.382071,0.9813286,2
3.3642926,2.1480622,4
2.7060108,0.33468866,4
-1.5780514,-2.0900724,5
45.307087,-31.99934,1
0.9564362,-0.15565693,1
2.4295623,2.9106987,9
-8.494635,-3.0681953,0
-0.1612991,0.4774039,2
3.523276,2.9575405,4
3.4320483,3.954648,9
-0.95341027,-2.934692,5
25.76082,14.520673,7
35.453648,-25.724087,1
0.87953234,-1.8956052,8
-0.88189,-2.4622047,8
0.40177715,-2.2935002,5
1.2135355,6.6817093,6
2.8168468,1.6652956,9
-0.8290246,-3.8902614,8
11.604273,10.73499,7
25.56855,-18.536041,1
28.309284,-35.468147,1
0.07294688,1.7435383,6
16.156357,7.921836,7
0.40229663,2.136563,6
-1.1691223,-2.5160756,3
-0.041359246,0.59244806,2
-0.3732378,0.77202797,2
-10.141422,-7.660824,0
-0.7187972,-2.8722806,8
2.700259,1.6034184,9
-1.7208219,2.0738928,2
-2.6212301,-4.199183,5
43.731205,-33.510403,1
-7.170637,-6.0920334,0
-0.60395795,-2.6114304,8
6.0892253,-8.89995,1
2.727162,1.9551284,9
-1.4891356,-1.7994685,5
3.916532,5.1293573,7
2.3095808,1.6100156,9
0.7109699,3.1047454,6
3.3689623,2.2396674,9
-2.4993591,-1.7317262,0
0.5551276,0.67918956,6
14.744526,-10.41924,1
-1.5387228,-1.679713,5
3.2068224,-1.3044055,5
3.2360115,-2.021793,8
-0.73558974,-1.448063,3
0.6876738,-2.7331483,8
0.22765064,-24.244091,2
0.09930294,1.8752718,6
0.02255848,-3.5514724,5
-1.231059,0.6893574,0
21.257608,6.9084682,7
2.4233413,1.9379201,4
0.81872046,8.722231,6
44.515614,-36.00876,1
-1.6066439,-3.226692,3
2.808587,4.6548934,4
30.8331,11.455387,7
-2.159086,-3.2537882,3
0.059183937,0.39897522,2
-0.4722589,-2.659254,3
2.6092107,1.8312914,4
0.25091234,4.683876,2
-1.441212,-1.9627211,5
-0.10793262,0.9098245,2
2.5627828,0.91353464,7
68.655975,-42.20452,1
24.34689,6.760573,7
0.014883611,0.6916161,2
0.4692422,2.2395124,6
2.2424088,5.8957605,4
70.66387,-43.077877,1
5.184975,-1.0638185,5
11.857111,-0.39506125,7
0.37903753,-2.54885,8
0.18758081,1.738959,6
-10.779025,-1.1323347,0
14.006437,-11.905328,1
1.1878688,-2.39918,8
-0.2538661,1.0133557,2
-1.6745076,-2.4365602,5
40.69436,1.4571466,7
40.173435,16.521288,7
0.60063887,2.8145483,6
0.3313414,-1.3834395,9
-0.7682768,-1.4456346,3
-0.4670735,-3.7738194,5
-0.06255163,0.47751886,8
3.5016217,3.5144632,4
-0.9489654,1.3764772,2
4.265565,5.0316296,4
-1.8112826,-0.7165377,0
0.3313174,-2.7804558,8
1.0164587,-1.7478497,8
-0.5061562,-2.3835137,3
3.3086839,3.9122653,4
2.6747966,2.1544795,9
-0.04545635,0.594665,2
78.4545,19.694,7
0.43014932,-2.7626483,5
1.7912827,-0.81690407,8
-1.8797724,-1.3380809,6
-1.7824035,-2.1119952,5
-0.011913672,3.1857264,6
-5.2470965,-1.2774773,0
-1.7237532,-2.4453454,8
0.59627676,3.4894595,6
29.621851,7.7149215,7
-0.7930597,-1.3126428,3
1.7880228,6.1030354,6
3.8567588,4.016136,4
3.339911,3.9231796,9
4.14989,2.2221484,4
2.424167,1.7470546,6
-1.0945325,-0.79340136,6
-0.7994948,-1.9230244,3
-4.639251,-2.1287699,2
3.0390558,2.0593948,4
54.98411,-32.1607,1
-1.5972786,15.153958,0
19.009289,-12.430575,1
0.616648,1.9289984,4
0.20731932,3.0865355,6
-0.30633947,0.68905115,2
4.251945,0.37147427,9
12.814917,-21.139347,1
39.04246,-27.13896,1
-7.500635,-4.914936,0
0.80428106,4.023881,6
-0.689658,-2.0881937,3
2.7535367,2.801999,9
0.13324916,-2.43515,5
0.52390456,2.677176,6
-0.066669464,-4.2347674,5
0.4495355,3.3032777,6
0.5984783,-1.7665336,5
-0.059281588,-2.1997747,8
3.4474072,6.492464,4
0.7431883,4.0708747,6
2.7510452,3.8376744,4
-0.4294038,-2.0564985,3
4.2436576,7.807618,9
79.35809,-39.83355,1
-0.62497246,-2.739873,3
3.1679983,2.1758013,4
69.56918,-38.185116,1
2.7609332,2.4472237,9
72.034294,-43.013138,1
-0.7816897,0.8545512,7
31.360723,-21.146214,1
27.055145,-14.892155,1
2.8901403,1.3969997,9
-1.2068626,-1.7925054,3
0.64555264,-2.738381,5
2.9300673,3.1619225,4
-5.3095055,-4.6013985,0
2.2314389,1.9878871,7
-0.7987501,-1.5725111,3
0.10871929,2.5185676,6
39.352745,-24.610538,1
23.414963,-2.2894187,7
-1.4405792,-1.3613019,5
0.34253937,-3.4891124,5
-1.3258048,-2.9016733,3
-0.89925367,-2.1104667,3
-4.900692,0.30200958,0
45.48596,-28.51239,1
-0.7031058,-0.3196354,5
25.981369,11.808533,7
-2.8839626,-3.9210372,5
0.1691513,-1.4306893,8
0.75325656,4.53518,6
-0.9741639,5.783196,5
36.919056,-24.020159,1
-3.3229408,-1.5383983,0
6.546922,-0.7467501,4
22.881306,4.5057163,2
-0.835472,-1.9155672,3
3.334166,2.25252,4
-0.40543255,3.829246,6
22.609814,17.188873,7
2.3258593,2.613822,9
0.7115538,-2.6825752,8
31.064707,-28.97172,1
5.424931,-1.0796053,8
2.700254,1.0966117,4
4.313197,0.1648972,9
-0.69707257,0.3500198,2
0.50705445,-1.6543294,8
0.8264537,13.815716,6
-0.6219784,0.518323,2
2.264718,1.2078513,7
-4.3364134,-2.692111,0
-2.2360702,-1.1377006,0
1.7737756,7.0443525,6
8.773029,-4.2126484,7
0.42442036,-2.8728952,5
0.08574958,-2.1350577,8
0.43849385,2.7241728,6
-1.8374895,-0.013695717,0
3.5159178,6.033193,9
-1.6261638,-2.9898767,3
2.5255456,1.354385,7
51.177162,-26.279022,1
-1.2967348,-3.5935783,3
-2.7201848,-2.7240472,5
5.4715366,1.8901715,4
-1.2822381,-2.7458916,3
-0.69958353,-2.2000382,3
-1.7970705,-1.7409952,5
5.0311017,-2.2111564,5
0.44496754,1.9530301,6
1.074851,-2.1201239,3
-2.0292845,-0.72078776,0
1.6788254,-36.55491,2
-1.0976393,-2.1611216,3
4.3437853,7.823861,4
3.1574955,-65.280685,2
-0.3302479,-2.1218789,3
-4.05735,-0.18819284,0
2.9840388,4.5413747,9
-0.111376256,-2.022358,9
1.4368241,0.8327266,4
34.075874,21.650928,7
0.09278499,0.5385321,2
6.991371,-8.279032,8
3.1172383,1.7159551,4
4.143626,2.1135814,7
-4.3594136,-2.2257814,0
0.51172465,3.205309,6
-4.9777145,-0.8828039,2
-0.083328545,-3.9080222,8
-1.7283567,-2.3410249,5
-0.2723159,0.56817883,2
1.2007873,-2.096576,8
0.8093827,-2.7124572,5
17.001165,10.514535,7
-2.0026467,-2.9793973,3
-4.870426,-0.3753357,0
-5.106436,-5.546921,8
0.7760061,-23.049644,2
2.067963,3.2291753,3
7.974167,-72.10542,2
0.26774526,-3.2637498,8
-0.15131366,0.6015671,2
-0.03530401,-1.7818936,5
-1.198055,-1.3556771,5
6.086059,5.9344883,7
0.14367285,2.640259,6
2.3352368,2.483193,4
-5.0710444,-2.5754738,6
2.2083864,-1.8681536,8
3.4175253,1.045679,4
0.58826494,-1.4438009,8
0.07580433,0.61628664,2
36.40787,-1.074517,7
4.457026,6.589257,4
0.11611855,-2.17603,5
-0.10343821,0.67329997,2
-5.9082203,-0.13306904,0
-1.0889245,-2.935108,3
-0.80985415,0.4971026,9
5.226607,2.5434055,4
0.979594,3.0853102,6
8.959039,3.1609647,7
0.18008876,0.7832755,2
5.0137167,-2.3794944,5
23.20203,-25.100473,6
58.68048,-28.014597,1
50.066658,-40.907654,1
3.6882172,-43.677124,2
-1.4152557,-2.4737492,3
2.248619,14.498298,6
12.505347,5.8411713,7
-0.4678973,-3.6393619,8
2.8906372,0.5205754,7
0.77513194,4.4229174,6
5.377857,18.616499,4
-0.18907796,-2.1214397,8
3.3997858,2.457421,9
2.8558583,3.861286,4
1.8903452,-3.0088422,8
0.69717723,3.540163,6
-1.538505,-2.836941,3
-0.10151194,-2.007689,8
-0.67575324,-0.35774267,3
24.462873,-19.661015,1
-5.28254,-1.5693474,0
0.5461445,3.6888506,6
-0.04147579,0.44506583,2
-0.1930907,0.6088122,2
0.5760658,-3.3518505,5
0.82206094,3.1526208,6
4.390671,4.531833,9
-2.407896,-2.476656,5
-0.38231722,-2.3317828,8
39.367523,-27.229717,1
5.4170547,4.0639296,4
45.272385,-21.214039,1
38.157097,3.9876635,7
-1.1364439,-3.1623054,8
3.172235,2.6349888,4
2.1184676,10.975683,6
61.985542,-34.94483,1
0.38674006,-2.5868123,8
4.353723,2.2327828,4
-1.0308573,-0.97845125,3
37.299202,-29.144482,1
-0.76479036,0.9511557,2
-1.3684769,-3.8210485,8
-7.309979,-1.00811,0
0.15733597,-2.1255443,8
-2.0945287,-2.5126824,5
3.3906274,5.337983,9
0.17440127,0.5667535,1
3.0996873,6.5879793,4
-0.23781493,0.89307386,2
-0.23998275,-2.4206412,0
-2.4962394,-1.118237,2
19.978071,4.9810677,7
-3.089639,-2.5219574,0
29.184341,-11.750567,9
-2.0035653,-0.8675468,0
3.578762,-79.33473,2
-1.6441361,-2.0157173,5
66.128784,-2.515955,7
0.11770915,3.4924185,6
52.203815,4.1034327,7
2.516196,1.8546097,9
7.2761803,-4.990685,4
0.0491881,0.45344436,2
-0.0007808949,0.5851506,6
-0.36806026,2.4909663,2
5.5075626,10.5520735,4
3.6277425,0.6051209,4
-0.38992244,-2.572033,8
-2.0972078,-0.78320694,0
4.7956076,1.3712025,4
2.6951385,2.379394,4
0.8000567,-2.7474308,5
-0.3513257,-1.7722665,8
-1.1082683,0.5501233,0
0.5785597,3.0527792,6
0.0425165,-2.8802936,8
4.1094265,2.206903,9
0.69664025,-2.4989328,8
-2.3894558,-3.149341,5
0.5311054,7.298873,6
3.2458038,4.0107465,9
-8.305339,-4.419345,0
2.7006016,1.9484193,4
0.43977407,-2.9881868,8
53.60946,16.331617,7
20.06813,-22.124132,1
-1.5537724,-1.8080726,3
4.2996335,1.7811124,4
-2.3613586,-2.7356615,5
0.47336155,-2.8705945,8
-2.5196843,-1.1407962,0
3.2272701,4.5594745,9
35.79364,-30.085543,1
-1.2463379,-4.2195477,3
-0.90486646,-1.7224469,3
0.65988,5.034764,6
3.6649983,1.6497577,9
0.23969403,-4.143052,8
23.108908,4.721589,7
23.09805,-29.632372,1
-4.746657,-2.3656912,0
-1.3053511,-3.5237226,5
14.1772,3.3624272,7
40.63672,-31.511887,1
38.48419,22.866016,7
7.9725075,-3.7598352,5
-0.15043917,0.40817368,2
22.15539,8.460373,7
3.1688042,1.4020813,9
40.214767,-29.841116,1
0.25937462,-1.5027442,8
-0.5238655,-3.5415554,5
-0.5517726,0.49747676,2
4.1705866,6.165644,4
3.2638104,0.23308706,9
3.827962,6.1185436,4
6.501548,1.7766597,7
-1.6622708,1.4933679,2
-0.80643255,0.95216155,2
-0.5943118,-2.130094,3
6.6057997,12.471542,4
2.7558665,4.1057816,9
7.67612,-7.1985893,1
3.7793598,6.081697,9
-0.50974834,0.7069368,2
13.902631,-13.151098,1
15.887443,3.7950137,7
4.6934776,7.8005548,9
2.737227,4.8548765,4
2.920908,2.29634,4
0.61283326,2.6593914,1
0.26172554,4.0965157,6
59.86168,10.77987,7
0.15363048,0.004017651,2
23.826553,3.893907,7
0.50322795,-2.474336,8
-4.1423035,-3.5017781,8
27.424234,-26.637438,1
3.1593761,2.3136365,9
25.31104,8.003296,7
56.54058,-34.12158,1
42.806126,-37.648533,1
32.615993,6.66932,7
-1.7828879,-2.514264,5
-1.4800842,-2.2797265,3
-0.7191126,-1.6597137,3
-0.9673255,-1.1117023,5
37.77788,-27.845514,1
-0.97015554,-2.6339357,3
35.645622,11.084682,7
-2.7592688,-2.1657162,6
57.817417,-34.39134,1
-1.8906816,-3.1224437,3
0.57614917,-2.5210345,8
2.4296434,1.0450436,7
-0.6456393,-3.6192875,5
-0.21999574,-4.0539446,9
0.3521691,13.840544,9
-5.8034115,-4.677289,0
-6.904376,-4.9376125,0
-0.034179535,0.4289537,2
-0.4201824,-2.230095,8
-0.7539031,-0.37382433,8
21.655958,4.927932,2
-1.63323,-4.359423,3
22.39803,5.0459566,7
22.059036,-18.727995,1
-0.83416414,-1.565505,3
-10.369244,-5.257946,0
-0.37665018,0.063528895,3
4.049282,1.137737,4
3.5540924,1.4224021,4
-1.0374875,-0.6620748,3
0.34558976,-1.952137,8
2.638291,2.3049183,9
-0.070095226,0.75084174,2
-0.34144157,-1.8169551,3
2.698988,4.29449,9
60.12304,-4.4683404,7
37.993996,-26.274637,1
44.006004,-29.1338,1
21.284126,12.574909,7
-3.6177793,-1.9913821,0
4.490463,10.772092,4
-0.2921273,-2.4279652,9
1.1260997,6.575996,6
-0.46312937,-2.993252,5
3.1828947,3.693874,9
32.86741,-22.052244,1
0.5697078,1.7959883,7
-0.28765213,-2.7061522,0
0.14304653,-7.8307357,2
-5.7567105,-1.2003307,0
-3.4298248,2.0550394,0
4.1338553,4.199005,4
1.394704,5.2002993,6
32.823616,11.389679,7
-2.5126638,-1.0533442,0
35.017345,-3.667302,7
46.76009,-29.960924,1
4.5970125,1.9085184,4
2.4982574,13.518444,6
5.289769,8.601464,4
-0.00868845,-2.4786866,5
5.9943705,5.3146114,4
3.7453737,5.967077,9
3.2723832,5.135555,9
41.274082,-32.15071,1
28.111942,14.853935,7
3.0679207,1.8677936,9
0.29371968,-3.5176544,5
-0.98225087,-1.745364,3
-0.37761417,-1.7250816,3
0.8503542,-2.8983421,8
-0.58361584,0.99170566,2
-3.2130203,-1.3625507,3
1.5190086,5.415873,6
-0.193025,0.8157475,2
-0.22853827,-17.943886,2
8.303211,-5.5929976,1
72.730125,-40.204792,1
39.25994,-31.749916,1
0.32601768,1.2939106,1
52.633926,-40.151108,1
1.3678099,5.1353135,6
3.9903722,-0.265934,9
1.2028217,-1.3435936,8
5.151761,3.2832675,4
-0.85994536,-1.9013754,3
53.228325,7.123669,7
25.546614,-18.388979,1
0.49640957,2.0670674,6
2.817979,2.9869819,4
-2.07739,-3.109356,5
-6.7290306,-5.923335,0
5.584532,7.904135,4
20.475113,9.765243,7
3.8964262,2.0104456,4
2.5244598,-38.711906,2
4.1249614,6.8535357,4
-4.0047693,0.19227076,0
40.62271,-4.603899,7
-5.9157147,-6.7243547,0
30.712103,-21.442139,1
-2.721816,-2.9860282,9
2.9277952,1.6624078,8
-0.5432181,0.3887465,8
0.51427644,3.3060966,6
-2.5933475,-1.700418,0
-7.7682695,1.7070832,0
2.3626492,1.8902286,4
29.824087,-14.610052,9
0.25518757,2.3488448,6
-0.5097091,-3.5023866,8
1.7640381,-76.16783,2
-0.7035848,0.9507792,2
-1.0823354,-2.316905,3
-2.0477283,-2.7580476,8
2.3099155,4.7751255,4
-1.6391084,-0.3615904,8
-2.3484862,1.9705075,2
4.226713,-56.14583,2
30.908394,-17.598167,1
35.760185,11.833243,7
-4.479427,-5.594699,5
4.574767,3.1415076,4
3.2666652,3.3017802,4
-3.1341662,-2.1162825,0
1.2387092,3.8448825,4
-1.3847387,-2.3250632,3
6.385809,-2.7133765,9
27.98484,13.310892,7
-1.4190762,-4.697672,3
21.341194,-20.362856,1
-2.3755994,-1.556814,0
55.791878,-40.653362,1
-0.2090327,0.50993645,2
-3.6841521,-4.0470986,5
2.4315906,0.15324497,9
-0.303603,1.0613406,2
37.12868,-25.462803,1
-5.874673,-1.0031939,0
36.15998,-33.685215,1
0.26924,-1.6569949,8
4.9285245,5.3268585,9
50.827263,-27.680912,1
3.565879,1.6380622,6
0.14321098,-3.5705142,8
-0.7252545,-1.1217374,3
-0.68282115,-3.1936257,8
2.832649,2.23284,9
-0.89095306,-2.651744,3
0.38071126,3.2526612,6
1.515275,-21.165424,2
-0.33362636,-2.0691175,8
-0.25484747,0.17721355,3
-0.16179591,-20.767616,2
0.107796624,0.31884354,2
41.558582,-24.631575,1
-6.9167967,-4.2165546,0
8.120377,16.235472,4
0.020053685,0.26104373,2
2.5427365,1.5520859,9
-0.052148037,0.6933001,2
5.4980474,5.137418,4
-0.4984914,-1.9912958,3
42.05817,6.605419,7
3.0990329,2.452778,9
45.795845,-29.954805,1
0.6360322,-2.6757998,5
-0.007121604,0.7026621,2
2.9050186,1.3476442,4
3.3475547,2.426148,9
-1.2243103,-1.2537524,0
-1.2069595,-1.5692406,3
0.664307,-2.8428586,8
-2.5994663,-3.108317,5
-0.06164658,-1.317986,3
-1.8936615,-2.6222868,6
-4.696192,0.11472559,0
2.3905091,1.4989127,9
4.468078,0.73743176,4
0.6350601,3.730257,6
0.27973115,0.4187056,2
0.11445141,-3.1693263,5
-1.9580402,-1.1147337,0
-4.946054,-0.5919757,2
10.744524,2.558446,7
4.1423016,6.2717743,4
0.9950784,4.995993,6
1.0263112,4.19521,6
0.29755187,-2.320703,8
1.2562679,4.792861,6
0.6189324,3.5481377,6
0.05893275,-4.3619666,8
1.1065189,4.370002,6
3.0179243,0.94478416,9
27.024063,-16.014238,1
13.341147,1.2462063,7
6.915264,-75.02278,2
-4.704563,-5.0006294,5
4.6198745,2.6029987,9
-0.20151287,-3.639678,9
-4.6046896,-2.3228636,0
22.648636,-1.1841741,7
0.14545198,0.5877842,2
16.689112,6.1238422,7
0.7451678,3.390131,6
21.223597,5.33323,7
-6.6879416,-5.303424,0
0.93164015,4.6983137,6
5.5445547,-2.1730247,5
0.6646869,2.8881874,2
5.7589417,10.099979,4
20.70663,2.4246407,7
-0.30257297,0.50352615,2
-5.386957,0.57150173,0
2.7588873,2.667402,9
3.4180944,3.8379316,9
-0.83014005,0.90602213,2
0.33304417,0.5999029,2
4.5815263,2.210279,9
4.0685687,5.8671875,4
3.5346186,4.7372956,4
0.1888986,0.59699774,2
-0.8892255,-0.6986108,3
-1.7497265,-4.0040026,3
-0.63602626,0.80752474,2
56.513084,-27.66639,1
35.00159,18.406376,7
-3.3273726,-1.7434945,0
19.506168,-2.0123844,7
0.8371446,3.309888,6
4.04928,1.8872895,4
41.8491,-45.28436,1
-0.99961334,-2.1003108,3
-0.26550436,-3.1610608,8
4.645797,-0.62032485,7
2.4456127,2.9645603,4
-2.0550327,-1.242981,5
4.2722197,3.9804251,9
-0.35096496,0.70500237,2
-1.9047469,-1.6945162,5
36.96451,-27.726196,1
-0.42051017,-1.9672296,8
70.687904,12.0871,7
-0.67715085,-2.4599385,3
16.45758,8.221372,7
25.966192,-20.524014,1
0.6023431,-1.4965541,5
-1.8150074,-2.1064558,5
-2.7221954,-1.3894196,0
2.8420472,2.5339181,9
21.484335,-16.839285,1
3.0253024,2.2877479,4
-6.283123,-2.7585773,0
2.8482301,-1.4263532,6
-0.41971853,-1.7743027,3
-1.8001039,-2.6825507,3
1.518085,12.8727865,6
-6.7765207,-1.3798628,0
3.0983315,1.6673657,4
4.3612137,2.763409,9
6.7098007,1.4749862,7
-5.513095,-6.5338264,5
39.98638,-26.918491,1
0.37317872,8.393057,6
2.9375424,-2.6641853,8
3.0931103,1.5944932,9
-0.3383718,-2.542458,5
0.80834544,-2.771293,5
2.680328,1.3622864,7
4.079484,1.4101257,9
-0.072816744,-1.8391542,3
-0.07569058,-2.3293984,8
-0.49746782,-2.2628505,3
-0.42296758,-2.4057999,8
35.52549,-27.130415,1
7.867358,-3.6182804,5
-0.9324554,-1.4190118,3
-0.5691519,-4.167803,5
-2.3115752,-1.1296577,0
-0.86735964,-0.9086255,5
-1.1158936,-1.6700749,5
0.9714621,3.7487562,3
1.7407037,-2.461469,8
-0.18348557,2.3164568,6
10.412381,2.893856,7
16.52686,-2.655024,7
22.58387,12.659072,7
-0.18106759,-1.576032,3
25.645645,7.679966,7
-6.716925,-7.0109377,0
-1.8232706,-2.0045109,5
3.504156,2.4078743,9
-1.3706553,-1.1742349,0
-1.0172595,0.5313974,2
0.7140393,-1.0088558,5
-0.5107932,-3.1951528,5
-0.91915965,-3.0606487,3
35.174656,-24.62725,1
11.529831,3.3510947,7
5.9995832,-2.537926,7
0.8347887,-2.539448,8
0.45485014,2.6422465,6
5.063092,-1.9304261,5
3.1523118,0.4687561,9
-0.8601779,-2.7723234,3
0.8151711,-2.9076562,8
3.7768168,3.3852916,9
-0.923262,-0.89949036,5
-1.3653245,-3.1522272,3
31.221035,26.890268,7
0.40036583,-0.96298206,9
23.520458,-16.79037,1
17.616594,4.263876,7
-4.6606936,-0.8751869,0
-4.7974625,-2.0461698,0
-1.3012654,-1.9790256,3
42.60794,19.88319,7
-0.21795404,0.5677487,2
-0.6561469,-3.216814,5
-0.4901383,0.39607555,8
52.086132,-36.41287,1
-0.13519737,-3.1499064,8
0.5183845,3.8425074,6
0.0019355714,0.56902117,2
3.3995242,2.0360198,9
-1.5110433,-2.0991766,5
32.61874,15.726117,7
-1.4332731,-1.2626398,5
3.906101,-5.0551634,7
5.2557964,-3.532281,8
1.7383976,5.7311525,6
4.7667828,-45.07988,2
2.5470705,-0.9290166,5
71.770004,-36.343548,1
3.9760203,5.9916105,4
0.46033376,-2.1799705,8
4.567937,1.5551997,4
-1.4757518,-2.0919638,5
0.9025414,-1.7876966,8
-0.7983814,-0.98181653,3
-2.7049737,-0.72985363,0
-0.0798804,2.436597,6
-0.95636165,1.1470046,2
1.8981719,0.9281478,7
-0.56576306,-1.8393095,3
-0.5892022,-2.5103798,3
0.12708955,0.587054,2
43.64494,-30.76607,1
-6.3377147,-3.6065617,0
5.99733,1.4547803,7
-0.5602553,-2.3658974,3
4.889757,7.015611,4
0.8066298,3.9538977,0
-1.2008984,-3.2899108,3
3.8823001,1.2418277,9
-0.8841751,-1.7828062,3
1.2816395,3.2422018,2
-2.8690217,-3.4106326,8
5.4546995,9.579732,9
-9.975211,-5.594202,0
-0.979804,-1.6908023,3
1.1353405,-2.2103746,8
-8.852686,-6.2668304,0
20.388643,7.8124886,7
0.34122542,3.4416704,6
0.37130177,-1.790594,5
3.2570415,3.1120954,4
8.613477,2.2626593,7
-0.4572929,-0.8637595,3
-1.5919871,-0.7023232,9
-6.772644,0.9014487,0
0.7509592,-2.2946198,8
0.22306295,2.2885892,6
0.1508916,0.59118754,2
0.67053473,-2.9794075,5
17.256048,-8.885743,6
31.119545,-29.588955,1
-4.0480275,-3.3656173,0
-4.5091305,-2.3660436,0
2.2900324,1.5938789,4
4.1714506,0.28141427,4
-3.0401473,-2.2897358,0
37.98411,-30.600166,1
-1.0697732,1.0441089,2
-1.4297434,-3.953004,3
-0.32193857,0.93985474,2
1.7466962,0.9843477,7
20.813856,5.6131124,7
0.6200431,-2.7779653,8
-4.466491,-4.1880364,5
-0.22390908,0.691226,2
-2.9105482,-3.705524,5
55.63601,-3.7759147,7
0.7083861,4.078802,6
1.9138482,3.0426474,9
69.40202,-40.110153,1
3.6340318,4.3800564,4
38.03588,-33.622803,1
-0.023577183,2.2080476,6
2.3709288,2.4718623,4
-0.37553096,1.0259838,2
4.3632927,4.73544,4
0.051912643,-0.3375595,3
4.090036,-1.7879574,5
3.6622646,3.1411393,4
-2.1116147,-2.4793496,3
-0.14935768,-2.25395,9
-0.9902968,-4.3098364,5
-6.009655,-3.405284,0
59.76128,-37.29073,1
-1.1766658,-1.3366153,5
-0.14311713,-2.0314224,3
-0.14603174,-2.4287179,8
2.5347552,2.5099826,9
19.941982,-15.271424,1
2.430676,2.3922029,9
14.465103,16.447113,7
3.369163,3.8692498,9
-0.019159913,-3.593741,5
0.31096375,-1.8716475,5
-0.16832805,0.66115105,2
5.684253,4.0640125,7
3.588319,2.6029716,4
1.2357956,10.418883,6
-8.314947,-5.7479773,0
58.80278,-37.388535,1
-0.13502431,-1.5291069,1
53.13729,-33.535713,1
-4.194847,-1.2817197,0
1.3350216,2.6587086,4
2.3439245,2.7128544,4
11.587467,5.7728496,7
1.3264757,11.441919,6
-0.9016774,-1.6933659,3
2.189887,-2.5310817,0
-7.645507,-2.697875,0
2.9976447,1.5647761,4
-0.9623893,-1.7445421,3
-3.746531,-1.913907,0
0.28198326,4.0624843,6
18.867697,-17.554033,1
2.913342,1.6330086,9
1.0308646,3.6932378,6
71.832924,-37.08265,1
-1.448319,-3.3448634,3
-0.05604565,-2.2848442,8
24.420786,-22.060385,1
-0.89851093,0.5203856,2
-1.5840154,-1.5436666,5
0.5631366,13.684252,6
-0.30785543,0.7366495,2
3.1841917,-0.411489,7
-0.7418007,-1.0964429,3
0.53758335,2.4727583,6
-1.9823159,-0.37120032,0
11.556631,-10.346942,1
3.0758586,2.3852992,9
36.65624,-5.4496565,7
0.59534675,4.26052,6
1.196914,6.1249375,6
0.33377746,-1.902548,8
3.229875,-0.024775028,9
-0.6222729,0.55570626,2
1.9192774,3.5532632,9
1.966476,0.92347074,5
1.0566437,-2.8366804,8
-0.9290589,-2.5539777,3
26.575823,-28.870031,1
-5.957864,-3.299467,0
-2.1838312,-1.9564185,0
43.372032,31.994678,7
0.7355318,-1.8954082,6
-0.14689037,3.0944393,6
-1.3681419,1.310372,2
19.084938,-30.969757,1
0.640252,8.361918,6
2.864056,1.9031372,9
-1.5124799,-2.8684201,3
56.522266,-35.414715,1
-2.9223824,-4.3891554,8
0.8022802,3.8309689,6
4.549533,-0.80669904,9
-3.0278978,-1.3082714,0
0.82862055,3.3778105,6
-2.6454551,-1.6419048,0
-2.3604007,-0.912941,0
-4.6127005,-1.1423221,0
1.2967017,4.360892,6
0.03877181,-9.218667,3
0.32296014,-3.3301003,5
3.691588,1.528043,9
1.138061,3.7926197,3
2.030408,1.4104002,4
7.8420076,-2.9259381,5
0.10454512,-3.785206,5
0.16403043,-3.5020592,8
-0.07649821,-3.3402085,5
-0.31884202,-2.368106,3
-2.8500767,-0.76315784,0
-0.43392825,2.0103688,4
-8.754311,-7.1196346,0
-2.3165607,-1.9221861,2
3.5868356,3.9107008,9
0.48136407,4.026679,6
0.55512595,-1.7360841,8
-0.26520315,0.52990305,2
-0.74395967,-1.7304755,3
52.524532,-37.64686,1
-0.62349546,0.9074428,2
38.067097,-29.741568,1
18.625162,-24.678352,1
0.83206546,-3.1339805,5
0.27267537,5.1079326,6
2.8909621,3.0034282,9
1.6136328,-2.0756712,8
-2.1222816,-1.7264357,0
1.0066876,4.753548,6
0.5939189,2.5374823,6
0.2286681,-3.6024933,5
0.64196825,-2.6096115,5
-0.9602965,-1.3704154,3
0.86689657,-3.253598,8
0.61992097,12.151263,6
-4.597063,-1.7226171,2
51.26789,-31.012524,1
3.1864262,2.3159845,4
0.774969,-3.7717092,5
3.1087017,2.7884154,4
-0.7758391,-3.652407,3
6.9770675,3.4306145,7
-0.25066987,-2.6410136,8
-1.865299,-1.5019529,5
-1.0701476,16.137238,0
2.7430937,2.8646762,9
-1.3886575,-2.5137405,3
-2.3231227,-2.6298995,5
89.64938,-41.162846,1
28.995409,-27.476652,1
-4.7735643,-0.72800064,0
7.7612047,0.4942541,4
4.112357,1.9552587,4
2.6476233,1.5916103,7
-2.6642015,-1.1985302,0
44.480167,-27.552181,1
2.0663426,1.1819323,7
-2.4975486,-1.4101124,0
56.284496,-27.87455,1
1.6054299,10.799205,6
32.339428,-22.149023,1
4.812784,1.871804,4
-0.1261732,-2.9474683,5
2.198933,10.309006,6
0.09652877,3.923152,6
-0.8842182,-0.6843841,5
48.770767,31.797483,7
-2.4069016,-3.0048451,8
2.7142925,2.1699395,4
1.9553152,1.5196867,4
38.681465,6.8436136,7
0.6494703,-44.00889,2
-0.7624873,-3.5793626,5
-0.5266546,-1.6633941,3
2.3585324,1.5849271,7
-8.048708,-6.21587,0
60.800465,-1.5170903,7
16.691235,5.03722,7
5.075627,3.4500566,9
0.907879,3.7589254,6
3.0794597,2.2423239,4
-0.7476062,0.3957119,2
1.0566396,-2.6976726,8
-1.3148435,-0.49538898,5
24.769253,15.255409,7
-0.19464107,-1.8321341,8
-0.20753755,-2.1143503,3
4.485837,0.6540234,9
4.8769517,-2.0452356,5
0.16849858,-1.9452684,8
4.109915,3.897162,9
2.5506616,4.242048,9
0.05073157,-2.1653051,8
0.4142744,3.4737003,6
0.2709061,0.58899397,2
7.5357013,-5.716499,8
2.1587381,1.3961835,9
-0.602473,0.8109832,2
-0.8965641,-2.490755,3
0.9434794,3.1551156,6
39.928963,-28.554338,1
54.21992,-34.507168,1
3.3693213,-2.7221441,8
3.4625907,3.4107652,9
-0.74979323,-0.8082397,3
-0.026987791,-3.7526162,4
-3.8261087,-1.8413534,0
26.208824,6.2488937,7
3.2574873,1.2493097,9
0.64200646,4.70849,6
1.7606908,2.2325506,4
41.837032,-27.94333,1
5.428359,0.20583248,4
34.150433,-26.568348,1
-1.6840887,-2.672564,3
3.5399375,6.092502,4
5.27736,1.921128,9
-0.8410658,-1.1589742,3
38.709095,-34.45916,1
2.876891,2.3013263,4
24.456064,5.8905735,7
7.180197,0.94566345,7
4.746809,8.106859,4
23.640518,5.310005,7
-0.60312104,0.7764194,2
4.6527367,5.2351303,9
-1.7826486,-3.2165074,3
-5.8124676,-5.925728,0
0.46835458,-2.7470803,8
-3.0127573,-3.718452,8
2.2337706,-2.2824934,8
2.960587,2.0393183,4
-3.645637,-2.5679789,0
2.5685663,5.826916,4
1.2131982,1.2374458,4
67.70649,-31.235508,1
-1.8649669,-2.2304196,5
-0.78630865,0.7338978,2
-0.5814184,-2.6268466,8
-1.9267936,-2.4748697,3
2.9212236,4.009535,4
3.746027,6.000492,9
-0.779431,-0.63979506,5
-0.4795717,0.27231613,2
2.6003122,-1.8562698,8
34.297062,-24.132925,1
-1.6297767,-1.5621467,5
-0.15345104,-1.7902879,3
1.5304514,1.4068103,7
2.2124362,1.4507186,9
0.6606643,2.7946863,4
-0.93323636,0.891664,2
2.3568068,3.8382683,5
1.4790198,4.8336887,6
-0.28838915,0.3027706,3
0.07676211,-2.467045,5
2.4486113,1.4263805,9
-1.0913422,-3.0411992,3
8.43054,-3.256813,5
2.8958893,2.4343665,9
0.39795992,0.82053506,3
24.519966,-21.326525,1
7.0558963,12.398519,9
7.0381804,-8.100171,5
-0.15440427,-1.6145529,3
0.2701515,13.841273,0
-0.49050534,1.1041398,6
2.856201,4.020462,9
0.65429085,-2.94335,8
5.180031,7.6571393,4
-1.895118,-0.08163929,0
4.82954,0.32613087,4
3.9417074,4.686513,9
-0.27006853,0.5512728,2
3.7692118,3.2394462,9
-3.03333,-2.109004,0
38.553356,-26.236393,1
-1.8149829,-1.2617791,0
2.177726,0.40722334,3
13.361248,-20.832874,1
0.51833946,2.632615,6
-0.53826547,-3.60261,5
2.5851798,-0.83722115,8
31.449955,-22.969889,1
-1.2301774,-1.0921388,5
-1.2175355,-1.5228355,3
0.015799388,-2.0259237,3
-2.8532495,0.67550063,0
-0.9889979,-0.5994866,3
-0.3342628,-2.4804454,5
10.2522545,-4.65008,5
3.214492,1.645127,9
0.44116783,0.9673878,2
0.27012303,-2.2448168,8
1.8568664,1.3756143,7
-2.6380227,-1.3745317,0
9.077315,15.275248,4
2.6888788,2.1644173,9
26.768654,-19.532936,1
2.9751654,2.7449958,9
18.136015,5.8446474,7
27.608501,7.1867223,7
11.439945,-4.336578,5
-3.2995436,-3.7777243,5
-0.08525548,0.71533304,2
-5.225502,0.7163625,0
4.053272,3.9128976,9
31.409662,-26.024334,1
2.020446,-2.8140755,8
-2.3422804,-1.8442693,6
0.022621013,0.62297875,2
-0.59096205,-1.069113,3
2.8864431,1.4787109,9
1.6071055,6.0910373,6
-1.30005,1.2011857,2
46.9963,-32.426083,1
3.254842,3.514895,9
24.341236,-16.47343,1
-0.7108647,-1.7175205,3
0.23426545,2.3751583,5
0.27956688,-1.8959635,5
-2.9369113,-2.2942648,0
0.5194025,-0.4140935,3
0.46772853,-3.7577069,8
-0.6233772,-2.223224,3
-0.46790364,-0.66896427,3
22.418076,3.5800378,7
1.1259383,3.5592446,6
-0.011755064,-2.0970912,6
-8.311223,-7.1299067,0
34.529297,-23.560951,1
2.6974132,3.2611103,4
-3.3771706,-2.6647344,0
0.6727121,2.6342053,6
3.6117911,1.9495039,9
0.08496259,-1.8859484,8
41.66016,-24.233252,1
-0.065851085,0.8896842,2
17.091764,-11.278788,9
3.063892,3.1751027,9
1.6141359,-2.413161,5
3.2676253,2.3987901,9
21.30485,2.1447144,7
-0.8590683,-2.6185715,3
30.689247,30.336031,7
3.6189778,0.21440572,8
-8.427746,-4.7704735,0
45.841053,-32.06814,1
-0.7409671,-2.5966568,3
-9.422715,-7.5236807,0
3.3430812,1.8009384,4
-0.17973824,2.5148492,6
43.883213,-38.19607,1
-5.763855,-5.353339,0
0.005072981,-2.4870248,2
-0.05264765,-2.898397,5
-0.35657024,-2.920826,8
4.783162,9.928055,4
3.7004302,4.236765,4
26.921432,-30.876274,1
48.93615,-39.70987,1
3.985219,-1.8581725,5
3.4828813,2.0362842,4
1.963052,1.0658773,6
2.0984945,13.00662,6
-3.3689613,-1.0732331,0
-3.0077534,-1.6417782,6
3.652095,2.9455585,9
-1.1256102,1.503605,2
0.5396748,3.924159,6
-0.6739402,0.97944707,2
5.975866,3.9808424,7
40.59213,-24.29783,1
21.695452,4.5522656,7
2.4500194,2.270199,9
5.25318,1.3670712,4
-4.145449,-2.9603944,0
-5.25574,-3.4967546,0
-1.4952947,-3.294006,3
-0.64011896,-2.8607883,8
0.15790522,0.7744439,2
-0.8882965,0.81127524,2
-0.38048035,-0.49440897,3
42.696037,-31.69772,1
-0.20494188,2.0714302,6
-3.667128,-1.8996544,0
0.009157062,-3.0607452,5
32.382008,6.1935215,7
14.223228,-0.14643739,7
4.0594673,5.2778926,9
-0.49377874,1.0251778,2
1.5968685,6.1684284,6
2.2003016,0.9986656,7
7.508102,1.2478132,9
5.3198986,0.97029936,7
-0.0025164485,-1.9138407,8
0.38310683,2.49361,6
0.16341159,-1.7544177,8
0.08115244,-1.8173497,8
4.3129997,1.6172867,4
1.4421896,6.149455,6
2.0743732,-1.7879084,8
7.527067,19.252531,4
36.714607,-24.062382,1
-0.85495615,1.1805928,2
1.1027462,-2.0601592,8
-0.21516187,0.729074,1
-0.66430956,-2.0388756,3
3.8707354,4.815692,9
4.5469503,3.1316178,4
-3.9290981,-2.4543238,0
-0.4120104,-2.3106718,3
34.226566,8.251441,7
-0.66819143,-2.0464282,3
-0.78811294,0.56759506,2
-0.7660395,-0.82050014,3
-2.0457032,-4.013546,3
16.626503,4.675255,7
-0.88418436,-2.917269,3
2.9747958,1.511192,4
-2.7754512,-1.2167578,0
0.75025755,3.9082932,6
0.20046347,0.7279873,2
-2.7182875,-1.8985686,0
0.15845025,-2.4471538,8
19.136538,-18.876356,1
-1.7897477,-2.2282798,5
-0.8390847,-1.4432187,3
0.87420404,-2.6596477,5
8.019316,-1.1397796,4
27.122427,-28.80265,1
11.830105,3.9288158,7
23.151596,-31.22536,1
-1.1854912,-4.1368833,5
54.571358,7.505081,7
-0.6131483,-0.34335423,5
2.4102316,2.2695756,7
-0.6170231,-2.0476635,3
-0.53985566,0.974313,2
-1.178859,-1.5644491,2
25.247625,7.588205,7
-0.5779241,-2.692487,3
1.6606114,1.6074173,7
-1.5510477,-1.7201402,3
48.297306,1.5540395,7
-0.5268463,-3.2582414,8
1.7401214,-1.79791,5
1.436018,3.9427063,4
6.3814793,-2.8237276,5
-0.2537598,0.639095,2
3.2585318,0.5583204,5
0.8957989,4.0499372,6
0.1538701,-3.7201056,5
-0.29324523,0.5583269,3
1.3431299,5.854432,6
13.752804,13.578272,7
2.5541394,2.0801718,4
54.32472,-25.557522,1
27.8415,1.5112953,7
40.25495,-29.842999,1
0.77805257,-1.7668154,5
-0.6449084,-29.870926,2
-0.8372567,-1.9164255,3
-1.9254696,-0.92238665,6
-0.9367337,-1.7386491,3
0.80223346,-0.08757901,1
7.676827,-0.46815872,4
-0.4543457,0.7918847,2
0.94707316,3.5464115,6
12.05955,-8.418319,7
4.4199243,3.187932,4
-1.7913527,-2.0163844,3
-1.0336246,-0.53342986,8
-2.0725653,-0.32546854,0
0.34186953,3.071405,6
-0.7231499,0.79728806,2
53.272453,-28.990421,1
2.3845134,13.995831,6
2.207417,3.8289545,5
-0.051560983,-1.8823109,3
3.157731,5.3928485,9
47.12593,-38.351864,1
2.8901408,2.9843998,9
-0.09609008,-2.413182,3
2.2927933,-26.128002,2
39.054234,-25.016329,1
-1.4440444,-1.8165064,8
3.018113,2.9001415,4
3.6040149,2.1021492,4
0.30373847,2.9709902,6
-4.5340166,-5.538082,5
-0.06581634,-2.2136912,8
0.32343227,2.1915958,6
2.994615,2.3691363,9
29.700495,5.7936654,7
21.724365,7.6429725,7
0.5230427,-2.055648,8
0.61095095,4.558346,6
3.1978998,3.0632477,9
17.780125,-2.3896687,7
0.14826734,0.21801616,3
3.307062,3.791265,9
4.7763066,2.679534,4
-8.903379,-8.637213,0
-0.28357673,-2.7401545,5
4.6093235,7.018477,4
1.0958142,3.6625373,6
5.331582,6.6396837,4
49.70088,-26.203266,1
0.068017945,0.5332639,2
-0.52957135,-1.6759679,3
-5.9974833,-5.0300627,0
-7.0675254,-3.9590206,0
-1.5794678,-61.29115,2
2.1279066,9.719078,6
1.9959927,12.794923,6
-1.3525472,-0.8393998,5
19.322777,8.79078,7
-2.093336,-1.4085202,0
0.25145495,-2.0590954,8
0.50591266,3.70975,6
4.307685,1.9950916,4
23.050524,4.1859984,7
2.4935281,3.942085,9
-1.6115417,-0.69514346,0
10.6406355,6.4603667,7
-0.38603598,0.21614483,3
4.5262065,-0.015593052,4
-0.064155936,-8.673085,2
18.86385,-15.921172,1
2.4846354,-2.6504703,8
0.19696003,-3.237989,8
0.1991863,-3.1728456,5
4.0488954,6.033908,9
-1.2016946,1.2203071,2
6.0168877,-0.6925919,7
44.554554,-36.567387,1
0.52826506,-2.5445797,8
-0.83347636,-2.7259586,8
-0.34601572,0.11125809,8
-0.23020157,0.3823857,2
3.436028,1.5707593,7
0.53732586,3.1277635,6
-2.1283674,0.34331632,0
22.224337,-22.263384,1
-1.2957733,1.5424418,2
6.7410107,1.3194226,7
23.556887,-30.887873,1
-2.8406675,-0.9533243,0
-0.17891592,-2.2570753,8
-1.7240078,-3.5778408,3
-0.24258696,2.136396,6
-2.065349,-0.95996785,0
0.48070708,-2.7401755,5
-1.768667,-4.0010643,3
2.6814783,7.108554,6
-0.3452856,0.91198146,2
1.3438998,-2.0500207,8
15.141936,-8.715196,7
-5.239723,-3.7521658,0
40.90618,-29.601341,1
4.10392,4.315302,4
0.15402767,0.67813855,2
45.08327,-25.947323,1
68.14105,-37.954872,1
3.4572825,5.1768284,4
2.4506245,2.2439659,4
4.444309,6.689427,4
2.4317558,3.8122258,4
1.5215292,0.7966645,7
47.080105,-27.782667,1
0.6159946,2.753915,6
-0.28749958,0.75878435,2
-0.4428217,-2.34711,9
3.1224613,3.7332902,9
-8.630152,-4.492981,0
-2.1822398,-1.1923978,0
29.15412,-24.914433,1
1.9457655,-1.411016,8
-1.1308999,-1.1214352,8
3.514589,2.37332,4
-0.82110363,-1.415636,3
5.339446,2.3629293,4
-0.88477695,1.4545944,2
4.43151,15.963189,0
-0.04458891,1.7246133,6
37.997173,-30.308414,1
0.25540826,2.373321,6
26.706835,-20.786768,1
-0.0058521293,0.7361176,2
-0.37068433,0.6909645,2
0.09839716,0.68654776,2
77.07079,-39.35365,1
-0.11157627,0.50523317,2
-0.54446906,-0.73789215,3
14.891073,-1.5228329,7
1.3822241,-3.2181902,8
15.203081,-10.762819,1
-4.674496,-2.3657842,0
-2.0131624,-1.6917789,0
-0.023793347,0.58068335,2
70.18443,-42.79386,1
-5.8720407,-4.7830896,6
1.453788,7.625592,6
-5.1322184,-2.1194782,0
22.611685,-22.006128,1
0.48893744,4.002184,6
-0.1339041,0.7660161,2
-1.720634,-1.7896426,5
52.199158,-39.06227,1
33.51779,0.113506794,7
3.8301935,4.7666698,4
0.62762797,-2.5835567,8
-0.1570177,-2.1594057,2
39.248344,-27.683598,1
3.3125336,4.0864377,4
-0.44844207,-1.6819012,3
1.3693532,-3.5958545,8
0.11240548,-1.053208,3
2.6651535,2.200799,9
3.757954,6.1153755,9
2.6237788,4.242638,4
1.6348052,-3.2375305,8
-0.79117286,-4.78562,3
3.0659628,3.4579513,4
4.210635,3.5232754,7
-0.016346399,0.67839307,2
17.484514,7.9191446,7
-2.8945456,-3.1195269,5
37.49193,5.6506233,7
-5.918194,-1.9277782,0
1.7576461,1.158536,4
-1.1552489,-2.4065523,3
-1.6285422,-3.2819705,3
0.07663731,0.7309473,2
0.59942466,2.6363676,6
2.9803379,1.7081549,7
0.20572507,1.7537268,6
-1.6075599,-1.3650556,0
-3.2678275,-1.4104114,0
1.5221497,10.067628,6
80.08533,8.945007,7
30.217104,4.013606,7
-2.6178474,-1.7881536,0
3.238489,2.1196878,5
-1.1144536,-2.603176,5
0.6352799,-2.547971,8
29.854528,-22.618927,1
-5.8140965,-5.02942,0
1.492166,4.2346716,7
-2.7561224,-2.437789,0
-0.48294008,0.53048843,2
0.24456227,-2.7845898,8
38.83603,-32.410725,1
0.38465914,-2.983897,5
-2.7315106,-2.0416846,0
-2.824574,-2.2902722,8
-0.42622986,-2.1779706,8
-3.4303157,-1.5817552,0
-1.0157751,-1.7510213,3
0.06480452,0.69477224,2
50.87593,21.617386,7
0.09073913,-1.2886804,7
-1.9721925,-1.1490979,2
0.23672903,3.5192375,6
4.133917,3.725637,4
2.7728481,2.9419167,7
0.57575417,-1.9373258,5
4.363761,-1.7303212,5
3.5019443,1.7996598,5
-0.121568635,0.7482323,2
3.8450737,4.2949324,9
0.13969672,-5.3282948,2
0.23225051,-1.7572675,8
9.411111,-1.1364973,4
0.23613167,3.3039508,6
1.000251,-2.8905149,8
0.6821083,0.9258793,6
-4.368311,-5.1883717,5
-3.8145535,-1.0864348,0
-5.1254687,-5.286352,0
0.88858265,-4.9283886,8
9.5181675,2.6125052,7
0.866299,4.0080323,6
23.048431,-30.041344,1
2.3934317,2.0212219,7
75.60128,-41.030155,1
27.831572,-18.905806,1
-0.35471624,1.0857676,2
29.860123,18.808592,7
5.0961986,9.597663,4
-2.1341898,0.076344006,0
-3.638004,-2.4973812,0
31.057919,12.297034,7
67.62731,15.518223,7
0.4953354,4.265184,6
-0.7011287,-1.4696765,3
-3.6123946,-3.5807724,8
0.27951202,1.614707,6
3.3377004,1.8878424,4
-0.44124347,0.80882597,2
-3.2546206,-2.3179688,0
12.803469,-7.5365663,9
4.0340114,5.8650107,4
-4.4595447,-2.59799,0
-1.3712428,-1.139935,5
28.240337,28.862867,7
0.3790682,-2.6230216,8
-0.9172763,0.7114349,2
2.480741,1.8912566,7
0.114048064,2.5957987,4
24.352793,6.496421,7
55.11982,-32.448517,1
51.54748,-42.5165,1
-0.073892765,0.4783408,3
-0.24116747,2.7680278,6
0.4464712,3.6645427,6
-1.6748518,-2.9528584,2
4.903811,8.354097,9
39.87611,-34.554703,1
2.5053368,2.3311372,9
2.0229173,1.2999682,4
2.914751,-2.6729202,8
-0.7036514,-1.4668398,3
0.051199734,2.4087017,6
3.6897237,2.213813,9
-0.538344,-2.5077405,5
7.4186993,15.435775,9
0.92059374,4.014855,6
-0.6336118,0.6890832,2
4.290334,4.973987,4
0.074285336,1.7510087,6
31.74308,10.503557,7
32.36895,9.495726,7
-10.124181,-1.58774,0
0.377258,2.3971038,6
0.5034816,2.6620195,6
3.7216108,5.5177574,9
13.320759,-1.9659793,4
8.566051,0.3001894,8
-0.6941138,-1.6353661,3
-2.1399708,-2.1797395,5
-0.2996914,0.35513192,3
3.1818779,4.4436083,4
4.3909187,2.3233333,9
-7.666559,-4.762434,0
-1.8632277,-0.380239,0
-1.7462206,-2.69675,5
-0.6528212,0.48504844,2
0.13209906,-3.7875435,5
-4.1343937,-2.7277603,0
1.5352733,0.9637073,7
60.596622,-39.02585,1
39.76069,-34.31959,1
38.22489,-31.678095,1
-0.12665474,5.5192165,6
35.06635,4.779398,7
0.19438481,2.3029385,6
15.739075,3.894187,7
4.368864,2.4803836,9
0.1490685,2.1384447,6
0.27013212,1.8767014,6
3.1936793,0.8440368,4
29.817394,-19.302536,1
3.3406503,2.3277228,4
-0.74216926,-0.79620004,3
25.781569,-22.688547,1
39.232292,-30.693808,1
-0.6137339,0.562469,2
1.4604918,4.918218,2
0.00951767,-1.8007556,4
47.96254,-38.980183,1
-2.787017,-1.4164367,0
-0.73076093,-3.2893083,8
61.08973,3.3161793,7
0.1326897,1.9234576,6
-1.242534,-2.3658214,3
6.6552176,2.10151,4
-6.5377555,-3.816824,0
-3.5127978,-2.0197916,0
0.10049316,9.519786,6
-2.3641267,-2.748098,3
-1.0099359,-2.201963,3
-0.9341644,0.068671465,0
11.814289,2.5579891,7
26.70281,-22.954956,1
1.7444882,0.17200232,7
54.53876,-34.347534,1
46.601376,-27.894352,1
0.32664543,-3.311457,3
12.406611,-8.667526,1
-6.2163196,-2.2651148,0
4.513665,6.9509096,9
3.3394783,5.285984,9
61.79815,-2.621468,7
0.41636753,-3.4400153,5
4.4681025,2.4873846,4
81.50052,-38.112427,1
-0.3604597,-2.9965415,4
0.24664015,-2.5045228,8
4.362202,0.4267099,9
0.14838153,-3.273469,5
-0.98185205,-2.6566935,3
-0.9133315,-0.60627866,5
14.600605,-12.766106,1
3.7520716,4.6974726,9
-2.1519325,-1.70983,8
-0.0893339,0.42025518,2
10.871649,-0.34688306,3
-0.13381791,-1.6948178,3
7.366897,0.35083508,9
3.5972424,3.1939535,9
-6.614738,-3.8042765,0
15.53699,-11.50183,1
-2.6466038,-1.1590142,0
-0.6203125,0.48081458,2
4.447976,6.594202,9
-0.8273039,-2.5695786,3
3.389401,3.7799487,9
-0.96783626,-1.3295343,3
-0.7056176,-0.76780987,3
-0.9321229,4.972031,6
-0.12861224,0.5762303,2
-0.27543375,-2.2862966,4
6.261232,6.69122,9
0.31901687,-2.5244815,8
-1.2345195,-2.4592657,3
18.806171,-2.2116938,7
2.7507086,1.8720196,4
-2.2734056,-1.9751639,0
3.2419329,4.9441957,4
3.676038,3.743523,7
-0.20141149,-2.0982687,8
4.081668,6.5496283,4
3.3903267,3.996117,9
-0.03378001,-2.6470895,8
41.29811,-16.31676,9
3.6129382,0.63838995,9
1.7895128,1.4927686,7
0.5709575,2.9732115,5
5.3435054,4.8662386,9
-0.2976597,0.5281705,2
0.08765167,-3.6533175,8
-0.10000944,-27.30996,2
-0.44588083,0.49901843,2
-2.716289,-1.2300191,0
-0.5211726,0.6573914,2
0.019699961,-6.6238937,2
-1.4741986,-2.9557805,3
0.09298642,-2.3120654,8
10.035731,19.754982,4
0.32590383,2.5676105,6
-0.4923929,-2.3936903,8
4.5416136,12.244428,6
-2.1215897,-3.0710776,8
0.13282634,0.60994875,2
3.3481069,2.0932882,4
1.4637104,7.0535793,6
25.007143,-1.164875,7
3.360202,2.3168495,9
-1.171417,-2.2524917,3
-0.90128785,-1.6794158,3
3.64814,1.8073909,9
2.8743901,2.6074507,4
-0.36393774,-1.6880494,3
66.82142,-41.415977,1
2.6143322,3.5917785,4
4.001402,2.858964,4
49.89632,26.04664,7
-2.8976445,-2.170259,0
0.7179389,-1.5041041,5
2.5877419,2.5992317,9
0.658932,4.8294163,6
-2.612899,15.149381,0
4.5582266,4.976563,4
-5.219123,-0.6853304,4
0.07879596,3.390408,4
4.8865986,2.4448457,4
0.5203675,5.1721277,6
53.512337,-37.12438,1
-0.29508072,1.0012681,2
-0.4254024,0.06372291,3
-0.38018805,0.44482538,3
-1.5713923,-1.259418,6
4.3008804,0.9202063,4
3.6265259,-1.0803707,5
3.684225,1.5440367,9
0.43468004,2.78924,6
0.73338616,-2.2838402,8
9.677376,-4.856037,5
0.35912368,1.6192079,6
-2.2688134,-2.2275507,5
-2.1698947,-3.0100737,8
0.5960557,4.296465,6
2.5160556,1.6302265,4
33.853603,-29.612719,1
0.26262617,-2.868466,8
0.23816097,1.8711967,6
-2.154594,-3.6555042,5
0.14371559,0.6386683,2
5.9776816,-3.2107468,8
3.2523117,3.7579403,4
-2.6513276,-3.231011,5
5.122923,-2.2810354,5
2.425651,2.0647688,4
23.0003,4.816252,7
3.3796628,0.5034512,7
-1.9035498,-1.6085496,0
68.00682,-4.0393906,7
0.21671066,-2.5725112,8
6.470997,-60.391136,2
0.22816962,0.6219336,2
-1.3185695,-2.2056217,3
17.881554,-3.742867,7
-2.6974099,-1.0351858,0
70.34878,-38.39168,1
-0.22093023,-2.3034348,8
-9.695156,-2.873186,0
11.7230215,8.424274,7
65.423836,-35.856186,1
5.7375956,2.4564447,9
0.9800267,-2.3411343,8
15.348738,8.335286,7
0.7063463,-1.4744686,5
-2.8377283,-4.7292275,5
2.7047553,3.3493369,9
15.044625,-19.901163,1
30.09337,15.654779,7
6.200761,-2.7800431,5
6.6240644,12.052458,4
-1.4168785,-2.6558218,9
43.0062,-18.748941,1
0.73616457,0.057425916,2
0.10185972,-7.500379,2
38.964973,-20.11728,1
0.5519636,5.8162785,6
1.3496712,8.419118,6
0.9230776,5.08979,7
18.994776,-15.940426,1
39.47126,-30.638445,1
3.6525455,4.363354,4
-11.0940485,-4.8900795,0
24.850927,5.386942,7
4.4873853,3.037182,4
0.06135296,0.69445556,2
4.348789,4.7162013,4
-2.1701884,-0.8161528,0
0.6514156,10.125836,6
4.220823,3.0876856,4
22.960363,9.411945,7
0.19955263,1.731858,6
4.214879,1.679434,9
4.289172,-1.8002021,5
-1.3429472,-1.4641485,3
4.9111915,5.4829564,4
0.2203592,4.859363,6
4.462863,-1.2885604,5
-9.286509,-0.9522009,0
38.982296,-29.401114,1
-0.9306195,-3.2518265,8
3.7079382,-3.194827,8
-1.0849177,1.0335698,2
-1.1842141,-0.18104959,8
-0.8962845,-1.9646014,3
-0.04613757,-2.7955744,5
13.166141,3.877019,7
0.94271374,-2.2842722,8
-1.1708448,0.56510663,0
-3.3749928,-2.875907,8
0.008225024,-3.6345656,5
16.901945,3.8224697,7
21.899176,-17.735872,1
37.809742,-25.874908,1
-2.5240784,-1.7187047,0
44.027054,-26.451355,1
-1.2614709,-2.9619198,3
15.203619,3.9156795,7
1.206037,-1.3797963,8
3.1942677,2.2623136,5
-1.4710321,-0.608866,0
9.157435,4.828165,7
38.02884,-26.685892,1
67.85709,-40.00788,1
-2.7102914,-0.63941383,0
57.50607,-32.076885,1
49.687035,-37.469627,1
2.6531596,3.0052629,4
0.47562408,-1.4579539,5
0.18158422,0.57830435,2
3.286808,2.5651684,7
1.4044124,7.1655025,6
-0.0026334226,0.57149345,2
-0.7433311,-0.71009266,3
-8.407354,-3.043499,0
-0.5686104,0.70151734,2
-1.8049116,0.148705,8
6.9020658,-2.8840127,5
4.0539155,2.362791,9
2.1032307,15.32613,6
3.6456702,1.794667,9
10.150504,3.1771522,7
-0.70288587,1.169033,2
63.74213,-39.38829,1
-1.0213561,-1.4089066,3
1.3187432,5.0779567,6
0.2956468,2.6474414,4
36.709053,-25.682604,1
-0.18410909,-2.300537,8
-0.6945341,0.85345244,2
3.443642,2.7973485,4
-3.899543,-2.6876626,0
-2.1763167,-2.5409098,5
31.96298,-25.253538,1
-6.065583,-2.4462357,0
0.7976793,-26.40487,2
-0.7183861,0.9587883,2
1.3285096,5.355466,6
4.039775,5.8492303,4
3.7434955,7.2282004,4
-0.09721476,-1.4316664,3
3.4494255,1.6374009,9
0.60156846,2.3218226,6
33.231422,-25.5182,1
0.8288288,3.274471,6
-1.9279855,-2.2413187,5
51.69958,13.544376,7
2.5639262,2.6550426,9
-0.28913224,0.54324937,2
-5.4000893,1.501461,0
3.071085,-55.46939,2
0.8423922,4.6110563,6
-1.7034944,-0.8416946,0
39.991333,-27.476412,1
4.101359,1.9757514,4
-0.6399025,-1.4715052,3
0.11819911,-1.9365058,5
0.109530136,0.4533749,2
0.59660995,-2.0642087,8
0.37247908,-3.4432287,8
-3.0133824,-1.1471028,0
0.8769978,-2.1697445,8
-0.7775604,-3.2679617,8
3.6169028,5.026071,9
-4.446578,-2.4081182,0
4.0898347,2.7065878,9
0.4952544,7.685507,6
10.239744,-0.8227353,7
0.5932133,3.58214,6
-0.8274232,-2.4054134,3
0.25836438,-1.6313086,9
0.00083240867,-1.6058925,3
3.4728298,1.0167786,4
10.511778,4.3963747,7
6.7267814,3.954869,7
1.3832388,0.9136503,7
3.1626983,3.9680834,4
2.720217,3.177086,9
-2.9290774,0.07424736,0
1.4066288,4.4311814,6
1.6315768,1.1605775,4
-3.2221274,-2.9727113,8
2.9107525,1.9359853,4
-0.18771316,0.81224334,2
3.3236828,3.2291844,7
-0.9823825,0.92048633,2
0.6247325,-1.0813823,8
19.672155,-22.359379,1
-8.153265,-8.107969,0
-8.598709,-8.03479,0
2.6446195,0.577345,7
2.4290237,-3.5683126,8
-1.2205698,-1.1616421,3
-0.13925982,-1.4290885,3
-1.8607774,-3.5310833,3
43.35209,-25.587292,1
-0.23652557,-2.5895014,3
26.662922,4.551228,7
-0.73784125,2.2389612,6
75.7212,-45.973904,1
-0.27374417,-2.543796,3
64.70814,-34.10839,1
-0.20415927,1.9437704,6
1.7158418,8.390117,6
0.15221918,-3.1841643,5
1.8062525,-0.7165272,7
2.2368019,9.482367,4
27.55335,3.4986029,7
-1.4068084,-1.0450189,5
0.914092,-3.1523833,9
-2.271685,-2.9488366,5
-0.4518124,0.45212144,8
3.202488,3.4570613,4
3.1810331,4.8018703,9
3.4842858,0.2670722,9
58.10961,-35.636257,1
0.4505929,1.7944192,6
2.0656142,3.1801481,5
-5.195019,-4.6865273,0
54.921505,-31.468248,1
-1.050514,-3.0573952,3
-0.477615,0.6079854,7
-9.778633,-4.4834146,0
2.8544552,0.32390046,3
5.858225,5.9972095,4
1.0007122,-2.6737716,8
-0.17815337,0.68814445,2
3.2057743,-25.991104,2
-5.699513,-4.373967,0
-0.4586892,0.7321936,2
0.30009186,-2.55124,5
58.558075,-36.21607,1
-0.21702978,-2.4765098,5
53.12724,-30.151415,1
-0.27549762,4.5483313,4
-0.34612423,-2.29565,8
-1.5183841,-1.1112537,8
4.428458,6.3234324,9
63.653954,-39.599205,1
1.1689196,-20.486036,2
68.85263,-34.32626,1
-0.30696148,0.3043573,3
-0.16555586,-2.883363,5
34.492245,-20.288736,1
0.050983578,14.902941,0
2.8783908,5.1748166,9
2.9746442,5.3409576,4
3.4356163,3.9420676,4
-0.63874125,-2.7339065,8
-1.393383,-3.9000747,3
12.47952,-10.936537,2
0.51776123,-2.5790012,5
2.7460752,2.0702446,9
29.780033,12.682045,7
0.073055595,1.3657055,6
-4.286044,-1.6906595,6
-0.40553537,0.8306831,2
-4.5785127,-1.8093858,0
-2.7324004,-0.18856668,0
-2.9001951,-2.1298413,0
6.6430306,-1.3552685,5
1.8733544,-3.1057239,8
5.746172,-10.500381,7
39.21113,-34.19771,1
-0.2841177,-4.0063624,5
-1.361605,-0.45498896,2
-1.3363671,-1.7213316,3
-0.55393606,-3.9416728,8
4.9442725,-2.1955063,5
37.005096,-27.82133,1
0.112259895,-2.2526784,8
-1.2496045,6.003287,2
5.0043473,15.650794,0
4.6719556,7.418727,4
4.22538,7.2489967,9
4.2583365,6.9757195,9
1.6423279,8.936533,6
-1.536205,1.0882194,2
-0.10218086,-1.7523181,3
-0.6641818,-1.3557,3
4.583952,-1.7624979,5
0.8924612,7.8922873,6
7.795641,13.9344015,4
-2.053236,-0.85465676,8
-3.9223213,-2.8359542,0
3.2083006,1.4221885,9
0.7572472,-7.86471,2
0.714437,-1.6335162,8
0.14654663,0.41043386,3
0.4404334,14.685195,6
8.360862,14.644374,7
2.750633,-1.4640715,5
7.9449043,-5.6476817,7
0.5108652,-30.645079,2
3.1875706,5.6973405,9
10.490383,22.342041,4
4.1599135,2.1746526,9
53.421898,-40.75855,1
-0.31546047,0.59334296,2
1.4994632,-2.6674206,8
1.2171648,11.434682,6
-4.0822606,-1.8736272,0
0.3629681,-1.2297692,7
-10.226627,-9.380089,0
4.012761,5.478229,9
39.574745,-28.332615,1
28.61973,-27.376265,1
-3.7730749,-1.7208071,6
37.87583,32.228855,7
6.020575,-3.3303246,5
2.7702663,4.521558,9
2.4689534,1.9765813,9
38.137104,-34.283558,1
3.0000665,5.201874,9
-2.1825414,-2.6399722,5
-0.43998665,-2.78586,9
0.075518765,0.5477085,2
-1.2224345,-0.77126884,5
-2.93155,-1.7756171,0
4.4703693,4.730999,4
74.69907,-36.89284,1
-9.691921,-3.426838,0
0.99340266,-2.3463304,8
5.4995317,1.722425,9
-8.42817,-2.0024176,0
0.9759562,-1.8666192,8
4.6417694,2.2816086,9
0.5832728,-2.829621,8
3.3047493,1.1320459,9
8.07868,14.568577,4
1.4515486,-25.128128,2
4.942289,-2.197302,5
1.7779431,0.98194695,7
4.029078,6.566777,9
0.16106078,-2.345197,8
3.3108897,3.6133537,9
0.08102879,-2.8901198,8
-8.76016,-3.689622,0
6.232369,12.135349,9
4.985076,9.065617,9
0.8216597,4.326293,6
-0.43362862,-2.856323,8
3.423423,5.8610954,9
4.3143806,2.0677304,9
6.1107073,-2.8585286,5
3.4936478,0.3594489,9
2.5390325,-3.0343437,8
1.4217122,6.7963,5
42.037445,-32.12992,1
-2.3543463,-1.1068087,0
-0.116604745,-1.72572,3
-0.33797014,-2.1183987,3
-0.21142468,-2.9873285,5
-0.109553486,0.7764636,2
25.38876,-17.703087,1
1.3653536,7.3504534,6
-1.098205,-0.2273202,5
-2.9198203,-1.4529338,0
0.019056961,-0.13236094,2
-0.0044204593,-2.7326605,8
0.10329309,0.4674049,1
3.8267388,-1.7899538,5
0.20023286,2.5651343,6
-0.13925335,0.38948414,2
-0.90581787,-1.2143514,3
-10.900017,0.89361477,0
-1.1266129,1.2103289,2
-1.1737828,1.114393,2
0.38495624,3.4666991,6
3.665315,2.0326157,4
-0.85511875,-2.9160151,3
-1.8714898,-2.0759525,5
5.654475,-2.9270911,5
42.08163,-27.147463,1
51.057297,30.1915,7
-0.79443365,0.7116878,2
26.94939,-21.591946,1
-2.13364,-1.6596398,6
3.8562927,3.1535273,9
16.25013,-26.432856,1
0.025075883,-1.9963961,9
4.7533183,2.304593,9
-1.4982841,-1.4446776,5
-2.0418346,-2.372013,5
30.69903,-21.169125,1
0.49207383,2.4092042,6
-0.49191326,0.50294435,2
-0.2944937,1.0762067,2
0.2990305,-2.568509,8
1.05606,4.987774,6
10.534333,3.1098714,7
54.01608,-33.770905,1
2.6289449,1.8492771,4
1.8193907,10.55897,6
-0.42340338,16.111286,0
-0.3760654,2.8685067,4
-5.972119,-4.2753124,0
-0.7135425,-2.9720273,3
-1.5116892,-2.5775278,3
-0.6954963,0.68881387,2
3.1416368,-0.12634563,2
-0.87529707,-2.0315766,3
-3.0719936,-2.6201272,6
-0.55809504,-2.293589,8
2.565122,2.0717294,9
1.1117659,-2.278042,8
-0.8005264,-0.72140193,5
-0.71288836,-1.4907902,3
0.92545235,-3.0300941,8
3.5411944,0.458081,5
5.639082,5.7372603,4
-1.3761294,-1.3488827,5
-0.23323403,0.7495538,2
-2.80951,-1.2240295,0
6.577261,-2.8730063,5
-0.41115582,2.596723,6
-1.275449,-4.7980576,3
-0.4921216,0.7442797,2
0.33112752,-3.2864969,8
-1.9964608,-4.1203175,3
7.827804,15.142033,9
2.601262,1.5250611,9
-1.6851923,-3.2619562,5
1.7292008,1.5695385,7
2.806753,1.3700539,9
12.841158,-1.7869761,4
0.111369476,2.5104406,6
24.03199,8.893473,7
49.508003,-36.31213,1
-1.5359924,-1.3268924,3
18.428112,-10.208104,7
-0.5201291,-1.6352637,3
0.33889133,3.2504847,6
0.8010665,3.7573438,6
-9.2140665,-2.502036,0
4.1661263,4.8029947,9
-7.2908564,-5.546195,0
35.970314,-41.050507,1
0.3292737,-0.67990947,9
3.0567713,1.9620571,9
0.14828505,0.5351703,2
-0.004429877,-1.952134,8
1.4023343,-2.0267458,8
-1.2352505,-0.07451296,0
48.971672,-39.871265,1
0.5504809,3.2621017,6
2.7357163,4.3326135,9
23.26599,6.0936675,7
3.981821,-1.3423331,5
-0.8237703,-1.1280727,3
4.051302,6.8097944,4
50.338062,16.219639,7
0.32531118,3.3911147,4
3.599662,5.0611506,9
3.0170183,4.830357,9
4.10784,2.267408,4
-0.8175053,-0.35889268,3
-0.3295023,3.02526,6
-1.2943883,-2.506191,3
43.972675,-30.028082,1
35.67286,-25.591805,1
1.9563289,1.5435147,7
0.6605681,5.867073,6
2.7671237,2.0733287,9
47.172127,-32.724403,1
-0.8099705,-3.6018312,8
6.0907445,11.818328,4
-0.0062818527,-1.1128263,1
38.42818,-25.949526,1
1.0599656,-2.6358593,9
3.410964,0.45110846,9
4.1076345,0.6865175,4
-1.0306785,-3.2298021,3
0.14158463,3.00488,6
0.38928857,-3.3994868,8
35.307938,-26.68241,1
0.5332965,3.3913078,6
-8.914219,-5.717533,0
3.94573,1.8952482,4
52.044296,-27.647104,1
-0.94018364,-2.575622,3
1.9522326,1.404027,7
19.360939,8.090822,7
2.912962,1.6081885,4
2.1630573,2.0267806,9
-1.2808641,-1.5253816,5
16.835266,-13.720165,1
-8.823213,-4.874754,0
-6.3410425,-3.5296555,0
31.249369,-20.733679,1
28.528637,-18.633091,1
1.2005488,0.79875594,6
3.1058273,-47.544823,2
38.796978,-31.350115,1
3.7335095,3.0828948,9
-0.5659233,-3.8121736,8
4.552793,6.6401477,4
-9.805558,-7.784585,0
-2.167265,-2.880474,3
0.8622805,5.677406,6
4.992934,3.9359539,4
2.360331,1.87998,9
-6.733637,-4.7380495,0
27.86557,7.0215445,7
37.948875,-26.522753,1
1.3934516,8.162533,6
-1.0440085,-1.4579685,5
2.373812,1.1510521,7
-1.2054269,-1.2599404,5
-0.93982524,0.7317991,2
3.1227164,1.5544987,5
54.94904,-33.757404,1
0.41121104,-1.9133599,8
-0.5775718,-3.336846,5
3.6336608,5.358125,4
24.390663,4.9167843,7
-2.6452413,-1.0052915,0
-1.0563056,-0.90529394,6
43.54921,6.583705,7
1.3239498,4.27537,0
-0.32784924,0.5416838,2
-1.3124111,-1.098763,5
-1.2950788,-2.7039871,8
32.80506,-20.51621,1
-7.0699887,-3.9184608,0
5.228009,2.0703244,4
1.3100829,-0.5999875,5
40.875977,13.384398,7
60.911346,-36.65431,1
-1.9016546,-2.0461035,8
2.7128258,1.6678524,5
65.11119,-31.899776,1
-0.602894,0.2742201,9
-6.77267,-6.063135,0
-2.3270414,-2.020545,0
-0.41465473,2.3087955,6
-9.031437,-7.7748117,0
42.46869,11.569068,7
-0.6650748,-1.1909609,3
46.128506,-29.478586,1
-0.9020249,-5.338158,8
-1.3656219,-3.8119898,3
3.7555914,5.8245068,9
44.074245,11.027302,7
-2.6573982,-2.1576166,0
-10.959645,-2.3447628,0
0.8014257,-1.6342027,8
3.80411,4.490462,9
0.7389283,-2.244451,5
3.7807508,5.410326,9
2.3538566,-2.950882,8
-1.032373,-1.8041425,3
-0.828595,1.0837847,2
52.309536,-0.5845289,7
-0.41874468,-27.67361,2
2.9585872,2.137383,9
18.856419,18.056477,7
-0.054335687,0.4612406,2
22.247828,-16.041193,1
28.28618,-22.439774,1
0.25616127,-1.5897671,3
5.0003743,1.9798598,7
4.017186,-1.6812057,5
-1.1551054,-2.3070817,3
37.374664,-31.093342,1
4.53289,10.552733,9
2.6552103,-3.05824,8
0.08518325,0.5642727,2
-0.42630818,0.22129798,2
-0.38282984,0.70396405,2
-2.1492503,-3.395989,8
1.5245177,-3.3601503,8
-0.023756653,-2.7309039,5
26.92382,7.8423615,7
-1.3162727,-2.4560504,3
-1.1270342,-0.9712647,8
5.02338,7.1388927,9
-0.13525698,-2.8891544,8
-1.210512,-1.4125781,8
-0.019235194,3.849797,6
-0.62777925,-1.0301229,8
0.08253635,0.51170194,2
-1.397641,-1.8990083,3
2.7518826,1.9478278,9
7.980402,3.0631297,7
0.91257024,-0.7358699,5
0.017986802,2.1094737,6
-1.6507308,1.4632812,2
3.4741297,1.7263979,9
-0.109870195,0.50840676,2
0.022184223,-2.4222038,8
0.7508732,-2.701245,8
21.55397,-16.442764,1
3.6176558,9.745407,6
-1.9215324,-3.3235643,8
3.1829815,2.0277383,8
90.3928,-2.8296204,7
2.596506,1.9257002,9
49.70115,-31.106596,1
-1.8279748,-1.4756861,8
-1.7417705,-1.1751854,0
38.646053,-29.179502,1
8.76223,5.400264,7
-0.31436798,0.6812051,2
-11.255959,-1.9119396,0
53.293846,21.838013,7
8.268742,-7.772698,5
40.69355,-27.532555,1
4.2920856,8.147405,9
-9.807428,-6.985264,0
-1.2619311,-3.3332222,2
-5.6920357,0.44997406,0
4.1713305,4.80881,9
-0.9033947,-2.9718459,8
-0.021782577,3.1165102,6
-0.2562453,0.99736804,2
-1.1773359,-3.486909,3
0.13451171,3.8772483,9
-1.5829124,-3.4494596,3
-0.28959695,-2.1693566,8
-2.0022125,-0.89614725,0
3.9722805,-43.41153,2
40.45886,-29.790594,1
26.371634,-18.106817,1
77.1429,-38.16714,1
54.959766,-28.399458,1
3.7574458,2.2206745,4
-0.6479792,0.98705184,2
3.3021362,1.7890425,9
23.897135,2.8978639,7
8.734095,9.069266,2
0.6850831,-4.0008793,5
19.286661,-19.03001,1
37.569336,-25.258928,1
-0.8424064,-1.2319413,2
51.60919,-32.381355,1
3.9393551,3.2047615,9
3.4817812,5.306434,9
2.926681,1.9693387,9
25.904528,-32.753525,1
-3.1549096,-0.7789779,0
1.3734037,3.5092685,2
-8.032368,-1.0207186,0
-0.62565535,0.59018755,2
46.49396,-29.253553,1
38.881855,-28.662703,1
3.7992163,5.4744515,4
0.7504584,4.356155,6
2.3056326,2.2008862,4
37.16015,-21.997473,1
-1.2927177,-1.0127871,5
1.6975422,3.2544768,4
4.8036585,1.9310136,9
2.3086503,2.2105777,7
27.353151,14.570657,7
14.205411,-6.7079873,1
0.41162017,-3.1248672,5
1.5823753,4.657086,6
0.05507034,0.8520814,2
-2.394761,-2.1146173,2
-0.75315714,0.664786,2
0.19303858,-1.6166977,8
-0.5892428,15.776222,0
0.0572288,2.1398344,6
3.4938514,5.2885413,9
2.9238591,-1.3618488,6
0.022839785,-1.4976459,1
3.707495,2.6443362,9
29.421818,12.302683,7
2.0129101,1.4574718,7
33.788445,-26.25581,1
3.2623498,4.918068,4
2.0668766,-3.5730603,8
0.4277738,-3.117837,5
-1.4947857,-2.8722231,3
-0.3212684,-2.1618936,4
-0.6600548,0.31621194,3
4.523976,8.368481,4
3.7369347,3.2308283,9
1.7561736,1.4909596,7
0.09288645,-3.4249313,5
-2.7206593,-2.087171,0
1.583245,1.5082495,7
4.7367496,5.732104,4
1.957644,-3.5744019,8
-0.053109556,-2.3102896,8
50.519714,-31.224615,1
4.6696143,-2.250874,5
-0.67219687,-0.729573,3
3.240642,5.1212225,9
3.2966318,-1.5112426,5
2.5742896,3.262106,9
2.4872322,0.8688582,7
0.29777592,3.3950925,6
3.0279868,5.6209087,9
-3.944971,-2.5945935,0
-0.6722411,-1.0893868,3
0.03896551,1.9039764,6
-0.969322,-1.844902,3
4.1942697,4.5069466,9
-0.47650456,-3.9705594,8
0.039636906,0.5822708,2
-0.79869324,-2.5944245,2
65.474915,-39.956738,1
-0.29130572,0.46940327,2
0.33831018,-1.7148675,8
0.36792788,2.19623,6
-0.09817955,-4.232829,8
-0.39973825,-0.31284523,5
-2.1446013,-2.146806,5
-0.75892854,0.121475875,3
5.0137177,5.179888,9
3.1681197,2.356391,4
0.6889294,2.3779652,9
0.16670887,0.5429212,2
-0.76032954,-3.9367373,5
17.547693,-22.037622,1
-1.7595632,-2.1186113,5
47.9786,-30.31702,1
1.582612,1.0236042,4
3.919832,2.5635989,4
24.92206,-20.90221,1
1.8348359,4.762126,4
5.4517293,13.242096,4
-0.9565971,-0.67713284,3
-1.4527416,-1.9609833,5
2.5301204,3.7595193,9
32.121914,-22.1636,1
4.8164196,-49.55132,2
-1.2765605,1.0367332,2
-0.7662832,-1.2307857,3
-1.4454652,-2.2327697,3
-6.621619,-3.6684437,0
-0.6641993,1.3628758,2
2.1717274,1.2637236,9
-2.1942663,-0.43310452,0
-6.9032955,-1.1438837,0
4.8708553,3.9043953,9
-1.1130017,-1.2327137,9
-0.00010468252,2.6714368,6
-7.0398607,-6.6616488,0
3.390954,5.4100857,9
-0.9258941,-1.8527825,3
53.28794,4.297409,2
-0.11710653,-2.3350408,8
3.6129494,5.676253,4
49.92598,-36.615685,1
3.6069014,5.563353,9
-0.7872569,-4.8282166,9
2.0050426,1.4404402,7
-1.0067748,1.1148357,2
5.317397,-0.45169365,7
4.15415,6.4513464,9
3.2124045,0.8823892,9
0.5406079,-1.4667468,5
3.8497477,2.766513,9
11.687605,-5.421216,5
30.917463,-33.17363,1
36.504208,-25.331001,1
2.4228292,-3.9286764,8
22.788597,3.4764113,3
1.2196243,-1.9717852,5
25.04958,-23.617733,1
3.0449343,2.3500388,9
4.5629587,-1.9041047,5
-0.9418167,-1.3476018,3
5.551794,-1.6950703,5
2.5710986,1.5838883,4
3.2007961,0.94885874,9
-0.49158835,-4.0376883,5
2.6333952,1.0737381,9
6.959509,4.639723,3
37.007214,-36.128117,1
3.3062885,3.9991798,9
-8.788425,0.42989635,0
3.3180065,2.3035586,9
48.530838,20.139984,7
2.297473,-0.9527559,5
2.4750319,3.1470046,4
2.2403169,1.227372,9
-0.36751965,0.8313968,2
-6.6695576,-5.630019,0
54.93612,-39.51798,1
-4.990267,-3.900093,0
-1.2943497,-1.4187613,5
43.79621,-27.467052,1
3.4337146,1.9754138,4
0.45630214,-1.143059,9
-1.8137524,-2.7333748,3
-0.15122324,-0.67998827,3
0.98654807,3.7743335,6
58.53255,-35.97231,1
-2.0050445,-2.233077,5
0.071748875,0.46735156,2
-1.4443591,-1.3752613,5
-0.13957736,0.5567192,2
-0.32476074,0.5457413,2
-3.1898892,-1.907867,0
1.7583834,4.544148,9
-2.5433676,1.7838066,2
0.988249,3.8097208,6
0.49417776,2.7802632,6
-6.7102337,-0.9716377,0
8.788059,-5.736729,1
2.966549,-34.765163,2
-7.989317,-4.8282022,0
-0.8170303,-0.909603,3
-2.1854258,-1.6853125,0
0.025750116,0.42553243,2
-0.12502292,-2.7045445,5
0.6018126,-1.3252363,5
38.509434,31.743998,7
2.9145105,0.4599415,9
3.0030031,-2.6947994,5
-0.95873797,-0.9364178,5
-2.2582333,-1.8273463,0
0.10142669,-2.2358937,8
3.194738,4.9725757,9
1.2365074,-2.7094877,5
-2.649269,-1.0524392,0
-0.7053461,-1.1621003,3
-0.022821523,0.74750733,2
-2.2843366,-2.8576846,5
6.9824066,-1.4203877,9
-1.6555145,-0.7869284,0
1.7967494,-1.5443704,8
0.09338486,-3.0218093,8
2.6297476,3.266386,4
1.2611343,8.119106,5
0.36675626,-1.6745588,8
0.14488828,-3.7076964,8
4.3927794,2.4843593,4
-0.21539819,-3.129343,5
3.5276399,3.902775,4
0.025217935,-2.81236,8
-1.709276,-2.7046583,5
2.7930954,2.1606262,4
3.0541205,4.8420596,9
-0.5051081,0.58783084,2
-0.0016366839,-12.367554,2
45.551987,-32.838547,1
-0.60330397,0.6701455,2
1.2765746,4.2550855,6
-0.034671783,-1.5907996,8
0.80901194,-3.1279447,8
9.635901,9.272719,7
-11.809096,-6.4432964,0
-1.1400439,-1.6739647,3
0.6802748,4.2254305,6
1.7480987,11.775882,6
4.8126435,1.0027742,4
-1.9110947,-3.4008796,3
2.181804,-3.2050881,8
-2.0247042,-2.0477757,8
3.1356962,1.240619,7
-0.37669376,0.42551386,2
0.1035746,0.58923036,2
-7.726297,-6.408906,0
-3.465682,-2.7214813,0
2.6813958,2.946582,9
-1.3646288,-3.8088393,3
3.9340706,0.70848894,9
3.8051386,5.797663,9
27.717321,-25.16082,1
4.096255,0.8595506,9
0.7084025,-2.534304,8
0.29961896,2.675579,6
0.098724276,1.682714,6
4.221564,3.974727,4
-2.4783635,1.6623833,2
1.3089167,6.576913,6
3.719543,3.9504719,9
-0.37160978,0.82986665,2
0.42343575,-2.3314512,8
-1.9082315,-1.946621,5
3.6388497,5.596447,4
-1.1932052,-1.0770421,5
4.271475,-0.20992303,7
2.7723432,1.9795363,9
2.8912168,2.5261164,9
2.39951,0.5207405,9
4.6032257,-35.30188,2
40.39432,-30.921457,1
0.17014176,-2.9953432,8
-1.2788824,-3.5370114,3
2.3489122,1.671756,4
-2.1410403,-1.272953,0
0.6417421,1.6735553,7
-0.48800868,-2.9448764,8
1.9073327,1.434268,3
2.9353487,2.9673102,9
0.08081476,0.39297003,3
2.9031496,0.2888279,4
3.7194428,4.5874386,6
-0.20878565,-2.787248,5
1.8350486,10.983666,6
-0.25702697,0.70914614,2
-0.50639707,-1.5043738,3
3.2642677,2.6806097,9
-0.40126336,0.7871927,2
1.3669826,5.140733,6
-2.414051,-1.0880408,0
-5.2285852,-1.6451235,0
-3.8167605,-2.219819,6
60.77061,-39.347595,1
1.3072672,-13.192883,2
-0.3361536,-2.4599268,8
16.416876,2.763194,7
8.634596,-0.78642595,9
3.0548532,-4.0325937,8
0.14535648,0.48128915,2
-2.806939,-1.264945,0
4.440858,6.49468,4
23.544674,9.153585,7
1.6146257,1.5535877,7
0.22164652,-1.866,5
-6.8262196,-5.416404,0
0.4754572,-2.8694797,5
1.7204553,11.677702,6
1.654051,4.27914,4
1.2886442,4.611488,6
33.43817,2.345057,7
5.8105845,0.40292215,4
-0.67269444,-1.530351,3
-2.6288934,-1.176362,0
38.987587,11.793599,7
1.1411858,-1.9239168,5
-2.0447016,-1.3797433,0
18.149384,10.878511,7
3.8345485,5.881573,4
-0.00064908713,0.49150842,2
-1.0408955,-1.486058,0
-0.41028848,-2.467781,8
-0.13896531,-2.4969409,9
4.6689043,4.1973886,9
3.0917199,1.1064494,4
-0.61114,1.0919782,2
2.017925,1.1677201,4
0.3360779,4.115327,6
51.599434,6.7783628,7
-0.12575546,-3.298084,8
33.046223,-4.1316037,7
0.74316406,3.203947,6
0.24947968,-2.0085745,9
5.0865126,4.653064,4
80.22288,-35.5655,1
-0.76628673,-2.5901515,3
13.663324,3.5549097,7
-0.8388465,-0.9152943,3
-3.1558206,-0.021839619,0
-0.3212249,-2.510841,8
20.710215,7.692989,8
4.6076875,0.21668053,7
0.72230965,4.5436473,6
23.736889,-12.309524,9
-1.2299018,-0.7646215,3
2.7090485,3.2353172,9
0.18791279,0.7793804,2
-1.9102331,-0.26436913,2
-0.7395294,-4.4491463,9
-1.0598633,0.63381857,2
17.79393,-23.165913,1
-0.11450893,-3.353431,8
-0.4716751,-1.9664532,3
-0.5518285,0.4251195,2
8.40227,17.089792,9
0.4039709,2.5614042,6
1.2345667,-1.6619158,8
4.8834114,0.19415784,4
-2.735376,-1.0939245,0
42.613197,-29.49396,1
-0.86380637,1.0374753,2
1.1357392,-3.671982,8
3.6729853,2.4425764,4
1.5565375,-2.4821873,5
0.009826124,0.6917258,2
31.027122,15.786173,7
0.8245026,-1.5075951,8
22.7891,-16.55111,1
46.595398,-30.735092,1
-1.2740328,-3.521646,3
-4.569106,-1.613842,0
-0.58212674,-2.3688557,3
4.5837216,-1.9118114,5
31.624195,20.489355,7
-3.097048,-2.586658,0
-1.2168274,-1.3176513,3
40.325798,-28.790073,1
5.6031823,2.2534556,9
-0.13539448,-1.5387373,3
-0.365888,-3.549879,6
-1.0213808,-2.2791429,3
75.02943,-35.24012,1
41.506058,16.718777,7
15.887659,-2.5879264,7
0.84352547,-1.5940362,3
-5.680239,-1.997345,0
-0.023346663,-2.3937972,8
3.7315307,3.4366016,4
0.477131,-1.9318155,8
1.006105,-22.441467,2
1.8996089,4.913485,6
-4.2056236,-4.701331,5
0.071214765,0.57691056,2
3.5462322,3.6020575,9
10.701044,5.339134,7
-2.4970767,-3.081548,3
4.4967537,3.4550846,9
-9.687455,-4.7048397,0
-0.28244662,-2.97649,9
2.0731757,1.5707047,9
1.1411391,5.222653,6
5.935498,5.4819603,4
-0.93295014,0.9251194,2
3.6106143,5.256735,9
16.991177,3.480111,7
-1.0374981,0.90645164,2
17.283022,-15.467192,1
18.250685,-14.574327,1
0.54520905,2.2358696,6
1.3385367,1.1167562,7
3.1404037,0.61855733,4
15.452066,0.7488185,7
-0.08400145,-2.9968033,5
6.6403213,0.2028997,9
-5.0093193,-5.5454965,6
-2.030626,-1.5539309,8
-0.23812713,0.45544133,2
20.70903,-14.094683,1
-0.99277496,1.5436823,4
3.6132815,4.0452814,4
11.320562,-4.6806946,5
2.750364,2.4258654,7
0.6208863,2.7551365,6
21.875282,-18.179274,1
-0.6623779,-1.2075495,3
-0.42223546,0.5613475,2
10.012297,-4.7199073,5
5.054285,3.1324723,9
3.463317,5.60619,9
-0.7723227,-1.1047468,3
0.68489945,4.668733,6
63.337082,-33.829567,1
22.87269,-22.942518,1
3.4161172,2.2177706,4
-0.19284919,3.4979932,6
6.308766,6.248948,9
22.380793,16.466272,7
-0.3243818,0.25653094,2
33.75005,-22.065365,1
-0.047541022,-3.584133,5
38.257664,-33.33287,1
3.1602192,3.1141112,4
0.56815505,2.3474169,6
-0.63634527,-0.6707313,3
-0.25814378,-4.4391446,8
24.701077,-22.474325,1
40.574123,-24.787903,1
-1.2057471,13.209599,0
-0.03896703,0.26784387,3
34.92407,-36.058315,1
0.4042179,2.466,6
-1.7598131,-0.607182,8
4.2858176,1.282655,4
3.532228,2.7090666,9
-9.394415,-4.2745743,0
28.55412,8.193078,7
-0.53511417,-0.4202144,3
-0.92445415,15.723619,0
4.1740766,2.2847612,2
3.5438867,4.3179607,9
0.010167174,15.937187,0
0.060680628,7.588872,6
1.050225,2.2586546,6
-1.0030752,3.418867,6
-1.5662224,-2.4527118,3
1.929357,7.531878,6
34.178867,16.928156,7
22.07539,6.7446527,7
1.9849129,-49.206528,2
0.78235936,-3.4493349,8
1.1198876,5.4532747,6
-9.741257,-7.341017,0
0.65145195,-3.4234145,8
-1.0371013,-2.274808,3
-4.921489,-1.9097404,0
-0.24181724,0.7009162,2
3.2396677,3.576882,9
0.08765053,-1.9280318,8
-1.3427503,-1.8124721,3
-0.96854454,0.8688896,2
-0.2973646,-3.6079447,5
-1.3357506,-1.838881,3
0.10213423,-3.1885777,8
0.065416485,-1.618711,8
-4.5746293,-4.4601293,0
-2.4496284,-2.100758,0
29.480433,-17.051859,1
3.6579864,1.720699,9
0.5870033,-3.5566094,5
51.68167,-38.34948,1
-0.54006076,-2.1867628,3
2.6216486,1.7848293,9
0.295426,2.226301,6
-0.21106578,15.909097,0
38.04839,-25.83114,1
2.7714756,4.5072823,4
28.19518,-20.327888,1
30.833591,20.936083,7
56.213875,-34.685936,1
1.1325868,2.829672,2
-0.7268419,-3.0157852,3
10.99551,-7.6163287,7
3.6495833,5.9857783,9
2.6327791,1.9591951,7
3.6650357,5.406468,4
3.0087214,4.789663,9
3.2986083,2.7613235,9
-0.68837094,-1.3234651,3
1.7628279,2.7983372,9
3.1031685,-76.06687,2
0.58943737,-3.46339,8
-0.5777887,1.1309417,2
16.778126,5.4149785,7
41.838245,-34.306118,1
-2.388203,-4.1459494,8
-2.1047726,-0.5560827,0
4.7080746,2.1443994,9
18.591629,-16.961441,1
-2.5694306,-1.3775244,0
42.30551,-29.98456,1
17.628082,2.3931358,7
12.355204,7.5273094,7
4.3503304,6.5029254,9
1.1082331,5.4737873,6
3.2166235,5.9814672,9
2.2641943,2.5299556,9
3.6961036,2.5059748,9
-0.62393034,0.6214001,2
55.786266,-29.343092,1
0.866079,8.565159,6
48.207947,-37.471943,1
-2.2679079,-4.8441944,3
-1.5024967,-1.6577315,5
-0.010815859,-2.986514,7
20.432373,-16.72001,1
3.2035007,3.6643023,9
25.057468,18.809916,7
0.44584388,3.3654885,6
4.9231205,2.405728,4
-2.3266566,-2.5413532,5
40.89696,14.9996605,7
0.30454373,4.993325,6
0.14171484,-1.9772036,6
2.8251746,3.268302,9
3.5924885,4.705343,9
0.3145977,-3.1083446,6
-1.9069722,-3.2635899,3
0.11626482,1.6655889,6
-0.18249501,0.45645922,2
5.1916604,1.5562844,9
1.2142724,-2.463012,8
34.327404,-24.648306,1
-0.20188275,0.5649641,2
-1.0726832,-47.202885,2
0.30886304,-2.2687957,5
5.1663857,1.0230381,5
-0.38999397,0.9324828,2
-0.9458771,-1.4211036,3
21.589191,12.025417,7
-0.66076714,0.69885045,2
33.90575,-32.1715,1
-7.0228057,-2.9826927,0
40.078915,-32.60655,1
-2.332909,-1.4853678,0
2.6278906,4.1700363,4
6.6762867,-3.2881489,5
0.11208796,0.59082574,2
-3.31598,-2.4384875,8
-0.055961184,0.6293835,2
-0.089956045,-1.6092205,8
-0.3864664,-2.2772214,3
4.9806824,-2.3414664,5
52.251755,-31.235584,1
30.339542,22.409523,7
2.586721,1.0766028,8
21.527931,-18.438868,1
17.890219,-16.645712,1
-0.44651476,0.35463446,2
2.027028,3.337553,9
3.2688465,1.2460222,7
-0.11139366,-2.4189153,8
0.6632366,2.5433404,4
-0.17557164,8.774033,0
-0.8900895,-0.8360803,3
-5.5973945,-4.522949,0
2.0783093,2.1997132,7
-2.601732,-4.289942,8
0.028015971,-1.7787097,8
1.8878126,1.5909619,4
21.819199,11.305386,7
49.38473,7.2981844,7
1.2719667,-3.7223215,8
0.40948153,-1.8572702,5
-0.6073509,-2.6140888,8
0.33186918,2.1596072,4
3.2495632,1.8293161,9
0.4647665,-1.5938199,8
17.206898,-12.264206,1
-0.18271244,-1.6289525,3
3.547082,-2.8710544,8
-6.982703,-2.9375734,0
-0.5828195,-2.1907327,3
25.732605,-19.431843,1
2.0916584,1.5737524,7
2.8180609,-0.22490883,9
-1.4560795,-1.2976713,5
-0.16138443,2.0032666,5
36.596664,-28.516119,1
1.4543622,7.814514,6
-2.4249878,-2.6532688,5
65.70001,25.226788,7
7.912828,17.549137,4
3.5863547,3.8276153,9
-0.7649998,-2.2347806,3
1.3247579,-2.1689909,5
2.9951296,1.7988693,4
21.21289,4.0104065,7
42.474434,-27.751802,1
-0.19506888,0.86888343,2
-2.0998273,14.338626,0
2.4213614,-1.6923349,8
70.41174,-34.490673,1
1.4215604,9.830014,6
-2.5844474,-1.7282991,0
31.497751,4.3956795,7
0.08194658,-1.3583057,3
2.7993186,2.882791,4
34.55458,11.119392,7
0.90215135,-3.0128798,3
4.919536,1.2754879,9
0.63246375,3.6426039,6
-1.9190366,-0.78215265,0
-0.24314687,-2.7062936,8
0.35810652,2.476395,6
2.1050336,3.1919112,4
-0.07338062,-2.716887,8
37.470673,5.0757394,7
15.541512,7.3164415,7
4.9760303,2.3454528,9
0.07470751,-0.98751974,3
0.6909875,-2.7709897,8
0.53150153,2.4449406,6
3.5345764,3.3110132,9
45.340355,11.15737,7
-0.1482284,0.9562653,2
-0.783414,-2.553425,3
3.876836,1.8918583,4
-7.377555,-2.1605206,0
0.112359524,-3.4746695,2
70.495895,-43.050358,1
-1.1770806,-0.65486526,8
-1.0602359,-4.562467,3
2.868171,-2.6291466,5
3.9814515,-1.3937225,5
38.147224,14.778257,7
0.1482157,0.110976055,2
7.045605,0.113348484,4
-3.6055272,-2.9775863,6
23.099554,5.5042896,7
0.20924492,0.74516475,2
-0.024576217,-2.2862458,8
-0.38813275,-1.9401939,3
-2.6513667,-0.40308,0
-0.41098875,-2.864546,8
27.36673,13.626196,7
0.6284529,-3.0166898,8
2.3327541,3.7742448,9
-1.8819547,-0.58417773,0
0.2235029,-2.719654,8
3.3997247,5.0147214,4
2.5393443,2.0502326,4
-1.7977993,-2.3544457,5
-0.88312745,-3.2271557,8
0.6208405,-2.0219429,5
1.5028628,5.9549356,6
0.5478604,2.4612186,6
-0.8245214,-4.449001,3
0.3942917,15.559565,0
3.7680807,2.523972,9
-0.66263974,-1.4702327,3
0.56529117,-0.7296611,7
-0.93048286,-0.96093214,6
-0.55958605,0.39967197,8
2.5674605,2.4596133,9
-0.61647546,-1.9458082,3
3.52464,5.3298707,4
2.932067,1.8476703,9
-2.6993847,-2.6622486,5
-0.036133602,-2.0243902,8
3.307485,3.8151946,9
73.49672,-39.639664,1
2.8000832,-75.634926,2
0.29672337,-1.6332431,8
0.9952711,-2.391386,8
0.18930739,3.3029795,6
-1.4301761,-2.397649,8
26.25941,-19.858074,1
-1.9885757,-3.1867914,3
18.015482,0.9941561,7
2.7046425,1.7035404,9
-1.7315885,-1.6888442,0
32.74427,-24.9249,1
43.726284,-33.91623,1
6.5097356,1.7657876,4
0.67012393,-0.9057392,7
-10.079663,-5.838171,0
0.23889035,-2.4614527,8
54.361885,-40.308548,1
51.568398,11.716644,7
-0.42828736,-2.7020063,4
-2.245956,-2.4555466,5
35.057945,-5.7026424,7
30.38381,-19.12011,1
-0.3507113,0.7598389,2
32.642185,-22.726343,1
35.9176,-33.845863,1
-0.40901792,-2.2563555,3
-2.8526301,-1.8232589,9
0.29495728,4.4293766,6
1.3740667,3.527892,2
36.9665,-24.370312,1
-2.0012045,-1.1369362,2
-0.06562534,-2.559302,8
0.537193,-4.467738,0
98.02461,-1.5196915,7
-3.2641432,-2.9951477,6
1.1564682,5.0352035,6
2.9339197,2.178615,9
0.83367604,-1.6575894,3
11.252457,-9.521237,7
-2.787781,-2.6616063,0
-4.7483053,-5.5930037,5
-0.33956504,0.3607454,2
-1.3634356,-0.68507767,8
-9.706348,-5.8586426,0
0.409154,-2.5798998,5
2.2631168,2.6421812,4
-0.6233871,-0.8409138,3
0.83838224,-2.8390086,8
2.5185041,3.9399972,4
-0.059264436,1.8664337,6
0.09256649,1.683655,6
-0.833072,0.49005622,2
34.045116,-2.4740982,7
3.4158976,1.8915498,9
-1.0730217,-0.85442233,5
68.78978,-34.107094,1
-1.2001407,-3.2368653,3
4.759083,-79.13447,2
4.846085,3.3596518,4
-1.007504,-1.9753486,3
0.96952844,4.264691,6
69.88453,-32.588642,1
3.3041165,2.1313963,9
3.0884962,1.7026265,4
3.958176,3.1268563,4
18.426468,6.7915545,7
1.2287121,9.472494,6
0.15436494,-3.917004,5
3.3716853,2.8779721,4
35.41104,-30.861557,1
2.523697,2.1569207,9
2.685492,2.5294757,9
-0.99441475,1.1348593,2
33.443645,-4.3177595,7
-0.16421358,-1.8950498,8
-1.3100256,10.775235,0
44.691463,-26.88574,1
-2.0304546,-3.5811355,3
0.5938745,3.441083,6
43.827885,-30.818302,1
0.11029762,0.24834129,3
2.6739855,2.2779164,4
78.53828,-41.120735,1
44.674168,-30.819216,1
34.413906,-34.313072,1
0.5994561,-3.5034606,5
0.45338342,5.1029205,6
-3.6006618,-1.46698,0
51.70936,3.0477676,7
-8.362966,-2.9824142,0
18.872314,10.608548,7
-0.579638,-1.8889995,2
-1.688208,-3.384555,3
-0.33702195,0.6803457,2
-1.5437145,-1.8386879,5
10.634386,1.1857368,2
-0.5849672,1.3099939,2
3.1207771,3.5567167,9
4.412161,1.2129588,4
3.7785563,2.5196648,9
0.07734135,-2.3709352,8
33.746105,-22.622673,1
-1.2790442,-0.92188907,2
15.085259,-22.118568,1
0.28770983,-2.3755705,6
40.138943,-26.0579,1
4.396553,-61.799694,2
32.53679,21.68087,7
3.2638726,2.7175758,8
-0.18916637,16.621468,0
-5.7618494,-1.2344017,0
-2.0314033,-1.4631882,0
1.4854761,-4.078503,8
-0.6794996,-56.215992,2
-0.039249804,0.81646955,2
4.5576525,0.09507179,9
0.085288465,0.5239188,2
0.0634062,0.753148,2
27.107986,-13.183566,7
3.8830984,3.3402429,9
4.2294364,6.840841,9
1.7034073,-23.27978,2
4.4923306,1.9198539,7
-0.1452597,-2.208326,5
39.063084,-31.303135,1
-1.1439157,-3.1093535,3
3.9415364,4.0786643,4
4.6287146,2.1253715,9
3.6666007,4.1611414,4
53.60727,-38.15992,1
2.5996988,1.7294524,8
-2.9802554,-3.8114424,5
0.6512411,4.042558,6
-0.0126399975,0.51327395,2
0.4107198,-4.015255,8
-0.6920066,-1.015414,3
63.631878,-34.64945,1
0.4169538,0.8850905,2
-0.323266,-3.170188,8
0.87198347,2.3386345,4
3.6634793,2.373649,9
3.422389,2.398882,9
-0.075089216,-1.5573606,3
21.354542,6.336974,7
-9.308597,-8.295378,0
23.129898,10.078541,7
38.571125,19.012873,7
0.62573993,1.8188032,2
-1.3941348,-2.6476235,3
-0.36089244,0.35713452,2
2.4082432,1.5305882,4
-11.355253,-8.588705,0
-0.94190115,-2.8914616,3
4.0632033,2.4086263,9
5.527858,2.2722282,9
2.2021112,-3.200599,8
5.867465,3.029329,4
21.954678,-20.965672,1
-4.528228,-0.02771616,0
-0.33962208,3.6982543,6
-6.07438,2.0614128,0
4.577964,1.6751283,9
0.035393044,2.597385,6
1.4343942,-1.3508103,8
0.30295527,4.6959915,6
21.685125,-18.23125,1
22.278347,-18.112593,1
3.9803333,2.2579443,9
1.4565424,-3.7151065,8
5.6039248,3.5499973,9
-1.275194,1.8552959,2
-0.92084444,-1.4762207,3
-0.5938028,-0.48328185,5
-0.646515,-0.297127,5
4.5817184,2.6989536,9
5.006875,0.44749665,4
-0.5863057,1.1172644,2
17.58034,-20.486065,1
4.8293204,1.7406179,9
3.99691,0.6592876,4
-0.056059524,-1.7115697,3
4.8936806,2.324776,9
-0.5999389,3.4509895,6
-5.692871,1.2471018,0
5.747725,0.3539648,4
-3.8547935,0.87967277,0
0.05801761,3.3893344,6
-3.1133432,9.868189,0
16.42726,-15.696175,1
-0.48774174,1.2979723,2
-0.46998906,0.20395362,3
5.302683,1.559094,4
22.667677,2.6110077,7
1.165992,-1.990078,8
3.9072962,1.8522763,9
-3.7661386,14.514337,0
17.42575,-14.775537,1
-0.045823712,0.7866791,2
-1.2492753,-0.29171348,3
6.431301,-0.7646966,4
34.389977,-3.4890156,7
1.1666331,-1.5787687,8
4.4626565,1.1717583,9
-3.2075856,9.0302725,0
25.51597,-26.798206,1
-0.8310567,1.7135339,2
-1.3944628,-0.4170313,3
9.248448,-1.9445333,4
11.319767,-4.5736294,5
-0.0082371235,5.1357036,6
36.267406,-3.259545,7
1.5713084,-1.6237602,8
4.7822433,1.5688367,9
0.1404554,-1.8698189,8
-0.14398733,-0.7265292,3
7.566943,-1.7303715,4
23.538748,3.3052943,7
1.3425395,-0.86706567,8
-0.22029638,4.0215564,6
-0.9656247,0.4906575,3
8.345167,-5.2177105,4
-10.261364,1.3979559,0
5.6833253,2.0168123,9
63.68924,9.420291,7
16.926237,-17.164991,1
4.7522855,2.0754247,9
-0.6528945,-0.44286156,3
1.0991044,-1.217071,8
5.33059,0.14081621,4
25.401926,2.5729532,7
-1.0971253,0.56214124,3
-6.675394,0.31968594,0
4.696272,1.8738364,9
23.3142,-21.191801,1
6.691583,1.6617861,4
8.99008,-3.705522,5
4.7693543,0.09967184,4
0.03598988,4.266989,6
-1.5710145,2.0736449,2
-6.9425354,-0.37484264,0
-0.22102141,5.0560675,6
-2.4258134,2.1470318,2
10.989286,-10.86272,1
9.276906,-9.784361,1
11.432783,-11.140005,1
15.74399,-16.761517,1
43.335587,6.2026095,7
-1.8328272,1.7896414,2
5.0887127,0.28725958,4
54.462204,14.459589,7
4.722053,-1.4520955,5
-1.1655631,0.660571,2
4.2004614,0.49301672,9
4.7013063,0.66580963,4
8.117693,-3.3609018,5
1.7957072,-2.817366,8
6.198822,0.8161478,4
-2.1700633,1.743106,2
5.5671177,1.0571537,9
36.23763,3.294211,7
-8.122267,0.34920788,0
-6.2354035,0.34716034,0
35.085606,0.06389332,7
6.6899805,-3.2819595,5
16.948824,-20.77458,1
21.064667,-21.565784,1
31.354937,5.9113135,7
0.15633464,4.3814764,6
-0.64938813,4.5691996,6
0.3977158,5.531583,6
-0.71935475,-0.6379504,8
-0.82851994,0.71208966,2
-1.1767961,1.0024321,2
22.917244,2.0589457,7
42.329697,3.120311,7
6.4371195,0.8791003,4
-9.248924,1.0817003,0
-1.5314587,1.8655772,2
9.154703,-1.7821865,4
-0.78444666,0.7331915,2
25.299753,-24.351765,1
1.1945522,-2.6726513,8
3.9057808,1.236193,9
-0.16037466,3.0846622,6
12.566939,-16.183323,1
-6.4662104,0.5088749,0
12.807534,-5.483402,5
4.566224,1.6504843,9
0.15226805,5.1044736,6
3.596648,1.2936823,9
3.6698084,-1.371326,8
-6.5492268,-0.14490318,0
-1.6753023,1.1840706,3
-5.9265394,-0.085763454,0
1.6723242,-2.4304054,8
-1.3133595,-0.3628819,3
4.054731,0.41128087,9
0.16908133,4.3354807,6
-0.6961696,0.048361063,3
-8.79327,-0.04829979,0
20.688559,-19.495523,1
-0.110912815,0.5818547,2
-0.9323782,-0.9125788,3
3.674327,4.4028783,4
-2.4897141,-2.7919211,5
0.7782352,10.823538,6
21.804783,2.961157,7
-5.116377,9.998815,0
35.176888,-28.186546,1
4.809244,-62.010925,2
-0.82750136,-0.32999277,3
3.5416338,1.7799183,4
0.21427399,-2.7656043,5
1.2793015,6.8967776,6
16.65919,3.7638934,7
1.6326807,-2.691383,8
4.271723,0.768893,9
-2.1418717,8.621397,0
25.228516,-32.576416,1
-0.5261904,0.5124933,2
0.6790067,-1.4881804,3
3.5364544,3.606471,4
4.8040624,-2.1751242,5
0.8975961,4.744692,6
31.34971,5.965509,7
0.76328135,-2.3154218,8
1.0529317,-2.1005273,5
3.0167465,2.8861468,4
4.535061,2.4208982,8
17.428955,5.317107,7
3.1724937,2.4548461,4
52.239532,21.190502,7
22.520542,6.339651,7
0.03238173,-1.4610367,3
2.8529708,1.2066802,9
1.1002262,-3.0653753,8
1.13312,-2.748849,8
-0.1968711,-1.911733,3
30.3103,-24.343174,1
-1.7645779,-1.913924,5
1.4079754,-2.9871056,8
-0.41044527,-4.678791,2
35.7015,0.10838175,7
5.0760508,8.661215,4
-0.50041485,-46.48991,2
27.558882,-25.441607,1
1.1381481,-1.6869367,5
3.329669,5.4198756,4
0.32671934,-2.4246264,5
0.31005913,-2.0675685,5
1.7202355,-2.8902144,8
1.0284699,5.0574403,6
2.695223,2.854793,4
4.400324,6.1341968,4
3.9104776,5.565255,4
46.24665,-29.180424,1
0.72301114,-2.2590172,8
36.564598,-3.5458512,7
-2.068306,-1.8352392,5
0.24380381,2.6878333,5
21.60847,-17.871838,1
1.8167206,2.5930278,8
3.129387,3.4486997,9
31.965914,-24.863052,1
0.8224779,-1.9186084,3
0.6419266,3.896275,6
-0.119714305,-1.7340708,3
-0.4087541,-1.8423147,3
-0.018069334,0.7314032,2
6.1611633,-78.26443,2
1.0248499,7.786448,6
4.2194996,1.389196,9
3.6603281,2.653418,9
0.7396583,12.309481,6
5.134958,-2.2465682,5
4.4576635,-1.8841782,5
-0.48747802,0.09648508,3
-0.55655813,0.3268535,3
3.1478019,-0.07631895,8
19.233711,-16.170422,1
0.6366212,2.9346461,6
0.29869485,-0.86565864,5
0.98957396,5.1495395,6
1.6657686,-2.8183093,8
26.03088,-24.348982,1
3.8899615,1.8388433,9
17.272856,3.922245,7
1.0020512,5.9182725,6
0.49814403,-2.2575498,8
-0.4352066,0.23096943,3
32.517036,4.3380575,7
2.765851,2.1564417,4
17.190245,4.0288005,7
-1.4821769,14.651768,0
3.5829449,1.3531761,9
-2.8979318,10.76386,0
-1.2508243,12.824392,0
0.33775234,-1.2200143,3
5.1461844,-1.9925014,7
4.551886,0.3374834,9
-0.33925325,0.04530281,3
-3.824584,13.424006,0
-0.94693244,1.4049847,2
-1.6172508,12.114475,0
20.867168,-25.49725,1
-2.9266448,0.39863682,0
20.655577,-20.987783,1
-0.67689717,4.9161644,0
5.460867,4.1130404,4
-3.038146,-0.010783672,0
16.462124,-21.313126,1
-8.66217,-0.36707592,0
4.7955623,1.7291272,4
31.049963,-2.1234975,7
4.1017604,0.1954639,9
0.40095878,4.832219,6
-0.00759463,0.6974097,2
0.32616878,6.9056115,6
-0.23461956,-17.063011,2
-0.50989383,0.4858088,2
11.867384,-0.014373541,9
10.363719,-0.46955252,9
-3.2303586,-1.0278249,0
20.4618,-16.42465,1
-0.8355912,0.88957787,2
-1.5184238,-2.7855518,3
3.42102,2.277997,4
-0.9314534,-2.3893123,5
0.8160455,4.403978,6
32.28478,7.181284,7
2.1449728,-3.4333053,8
3.0202293,2.5168085,9
-3.152626,-1.2792435,0
14.332169,-14.085354,1
-1.5059311,1.4839271,2
-1.8307402,-3.8487847,3
4.991469,2.211814,4
-2.112208,-2.3031888,5
0.35319695,3.2968545,6
54.45502,23.337246,7
7.0361834,0.5878613,8
3.5221279,3.7984622,9
-4.993846,-1.0845823,0
14.848809,-14.825688,1
-2.4080484,2.0276651,2
-1.2419876,-1.5724845,3
5.6494675,3.4738882,4
0.24839103,-3.3830593,5
0.26785588,2.6627512,6
53.98806,9.035966,7
2.2010756,-3.3067882,8
3.3965452,1.8632832,9
0.8010125,-1.7481148,8
-2.395965,-1.170013,0
-1.6368873,-1.4917946,5
0.8315252,3.514488,6
0.59941876,2.9629335,6
-5.213875,-1.1408925,0
2.4352276,-1.2832838,8
-2.6794522,-0.84574795,0
-2.4211888,1.5987256,2
-1.2113392,-1.1335437,3
62.54634,18.092888,7
8.068729,1.7891325,9
5.482409,1.5142617,4
47.13179,17.109095,7
18.271297,-19.301817,1
4.207864,2.2633643,9
17.499378,-18.897413,1
52.860313,15.188736,7
13.778396,-12.535881,1
5.0931454,1.4794278,4
-3.5004535,-0.74774885,0
-3.2746696,-1.5374026,0
2.6563103,1.5001106,4
20.31308,-21.307072,1
27.214928,6.48577,7
-1.3794929,-1.0732007,5
45.08731,13.190693,7
14.550866,-16.271343,1
-1.3845329,-2.0005503,3
-1.0288864,-1.1624038,3
-0.82543075,-1.3420477,3
0.6293231,1.4335878,1
0.014998173,3.4628923,6
4.1525745,2.9922216,9
42.372227,7.9771614,7
3.395748,1.6572182,4
-0.9906586,-1.2155716,3
-4.5604806,-2.7168813,0
-1.6323309,1.0850291,2
-1.768711,-1.8039045,5
-1.5674226,1.2558022,2
1.0829445,4.2611322,6
-3.8241386,-1.7323627,0
1.1425626,-1.8002154,8
3.853477,3.9444013,9
3.0723062,2.233615,4
-0.83935595,-1.3322909,3
-1.8128624,-2.2403545,5
2.335737,1.7873466,4
1.8423579,-2.0977068,8
18.983284,-17.682531,1
-1.4732971,-1.2084737,5
4.681798,3.2311459,9
-3.553022,-1.1401033,0
0.7733455,3.5622234,6
5.2869706,2.5207052,4
-0.8552183,-1.0558281,3
-0.06890222,1.9542862,6
-0.9475553,-0.7634251,3
-0.90746987,-0.9002869,3
1.4850979,-2.2079263,8
14.312597,-13.478885,1
4.186051,1.7515188,4
34.16027,8.394397,7
-0.5762542,-3.8427455,5
62.32371,16.49434,7
-1.7689227,1.8381147,2
-2.2245755,2.2283,2
-3.7099175,-2.0033379,0
-5.965246,-3.6263847,0
21.893103,-15.96649,1
25.070164,6.9970665,7
25.470436,3.984519,7
5.235239,3.6678615,9
2.0886369,-1.042076,5
3.0344453,1.8420259,9
1.9525797,-2.4777758,8
5.5991783,6.0398636,9
-0.041725166,2.888746,6
5.2566953,-0.054762244,8
3.2671452,1.6870551,8
-2.01993,1.6558099,2
-1.8312075,-2.2418022,3
1.1078441,4.2457795,6
31.365515,-23.68101,1
-0.8008915,1.003432,2
3.92671,3.445818,9
1.3216348,-1.4794128,8
3.4519439,2.750533,9
-1.5856242,-1.4862375,5
-2.7360804,2.2334974,2
0.7924219,3.5149121,6
-0.81566656,0.7254489,2
4.4382963,2.3959036,4
1.5236651,-1.8505598,8
4.4921184,0.8358345,4
0.47809795,2.5246177,6
-1.7701657,-2.267626,5
-1.9744934,-0.62623596,0
26.831066,-24.978138,1
2.7285216,-1.3080337,5
-2.0039175,-2.224356,6
25.976868,5.8839636,7
0.19108756,-2.2717948,8
3.8919961,1.4939132,9
-4.397249,-1.3652482,0
19.040228,-19.518675,1
-0.17370424,0.9426189,2
-1.3171964,-0.92237806,3
4.4923635,1.2573189,4
-1.5647049,-0.80089283,5
0.594525,7.556402,6
48.84285,12.094561,7
0.3082515,-2.1287794,8
3.3837886,1.4558668,9
-7.5850596,-3.3137922,0
18.396318,-14.690316,1
-0.23985584,0.7529564,2
-1.6755579,-1.1548238,3
5.569277,0.6648941,4
-1.8343346,-0.34531784,5
0.23562562,4.6269493,6
61.862606,25.38449,7
0.94185776,-2.468188,8
4.1711106,1.9622275,9
40.695896,11.598452,7
4.5787654,1.0383017,4
-0.55469376,0.29894075,2
-10.380745,-1.3076077,0
3.9045148,1.0846139,9
-10.128947,-1.8026838,0
20.095524,-18.068483,1
-1.8832469,-1.2461779,5
0.096708134,-1.7328404,8
-0.13496423,-1.5985518,8
-2.445673,-1.3798823,0
-1.0206296,0.9700408,2
50.328674,12.442209,7
0.70667505,-2.5394819,8
5.3331847,-0.630743,4
4.3997264,1.4164451,4
0.94173396,5.426577,6
23.073893,-23.74889,1
-8.965496,-1.7438498,0
7.6403985,-1.5801299,4
0.3936085,0.16992092,5
-0.32830355,-1.4374055,3
3.460603,1.6215,9
4.892062,1.3703132,4
-0.5516227,0.6207316,2
-6.531012,-1.5502796,0
0.67817926,-2.7296848,5
-10.130586,-3.983675,0
27.909016,-22.417503,1
-0.8598717,-0.1292243,3
-0.06985389,0.8197035,2
4.026232,3.0295167,9
-0.28649658,-1.960395,1
1.1931914,8.705559,6
-9.222612,3.2346792,0
23.840504,-21.345348,1
19.114239,-20.013885,1
0.6714329,-2.7499032,8
-5.5234995,-1.0120668,0
4.998406,1.2520325,4
55.23242,21.211689,7
42.853096,13.240448,7
0.36289763,5.536067,6
-0.33654845,0.3362925,3
0.8768898,8.957228,6
-8.395965,-2.8150253,0
20.486462,2.2282658,7
-0.93284714,-0.38674164,3
-1.7741902,-1.367948,5
4.257477,2.407842,4
-0.1879827,0.70518506,2
6.150289,1.3267837,4
26.523726,-26.551775,1
0.5979922,-2.288936,8
-0.91977507,-0.6324463,3
-1.1050087,-0.8191294,5
0.78284895,7.397501,6
62.183716,16.39573,7
-3.3365817,-0.29497814,0
0.45940185,5.0187,6
30.041092,8.765626,7
15.178817,-17.817684,1
-0.73911107,0.6504687,2
-1.7707782,-1.6440988,5
1.3131068,-2.3365788,8
21.098934,-21.894583,1
4.775255,1.9086607,9
-0.5014651,-0.011433125,3
0.7772935,-2.8598497,8
-0.40150732,0.46397263,2
-0.28784335,-3.2200737,8
34.666454,1.4439503,7
0.28162074,5.2886786,6
36.733585,5.494705,7
21.507477,-23.064491,1
10.8525715,-1.4029541,4
0.50758684,6.304945,6
-0.14087723,0.8790448,2
5.1964493,2.0019374,9
-1.5776533,-0.08971572,3
-2.7446094,-2.2667599,0
59.56374,-36.066216,1
0.07212895,0.5858453,2
-0.9646158,-1.4064239,3
2.9072287,4.0062165,4
-2.003955,-2.8854065,5
0.86594445,3.6819873,6
17.417257,7.814826,7
-3.5163474,-2.5466824,0
45.11564,-25.498775,1
0.07710712,0.75123936,2
-1.7048804,-2.7968516,3
3.2798212,4.3112464,4
-2.3112094,-3.2184722,5
-2.1626086,-1.7963991,0
50.28505,-28.478895,1
0.026185762,0.7299249,2
-2.9470963,-2.725871,8
3.122493,3.5842319,9
39.576126,-26.095772,1
1.2556465,1.745534,4
-2.0551298,-0.82688785,0
3.175305,3.0486934,9
-1.9330367,-1.9492793,5
-2.8158257,-1.8540597,0
-2.4733167,-2.4934747,8
-4.493276,-1.220962,0
4.4419155,2.0867867,7
24.862186,5.4669037,7
38.045746,-26.52422,1
33.05519,-21.67239,1
1.1519804,-20.038506,2
3.3125904,3.2799358,9
-1.012274,-3.2074623,3
0.44056252,5.1038375,6
31.161552,7.9144497,7
-0.03839034,-5.7152834,2
-0.7252357,-0.66914594,3
-2.3567352,-2.4062052,8
29.170748,-19.409477,1
-0.32878485,0.97434276,2
4.0401363,2.2999723,9
-2.4616764,-2.5699925,8
-1.9581693,-2.229825,8
34.42962,13.463251,7
46.224144,-28.993818,1
32.762283,12.59951,7
22.563896,-14.877749,1
48.317905,-29.508663,1
-3.380022,-2.5198736,0
-1.4184766,-2.5211105,3
2.2279077,2.110807,4
-0.03169527,0.63544005,2
0.5381373,8.503521,6
2.7683,2.7380557,4
12.183546,4.96743,7
3.5925891,2.232306,4
2.4617414,-34.001747,2
24.148201,5.34571,7
1.1786085,2.912879,4
3.1242642,2.452122,9
46.578106,-32.803436,1
-2.2105834,-1.2755599,0
1.0947222,6.297123,6
-3.0834026,-2.677694,8
-1.9967697,-1.5992448,5
-2.3556395,-2.370963,5
-2.6881018,-2.9056983,5
-0.8401995,-1.1125205,3
-2.479619,-2.8025334,5
4.17307,2.8205018,9
34.536488,4.8833513,7
1.8448086,0.8886757,4
-1.3658416,-1.0699012,8
0.2811794,-3.6183434,5
4.1701794,3.6528244,9
1.2606974,5.6337795,6
3.9012024,4.196951,9
-0.5230312,-2.7110841,3
-6.67183,-3.718833,0
-0.456115,-1.8983756,3
-1.8476632,-0.6941743,8
3.1328688,2.366101,9
43.415333,-31.269672,1
0.33155853,-2.6821938,8
25.75879,-17.24458,1
0.20825398,3.6140528,6
-3.3260574,-2.1957517,0
-1.6873641,11.985599,0
68.63079,-35.113205,1
-0.3077261,0.98831457,2
-1.0374928,-2.0381207,3
1.3646578,2.25626,4
0.6396033,-2.6013906,5
1.3325785,4.7361197,6
2.218422,1.5125167,7
1.5348487,-2.3938031,8
2.6109645,1.904534,9
-7.867527,-7.0030546,0
38.01142,-23.058775,1
-0.33581367,0.8627379,2
-1.2846856,-2.7427108,3
1.66694,1.6566759,4
3.2686813,-1.7005329,5
1.5496154,7.450102,6
18.31548,10.2838,7
0.2371346,1.3832144,8
2.7172842,2.0216079,9
0.3328302,11.090365,0
69.42799,-37.788425,1
-0.083815664,0.4793456,2
-1.312374,-2.0279865,3
2.375885,1.728831,4
0.84593785,-2.0607738,5
1.4880399,5.7023487,6
7.691084,5.8083825,7
0.05038497,-2.4512362,8
2.1223302,1.6083887,9
-1.835395,-2.1745963,3
4.405681,-1.9452968,5
-0.9004487,-1.2455473,3
-0.063800246,0.38102308,2
2.467263,2.6536553,9
-1.1578691,-1.2365808,3
-0.17947237,0.51362634,2
35.696194,-20.919262,1
0.936277,1.1470246,4
-0.70802873,-0.7578082,5
3.6536307,-1.5471778,5
-1.5298378,-1.2162795,2
-0.58623695,-2.6423407,3
-0.2511311,0.8895944,2
63.804756,-39.672035,1
-1.891057,-3.4762447,3
-0.03274268,-2.4451582,9
24.50543,12.163837,7
-0.53956133,0.5677156,2
3.7059345,-1.528358,1
-0.96430445,0.63873875,2
0.9662772,-2.8417668,8
2.445471,1.2125977,9
43.883472,-32.343822,1
0.09243333,-2.6361232,8
0.5368874,-2.7710235,8
3.0809705,2.0304017,7
-0.054871023,-3.6068408,8
32.978558,-21.028728,1
-3.2170057,-1.9379053,0
-3.349635,-1.5637064,0
6.4788017,1.9159436,7
9.641457,2.9546385,7
0.34245357,-2.1202443,8
20.428545,7.329857,7
6.3621216,-2.838293,5
-4.0683045,-2.035036,0
1.1121181,3.991588,6
10.349425,-7.8586273,1
-1.3000758,-0.70701337,5
5.604379,2.776136,7
2.9226706,0.4577186,4
0.80674064,3.2557216,6
31.07168,-23.279503,1
-0.7121078,1.2476103,2
0.6564102,-4.0007715,5
-8.700988,-6.9588013,0
25.955936,11.743979,7
3.5568254,1.7602959,9
3.2704356,2.4373164,9
-9.564297,-6.288872,0
-1.5806904,-2.1144333,3
0.44655508,-2.0509388,8
3.1454625,2.5597239,4
1.0725416,0.7876633,4
0.43733945,2.157949,8
40.858692,-27.423817,1
-0.10527727,-2.4656076,8
1.2424,4.319256,6
0.5572767,-2.8715637,5
2.8016744,4.318059,9
-7.501336,-5.5178604,0
-6.1373396,-4.8987627,0
-7.999197,-5.775547,0
-0.98810464,-2.8935368,3
6.1701493,3.4676101,7
52.205513,-33.63839,1
1.7775629,5.787667,6
1.7485714,1.2797785,4
-0.56968343,0.5858023,2
1.01184,3.851439,6
1.1209108,5.252808,6
-7.9739513,-5.6801643,0
0.66539454,2.5656018,4
0.20535499,-2.082351,5
1.2029719,1.9047762,4
51.69743,-31.465027,1
-0.6350881,-1.5188303,3
0.9182221,-2.7199934,8
1.3356167,5.3990684,6
-1.377919,-3.7993193,3
3.1136825,3.848238,9
-0.08274728,-2.3798852,9
5.407732,-2.0785894,5
3.367126,3.0660315,9
-0.9924892,-2.1366103,3
2.9187546,1.2716618,7
0.015478879,-1.7842628,8
0.37650493,-2.5538905,5
1.2414973,4.784222,6
1.3131659,2.4954956,4
3.0079293,2.2851644,7
1.3060213,4.493166,6
-0.18126574,0.5582545,2
-0.4774532,0.51447576,2
-5.704852,-4.096472,0
3.0451562,2.8353734,9
1.0473349,0.90931636,4
-2.913826,-1.6417775,0
32.05689,-24.881403,1
-0.71953094,0.71147346,2
-1.4631524,-2.7888274,3
4.537195,6.025893,4
-0.23950115,-3.017971,5
0.57868403,3.7827697,6
44.674244,16.15311,7
1.151403,-2.0648446,8
3.415873,1.5868609,9
-2.2021494,-1.3014121,0
29.479132,-23.552181,1
-0.42305213,0.78515583,2
2.1511455,3.7552521,3
1.196674,0.829018,5
0.35976803,4.126585,6
-6.638231,-2.782133,0
18.694292,-15.660296,1
-0.5948102,0.67243737,2
-1.4553849,-3.0194016,3
4.6289644,2.5368466,4
-1.4598672,-1.258131,5
0.22624724,2.504003,6
2.356082,-1.9870653,8
13.034721,-9.624257,7
11.599279,-12.2468815,1
-1.0209666,-1.4284506,3
-1.4537662,1.0711794,2
0.09487617,-1.6400228,8
-6.756917,-0.8105259,0
47.272552,3.3455276,7
0.037259236,1.7693286,5
4.652077,1.6360532,9
3.890767,4.0843716,9
0.25084662,4.6353145,6
-2.5734909,12.723645,0
4.9461184,0.97421813,9
5.806486,1.5695374,4
22.491236,-23.290396,1
-0.7287164,0.012412667,3
-1.2849838,1.2622106,2
20.942278,-16.659979,1
-0.8510083,1.0305502,2
-1.0528551,-1.5830669,3
2.0285897,-2.762324,8
-0.2742902,-2.0607638,3
-0.52450943,0.85388124,2
0.4505272,5.236151,6
0.09934002,-3.1544855,5
0.15514648,3.8318963,6
-1.1145837,-0.7589417,8
-0.41184562,0.79291874,2
18.683323,10.133857,7
3.352816,2.0652018,4
1.5876873,-2.7525504,8
21.880062,-17.343525,1
1.0048368,-3.2044787,8
-2.8908992,-0.3985157,0
-1.1246741,-0.9939041,5
-0.29619807,0.18291652,3
3.427559,1.5219864,9
5.000762,8.280729,4
32.501568,-24.858778,1
4.414946,4.3787966,9
-0.8074957,1.0070056,2
36.618023,-29.401207,1
3.9938562,1.665598,9
0.5151595,4.507411,6
37.435627,8.028825,7
3.8802142,2.3664694,9
-11.123679,-2.5810318,0
7.4828086,0.7972684,4
0.5947111,3.397097,6
24.50149,-21.589705,1
37.482044,6.6402617,7
-0.8018271,-1.3564441,3
2.060441,-2.414092,8
34.873135,9.296234,7
-0.25996947,0.5586753,2
4.089731,4.3897567,9
-0.001963377,8.186569,6
-0.6172188,-2.3106003,5
3.6555357,-2.9842973,8
-0.69450235,-1.013654,3
4.5724254,0.5835004,9
-6.074537,-1.329071,0
0.22367314,-2.354944,5
27.6921,4.809237,7
25.350403,-27.023792,1
0.22615163,3.6741629,6
20.065994,-19.239222,1
-2.7329245,-0.27894878,0
4.7428856,2.52723,9
-1.6990225,-2.7203832,3
-1.1210096,-1.9899911,3
3.884207,3.0603127,4
4.689026,3.0558257,4
-2.4285238,-1.2922149,0
0.4875047,2.453628,6
-1.1096835,0.62028694,2
-1.0743837,-1.0060346,5
5.0603795,3.4259982,4
-0.660297,0.50517815,2
0.009993434,-2.1390035,3
4.673671,7.2014904,4
1.7201327,6.8008294,6
-2.4323792,-0.8548627,0
-4.894819,-2.7915611,0
-0.118689045,1.1667333,2
-8.331101,-2.2254982,0
39.483234,-27.014359,1
3.7470915,2.3726118,4
-2.1922941,-2.1083708,5
0.2579083,4.020106,6
3.5573668,2.5825908,7
0.6779446,-2.093155,8
3.0341654,3.068983,9
-9.151329,0.17495632,0
20.40894,-22.151247,1
-1.6683762,1.9188051,2
-1.6899711,-1.5790462,3
4.0898504,2.2975757,4
-2.4475296,-2.1812482,5
1.1975962,8.830736,6
20.22537,6.250433,7
2.6102765,-3.124845,8
-3.825236,0.41790247,0
21.706562,-17.119593,1
-0.68366337,0.76648504,2
-1.3623731,-1.7215903,3
1.8140697,1.7675568,4
-1.3153794,-1.117259,5
0.35541323,2.2371273,6
16.561548,5.866619,7
1.1139184,-1.6796035,8
4.3112183,2.5244818,9
-0.85727936,0.31341368,8
2.833014,1.6482973,7
57.152256,-35.772896,1
-0.9246006,-0.7883313,3
7.934043,2.963097,7
-1.728368,-1.8620918,5
-0.10518828,0.7242307,2
0.1319859,-2.9669278,8
-3.2410183,-0.9363532,0
3.5531042,2.6144326,7
-1.8222507,-1.7575662,5
3.8200996,2.333191,9
3.5410838,2.7172914,9
-2.3546,-1.2027946,0
4.3762455,2.394388,9
49.723812,-38.576206,1
53.060455,-39.71742,1
-1.2088035,-1.1212296,5
0.3036332,-2.4833677,8
0.127707,-2.442826,8
0.4338131,2.8335733,6
-1.1435722,-1.6619594,3
0.010482341,0.7326451,2
44.942734,-28.871647,1
0.94222814,-2.585507,8
-1.9550304,-1.9940856,3
-0.67865926,1.0801835,2
1.0740607,5.605495,6
-1.8323863,-2.1110303,5
0.50198495,2.331446,6
-3.1283655,-5.0051956,7
-0.202,4.805893,4
40.585194,-26.171099,1
-1.5670218,-1.4893067,0
-1.7095001,-1.6554027,5
-1.0797592,-1.5498984,3
59.030422,-37.383556,1
3.5989292,3.9773502,9
-0.12270034,0.7724775,2
52.21509,-32.588764,1
4.180574,5.9026604,9
0.7296218,3.5900023,6
-2.4155009,-1.2721286,0
3.3783276,3.402346,4
0.363204,2.1883194,6
44.28383,-34.409782,1
7.191069,3.1612926,7
0.18162355,-1.6702454,3
0.7989168,-2.4775226,8
13.074597,6.101633,7
-0.589581,0.29948294,2
3.4283576,2.951911,9
0.20333387,4.1300726,6
-1.5682642,-1.5843558,5
1.2386314,-2.5428243,8
-3.5453033,-1.780508,3
-2.719966,-1.9688601,5
4.911627,3.174716,7
42.753513,-30.97101,1
1.0176481,3.365833,6
40.334675,-27.446236,1
-3.3564441,-2.3143468,0
3.4030685,2.485816,9
0.5785328,2.4648333,6
-0.06688552,0.32834357,2
-2.4810119,-2.9660826,5
2.0935621,1.5268438,4
-0.0041901893,0.55623233,2
-0.89872813,-1.0444483,3
3.1469584,2.4366486,4
3.8727577,5.9016194,4
1.092304,3.8536694,6
-3.185894,-2.5089812,0
-6.3669853,-3.1142817,0
-0.08297288,0.7187392,2
-8.629053,-7.532339,0
83.244644,-39.95905,1
-0.31807837,0.7249425,2
-0.47891328,-2.9119127,3
2.7383962,2.7171147,4
-1.4852942,-1.6180706,5
1.3553911,5.742237,6
2.5704732,1.6571854,7
-0.2789511,-3.2773628,8
3.1607566,5.135052,9
-9.630048,-4.1002874,0
70.449005,-33.063503,1
-0.10875395,0.6289154,2
-0.90242064,-3.3530407,3
2.4367554,3.8818884,4
-0.4722848,-3.4574044,5
1.423604,5.374142,6
19.165407,14.0457735,7
-0.45320028,-2.2525911,8
1.953165,3.3737416,9
-6.8502884,-4.6332607,0
73.681496,-34.505894,1
-0.41067392,1.2579281,2
-0.8945925,-4.8319297,3
3.037429,4.4534035,4
-0.65608764,-3.499561,5
1.9060366,7.1094313,6
8.281527,4.924655,7
0.26607713,-3.103458,8
2.207074,3.7658663,9
-0.835081,-4.703879,8
0.8634052,3.0722747,6
-2.0151348,-2.1902978,5
-8.985016,-7.8702097,0
1.4585905,5.1174855,6
0.066924095,-3.9711866,8
2.7809815,5.1558194,9
2.4788048,4.0405073,4
76.53092,-35.935036,1
-0.35310718,-2.55302,9
-2.014875,-3.477781,5
-0.83398944,-4.0259094,3
-2.3721333,-1.6025801,0
-0.09771004,-2.2346375,4
-0.5639398,-3.0767512,8
3.6951637,5.736145,9
67.311226,-31.047693,1
3.0263524,5.0504203,4
-3.4135857,-2.790072,0
-2.0783324,-2.5762706,5
-1.5878229,-2.3693368,5
-0.20269357,0.6305116,2
82.33649,-37.29162,1
-1.2331071,-4.1213326,5
2.3692842,3.7773209,4
-3.8936286,-3.4174395,0
8.903572,7.879353,7
0.6832063,2.979303,6
-5.471964,-3.1039228,0
60.703255,-31.750916,1
13.973213,11.523358,7
-7.757189,-4.9096537,0
0.80382025,3.3602467,6
-0.029310107,-3.7699668,8
2.9571512,5.4799347,9
-0.7282251,-3.5963652,5
55.593323,-27.566137,1
22.202187,16.400167,7
2.392897,3.4093456,9
0.018406242,-2.1555986,8
0.8163527,2.663722,6
-4.3493986,-3.3438797,0
-0.6557762,-4.0625296,8
68.15198,-30.137854,1
1.7529327,1.743452,7
14.523652,11.24248,7
65.06434,-29.893873,1
-1.1366739,-3.8441703,3
0.22453964,0.7568829,2
-2.0622272,-2.7168002,3
87.060684,-42.02968,1
2.6258664,4.330224,4
0.09992497,0.7024339,2
-6.7652874,-6.5420237,0
-7.9677696,-6.0774403,0
5.6660666,3.100758,7
0.12545279,-3.6159198,8
-0.0454776,-2.1032302,4
0.91264284,2.5810347,6
-0.3556501,-2.2347949,4
2.3372843,4.332154,9
-0.85543156,-3.3863873,3
-0.8196907,-3.597297,8
3.4188092,5.78707,4
-0.28917634,-2.2759516,7
-0.05336088,0.59894216,2
-2.0765536,-2.5036547,5
1.095185,3.786361,6
-2.5623384,-3.7081323,3
1.1654395,4.0643206,6
2.3737597,4.0489492,9
0.6449833,2.7157173,6
-1.2443113,-1.4450006,3
-1.6069227,-1.2951674,2
-0.039430957,0.8197352,2
2.1951559,3.484954,4
1.7671627,5.5973825,6
-0.34735286,-2.5105643,9
-2.274736,-1.7585664,0
-0.15992431,0.85214543,2
-3.0504553,-5.139506,5
-2.050692,-2.5035858,5
86.20912,-40.783188,1
-1.319191,-4.5273924,3
-1.3391055,-3.291059,3
2.4101996,4.168334,9
1.7863201,1.4672164,7
-0.2617641,-2.0040693,8
4.391263,3.2843125,7
-0.08285946,0.61490387,2
0.07171114,0.5769622,2
-1.1488744,-4.7788,5
-0.51176894,-2.670099,7
2.1776047,3.6719937,9
-1.6955944,-2.793638,8
-0.2553068,0.76381695,2
81.687164,-47.002285,1
-1.8902789,-2.8392045,3
77.42865,-37.93226,1
-1.3574793,-2.461832,3
-8.380543,0.094096184,0
9.696605,-6.6370163,1
-0.03327283,0.7905761,2
-0.11367425,-3.2289507,3
4.590903,5.402382,4
0.9006964,-2.865571,5
2.0699594,14.13772,6
39.78624,15.924009,7
-2.7887285,-1.7767658,8
-1.8953667,-0.6027503,9
-2.651822,8.344721,0
11.211472,-7.7720513,1
0.06346755,0.77461416,2
-1.7005891,-1.9242625,3
5.5636435,7.911216,4
1.0708004,-2.9725022,5
0.7835213,5.4403305,6
37.65332,16.280489,7
-4.125632,-3.3861327,8
-2.6859353,-1.2480574,9
-2.7691603,15.999065,0
18.62151,-13.057081,1
-0.4255154,0.79579073,2
-0.85099727,-3.4390311,3
5.395225,6.2661567,4
7.5137854,-3.9826477,5
0.12873025,5.30865,6
47.508286,15.981104,7
-3.7086887,-2.4957428,8
-2.732706,-1.2234349,9
25.444208,-16.678486,1
-0.27873212,0.50668526,2
0.46822476,4.3943872,6
8.082294,-3.8852077,5
-0.18389462,-1.7223836,3
-9.517933,-2.4186049,0
19.520555,6.353363,7
-11.051939,-1.5307789,0
4.857317,5.2726173,4
17.061176,-12.211889,1
4.8506155,4.935808,4
-1.9456899,-4.072194,3
0.58712286,6.090516,6
42.313354,11.330099,7
-0.12628004,0.86087334,2
-0.54534745,-2.318649,3
13.206594,-11.68038,1
0.8837348,3.2416942,2
15.741488,-11.279157,1
-0.36042446,0.5726106,2
1.7765236,-3.9269536,9
0.32077634,5.88358,6
-8.607808,-2.253748,0
12.35308,-9.333409,1
-0.4090386,-2.211284,3
-8.733081,-2.1990757,0
0.070237905,0.77150565,2
56.066433,14.210688,7
8.270199,-4.06287,5
53.75759,18.437798,7
0.57826245,5.0389576,6
-0.044302642,0.71592337,2
0.84146535,-4.4368305,9
35.26307,-23.006409,1
-0.43789655,-2.616331,9
-10.823675,-5.487591,0
1.3987799,6.6104603,6
-10.579448,-5.395624,0
1.0804579,7.3563776,6
-9.463688,-2.858655,0
0.0296416,0.65730864,2
-7.0692635,-2.9270449,0
0.28240842,3.5896907,6
17.365147,-13.181783,1
5.4803433,-2.723538,5
1.0761212,-4.476144,8
4.6118946,3.906242,4
-0.09128985,0.35902685,3
-10.758734,0.5110321,0
32.003056,-23.029491,1
7.4545145,-3.5674138,5
4.2846627,2.1913736,4
4.8197384,3.5648794,4
0.8246226,-2.8268123,8
0.66440004,-3.3475988,5
31.19986,15.123041,7
6.8374825,-3.1320076,5
32.1525,7.1244545,7
0.58676726,-5.2448673,8
-0.82866776,-2.5066745,3
3.4576356,2.7860365,4
-3.3610976,-3.562005,8
-3.1126404,-2.5591094,8
-1.421613,-0.9440913,5
-0.13913849,0.95445687,2
-2.7813294,-1.1899967,9
13.551201,3.7189617,7
16.409874,-11.667025,1
0.043934762,-2.431547,3
-5.839304,-5.3464174,8
32.248806,-22.524187,1
-9.852949,-0.74613667,0
34.595837,15.701824,7
-2.5361223,-2.051855,5
-1.6965805,-0.07175779,9
0.4223144,5.551185,6
-1.1745927,-0.031210417,9
6.0004435,3.8049958,4
29.037886,3.7669768,7
34.290005,4.603941,7
-2.9726486,-1.4117484,9
-2.6186116,-0.7698968,9
-1.5742645,-2.837931,3
4.4721,2.1652012,4
4.9300356,4.8353524,4
-0.020145297,-1.360658,3
-3.2449389,-3.029973,8
0.35057688,4.410222,6
0.09095287,0.9324771,2
-4.34418,0.23959017,0
20.661018,-15.676628,1
-0.7692791,0.98632646,2
1.3624223,-1.5714936,3
5.5886993,2.4806304,4
0.8098724,-2.575315,5
0.2899791,5.2028294,6
41.58036,7.7009983,7
0.27715072,-1.690798,8
3.6016707,1.5666949,9
-10.534637,-0.56461716,0
23.771263,-19.291967,1
-0.8285824,0.78497326,2
-1.249893,-0.97420573,3
5.765536,5.2882295,4
-1.6826854,-0.9876087,5
0.5011685,4.6211095,6
25.110632,7.485444,7
-0.02762273,-3.11533,8
4.509826,3.7891693,9
-5.755726,-1.495388,0
22.40095,-18.037598,1
-1.0599353,0.703308,2
-0.9346326,-0.54606247,3
5.802156,2.552402,4
0.3427565,0.19788052,5
0.07286378,3.9146726,6
28.545221,4.0983877,7
1.6660557,-2.1355531,8
5.794034,1.2823691,9
-3.6600773,-0.6808791,0
0.5395414,-1.8344673,8
-0.67416084,-1.1204231,3
3.2936494,1.4099656,9
-0.725235,-0.44034672,5
-1.3532612,-0.9206462,5
-0.6307166,0.60860723,2
0.78570473,5.506459,6
0.048456043,-1.9368571,8
4.6808186,3.3620534,4
4.020205,1.9184138,9
29.111403,-22.694424,1
28.300407,9.6101,7
34.92058,-28.133839,1
-0.9497995,0.95094395,2
-1.1242536,-1.3789414,3
0.7212221,-1.992589,5
5.566515,6.1530337,9
0.30734205,3.679804,6
3.972478,2.233806,9
27.114676,-22.128817,1
24.790045,-19.756319,1
28.264973,-24.958881,1
-0.56526303,1.1569991,2
4.5904098,2.2041965,9
5.968749,-2.6624498,5
0.4027086,3.5410964,6
-0.62423944,-2.7552662,8
21.660156,-23.066095,1
-1.0694206,0.79131955,2
-2.338178,-0.40396595,0
32.56802,12.679428,7
31.746851,11.370559,7
4.0831695,-1.9276818,5
1.469358,-1.7230613,8
-1.5193919,1.4730144,2
4.8998804,2.2675633,9
1.1628048,-2.359207,8
4.9854383,1.5191633,9
-3.4016292,-0.98770285,0
3.4581604,2.3912249,4
0.70470303,3.902629,6
35.117157,9.994038,7
30.542284,-27.937984,1
-0.84322035,-0.798154,3
4.8325105,2.4611776,4
-1.6432385,-1.3684657,5
0.49444985,4.0249467,6
-7.475519,-5.921027,0
-1.3183346,-1.0546386,3
0.41746092,4.4495144,6
1.060935,-2.3876944,8
48.171013,16.292423,7
-10.999941,-2.0493355,0
6.017867,1.0439091,4
-1.4138529,1.0791142,2
16.119268,4.0083475,7
5.5369015,3.5252128,4
50.774864,15.283295,7
-1.3264669,-0.99503875,5
4.9166584,2.7844574,4
-1.3274357,-2.7493253,3
5.8936048,2.0346339,4
-0.78946066,0.66869736,2
1.375725,-2.5379047,8
24.059835,-25.189955,1
-1.6231028,-0.9940455,5
17.65777,-18.278168,1
-0.19360277,1.2341565,2
-4.7062697,-1.5032043,0
-1.3854373,1.3948617,2
0.4556213,-2.6218534,5
-0.08103597,3.0863,6
4.6768427,1.475903,4
-0.50878966,0.036005616,3
-8.041876,0.60860825,0
-5.053992,0.12808037,0
-5.2962475,-0.6328702,0
-1.719792,-2.1071463,3
-1.7260983,-1.6990528,3
-1.9631855,-1.6205544,5
49.82066,12.6016,7
-4.716757,-0.85900784,0
0.70515674,4.052558,6
4.648117,2.3217947,4
0.7401012,-2.0994337,8
0.21436054,-1.9329659,8
0.26728535,1.8924693,6
-1.3352133,-2.0506423,3
5.5035515,3.3717394,4
0.76679456,6.3636084,6
5.278822,1.630704,9
5.326396,2.1844726,9
0.75673753,-1.6267854,8
-2.208932,1.4349285,2
43.53302,2.4145942,7
43.72934,5.6445913,7
22.225965,-18.638468,1
-3.3499656,-1.8703337,0
16.039469,-12.072037,1
-2.196342,2.0702896,2
-0.117207825,-2.6079578,3
3.616229,2.2735658,4
-1.5770233,-1.7605281,5
0.5471035,4.8328524,6
27.014568,10.87353,7
2.1229885,-2.9442816,8
4.0042048,1.9602072,9
-4.363598,-2.3787084,0
21.907671,-18.233866,1
-0.41235298,0.9062335,2
-0.8210669,-1.3448944,3
4.339967,4.7833962,4
0.5769731,2.7512374,5
0.8905314,6.1895494,6
30.166641,16.181992,7
1.9073257,-2.6827521,8
-2.7436247,-1.2176976,0
25.371624,-20.68808,1
-0.73385084,1.3851137,2
-1.0299358,-0.90470934,3
5.15077,5.1150894,4
-1.6396904,-1.7330537,5
0.2389636,4.777115,6
40.19713,20.770954,7
1.5986369,-2.4763308,8
-0.8936886,1.4862729,2
42.54837,-30.452923,1
37.3847,15.227499,7
-1.0818641,1.2908211,2
-1.4911294,-1.1057112,5
-2.9267235,-1.4518356,0
1.2197964,-2.3533366,8
-3.3265872,-0.6504092,0
-0.6525754,0.83123106,2
37.685604,15.340452,7
0.75900465,1.7037544,8
0.96142864,-3.6393158,8
-1.7850771,-3.1351461,3
0.817282,4.811331,6
-0.20082736,12.056308,0
-2.7282832,2.1167424,2
37.33072,24.188774,7
1.1919196,5.4633665,6
0.8167206,4.8497224,6
31.567755,-23.574953,1
-0.5614576,1.3356286,2
0.6693829,-2.2723968,8
0.01046443,-2.3885937,8
47.342743,39.849438,7
37.404125,12.295657,7
3.556748,1.9783154,4
52.426987,24.799618,7
55.582253,21.279293,7
-0.8566347,-1.7780907,3
43.679657,17.663616,7
3.980319,3.3524857,4
6.327532,-2.966837,5
3.073339,2.1380043,4
0.2036538,0.4429673,3
-0.8639662,-2.8560894,3
0.8339055,-2.1386628,8
2.9031782,2.104327,4
35.488346,-26.730446,1
56.778587,-35.655453,1
2.3587174,1.7949162,9
6.027123,2.8729272,7
3.8381948,4.1338243,4
-0.7496267,-2.5211668,3
31.42247,15.241917,7
-0.8169728,-1.7701367,3
-1.0152566,-2.282117,3
-2.16274,-1.4082208,0
-1.1093808,1.2723646,2
-0.5127603,0.3738526,5
-2.497988,-1.9947352,5
0.73151565,6.5177083,6
0.8627607,5.105886,6
-2.0644035,-3.32773,3
0.6319233,-3.2853603,5
-0.1043248,5.9329133,2
-0.8498376,4.987331,5
2.0335896,1.5379956,9
3.7848957,2.840957,9
0.6510154,-4.048578,8
3.1511168,1.0116234,4
38.71246,-26.84164,1
-2.3588953,-1.1304421,0
0.70962673,4.844467,6
-0.22378835,4.08745,0
3.1509004,1.9606159,9
0.22256112,4.444979,6
-0.8030915,-1.6599758,8
1.7602834,-2.4628851,8
-1.6156814,-1.8605971,5
1.345591,6.7769556,6
35.64115,-27.053053,1
63.18798,-39.022312,1
3.2305784,4.764803,9
0.9606063,-2.8843513,8
3.1939778,1.8906559,9
-2.2807279,1.8041735,2
-1.1087354,-1.5285033,3
3.573692,-1.8814433,5
3.57731,-1.5234752,5
3.0818677,4.705799,9
11.271955,-6.4171352,4
1.553234,4.0056047,2
30.758316,-21.085022,1
2.1740136,1.6893934,9
0.08884777,0.5203666,3
3.2031283,2.4168806,9
-0.8884839,1.27096,2
-5.2092514,-1.02106,0
0.90701747,10.3390045,6
-0.1778023,4.879356,0
3.5814137,1.1858759,4
-2.606017,-1.0888715,0
-9.009336,-2.3102102,0
17.624857,-16.08718,1
-1.3374387,0.7281462,2
0.4251614,-3.057735,3
3.1688266,1.184062,4
17.028568,3.0673647,7
2.2307491,-2.5203867,8
4.755151,2.042373,9
-6.179181,-2.0000973,0
23.114166,-26.497631,1
-1.2787251,0.9353696,2
-0.7605821,-0.7143607,3
27.683187,8.562948,7
2.293944,-2.43813,8
4.797207,2.615685,9
-3.2090325,-0.3870268,0
14.771126,-19.081856,1
-1.515659,0.81820464,2
-1.4779699,-2.2139149,3
4.5946274,0.46171427,4
28.122644,5.674164,7
2.773964,-2.3928037,8
5.390036,2.7204275,9
34.739353,9.7845955,7
-0.83472514,-0.652725,3
-3.1987922,0.13701963,0
-1.1448126,-0.84252095,3
26.487267,-26.569942,1
2.5726476,-2.4510663,8
12.255385,1.8048878,7
-0.7627698,4.048529,6
2.0739796,-2.6193142,4
-4.504333,-0.25697613,0
-1.5378327,1.226865,2
-0.45513907,4.1394873,6
2.2729905,-3.129186,8
-1.422764,-1.4800544,3
-1.3306694,0.62921774,2
1.8960847,-2.0784254,8
15.517742,-17.738478,1
-1.3826646,0.88565624,2
-2.6857443,0.6396935,0
24.553,2.676448,7
21.432701,-25.579216,1
-2.3597438,0.5149441,0
4.20424,-0.16568351,4
5.6137214,1.7089607,4
4.531075,-1.9466128,5
2.4003205,-2.877212,8
-4.1017103,-0.009102821,0
-0.15456116,2.622549,6
-0.3328765,5.7984886,2
-1.9166242,-2.037743,3
19.132534,-19.736485,1
2.5988839,-1.2388707,5
24.837982,-23.317541,1
1.8397413,-2.2066398,8
4.5731926,-1.9400363,5
4.706092,1.9669412,9
4.7369065,0.41709995,4
-5.238654,-0.06945276,0
41.817978,6.1004915,7
5.693314,-2.4761496,5
2.3770576,-3.3144622,8
1.9023108,-2.4621727,8
-1.3928897,-1.1277018,3
5.2628417,-2.1862385,8
4.519598,0.5786903,9
-1.7076995,0.98791987,2
-1.3467692,4.2433434,6
-2.4277308,1.9479004,2
3.6958184,-1.6567857,5
-1.2255673,-0.89059544,3
15.3056965,-17.259743,1
32.22643,5.4890037,7
-0.40576836,-1.6975803,3
-4.54613,-0.40689045,9
12.956394,-18.124065,1
4.999105,2.0968256,9
4.094573,2.2337732,9
-0.022753712,3.669945,6
-8.280895,0.44715405,0
-1.8854911,-1.9054692,3
6.214288,2.7205417,9
-0.87794113,0.63729084,2
2.0509775,-2.7507112,8
21.399208,-24.675453,1
8.768438,-1.6465507,4
-1.921906,-0.78179455,3
1.0376196,-2.3980334,5
-1.3649025,0.998863,2
4.6883955,1.18347,9
-1.0137491,1.0847663,2
7.2002554,-2.817563,5
1.795697,-2.620544,8
4.6463203,2.3776188,9
0.70773315,-2.3767915,5
-0.7646481,15.0803175,0
16.351606,-16.84355,1
-1.3065262,1.3407378,2
5.0793796,2.671689,4
4.41906,-1.838933,5
0.9269482,7.670622,6
-6.4733095,-5.132189,0
26.413158,-21.016554,1
-0.3959737,0.69664794,2
2.2694213,0.23213625,3
3.7196581,1.7962544,4
0.80639386,-2.5193467,5
-0.73895586,0.9699186,6
47.39201,13.358356,7
37.572826,-24.819399,1
-0.07688627,0.6116718,2
-0.47888213,-0.4205165,3
3.95437,3.9529433,4
-1.031383,-1.1613488,5
16.849089,-12.668505,1
-2.9169087,13.639105,0
5.358343,4.201717,4
-1.40557,-1.1626911,5
1.0958145,5.049004,6
0.4049669,3.378787,6
-0.68922424,-1.0920472,3
6.9708424,0.28099942,4
3.1365287,1.4697305,4
-1.403629,1.3992438,2
9.339683,1.1074839,8
20.568184,-19.14097,1
-2.6151032,-0.74093723,0
-0.34614938,0.7573704,6
3.8262234,3.1353168,4
0.19151995,-2.4003081,9
2.351969,0.7081765,7
-0.4306305,0.8030833,2
-0.62961024,-0.8329476,3
1.5240619,0.21493971,3
4.0368996,1.1211404,9
-1.5286648,1.3972311,2
-8.905974,0.18780613,0
2.3393006,0.40891564,9
1.6237061,1.8016112,3
-0.40783644,-1.4354992,3
2.6893082,1.4271317,9
21.428625,-16.227419,1
-1.0303471,-0.8123903,5
-0.43985042,3.2286954,2
-0.62469685,-0.4809971,3
2.9864006,-2.1183605,7
6.311927,-1.2958071,7
0.21096945,-1.5076218,8
3.866452,1.9153519,4
-7.635503,-4.6611376,0
-0.18434574,0.95866954,2
5.8172307,0.6373651,4
-6.2381806,-2.5022326,0
-0.5155941,0.6154482,2
3.7863019,1.5447994,4
24.782537,7.4648542,7
1.844065,-2.1297271,8
-2.2272549,-0.77123785,0
23.532534,3.3299425,7
-5.826666,-3.842288,0
1.9024495,5.7382345,6
2.817067,2.1916595,9
-0.37752643,-1.9261136,3
-0.600336,1.3711431,2
1.8387115,-2.5688436,8
1.0411782,3.5387883,6
19.172615,5.0685024,0
-0.035973877,2.3324397,5
17.12241,-6.381537,7
-0.9644292,-0.63963103,5
19.612906,-16.65503,1
-3.0572014,-1.7855206,0
1.589345,-3.4391212,8
32.784798,-25.925402,1
0.65799767,2.8615627,6
42.31372,15.436251,7
-0.80561864,0.75301474,2
2.4344702,1.4509654,9
28.049484,-0.9079125,7
3.1748967,1.0578132,9
10.338556,-4.2200775,5
1.0128366,-2.3183825,8
1.4408334,5.000906,6
-1.9896964,-1.0073776,2
0.7845857,3.5653887,6
-1.1833664,0.99395496,2
1.1121042,-3.1210544,8
24.190475,-21.515848,1
34.704285,14.310278,7
2.9645076,-1.5904896,5
-2.3508005,-1.3137698,0
22.057547,-19.140112,1
39.334717,-32.256058,1
-1.054256,-1.4668124,3
2.1939604,1.953032,8
3.5931084,0.76988006,4
3.3810263,-0.02506733,9
46.42457,-33.32662,1
-0.18333644,-3.3559985,8
0.4524904,4.1351385,6
1.2316613,-2.4130797,8
2.3844857,0.8465166,9
-2.8078966,0.10829544,0
31.085823,-28.501188,1
-0.84252137,0.7620601,2
-1.8266737,-1.6834569,3
0.33398777,2.499339,4
-0.99610317,-0.6563983,5
0.03311982,2.3618422,6
46.45105,7.6629686,7
0.8708759,-2.44382,8
3.6304739,-0.059116602,9
-1.4676838,0.14361024,0
30.389837,-36.123085,1
-1.6319102,1.3372732,2
-1.9471891,-2.354917,3
3.9823458,1.4113975,4
36.305233,1.2419701,7
1.9335246,-2.511758,8
12.626613,-0.7360585,9
4.214382,-2.5969152,0
21.190071,-32.489677,1
49.70919,1.1162131,7
2.0176847,-2.3814864,8
7.8824277,-0.07782459,9
6.146585,0.31991982,9
2.4225364,-2.536827,8
7.040819,0.19384527,9
3.9927778,-3.1758046,8
8.488272,-0.8169837,4
14.649717,-28.278202,1
29.807083,7.78213,7
32.18091,1.1551638,7
-1.797864,-1.7228274,3
-1.0073382,-4.1941857,3
58.974815,7.406563,7
-0.43841106,2.4720843,6
-1.1951249,4.121687,6
-0.6208737,3.662372,6
26.906496,-33.937126,1
5.005379,0.66638947,9
-6.4316707,2.9957905,0
15.193819,-24.657417,1
60.328465,8.742026,7
-0.5690497,4.4032726,6
-2.7445612,-4.618708,3
0.38006553,0.75971663,2
28.446547,-28.719437,1
42.793533,-3.310392,7
33.687527,-37.41352,1
-0.96393734,-0.6543062,3
4.7230716,1.013134,9
26.192923,-30.17641,1
41.437218,1.4371631,7
-0.18658403,2.964402,6
3.900031,-3.014865,8
8.9419365,-1.2593331,4
16.081476,-33.677906,1
9.661604,-1.9495807,4
-2.9860027,-4.6014023,3
-0.48530802,6.4228606,6
20.14832,-1.5296948,9
-0.7648265,3.2561162,6
13.2499275,-30.57243,1
3.394589,1.1288424,4
3.6018095,1.336166,4
24.18186,3.9976945,7
-1.5456729,1.1422533,2
5.700139,0.31078148,4
8.746939,-1.2733555,4
-4.1323566,-1.207696,0
14.81491,-12.048763,1
-0.90234643,0.8695076,2
-0.9291171,-0.37358993,3
4.8740764,3.3915834,4
-1.8524826,1.1602817,5
0.012565706,2.7415516,6
69.40573,-0.5699396,7
3.968163,-3.0849156,8
6.8394566,1.984816,9
-7.5042496,-0.5642309,0
11.67832,-10.100049,1
-1.1317613,1.1279508,2
-0.73963916,-0.75225997,3
5.797447,1.8975747,4
10.971939,-5.43645,5
-0.29156795,3.844923,6
8.3294525,-0.17339206,9
-9.7092,0.8579359,0
10.862941,-9.553263,1
1.1155138,2.737806,2
-1.0707916,0.45363224,3
7.633994,0.9831804,4
74.8339,1.2406111,7
6.7392287,-4.026866,8
17.745241,-17.523848,1
-1.5793228,-2.6870344,3
-1.5661834,-0.86623526,5
19.616577,-21.006226,1
52.318596,-4.562135,7
40.80977,-3.4082403,7
0.43279898,0.9389441,2
10.7112255,-15.827299,1
10.454104,-0.5974312,4
5.7346935,-3.4208403,8
-0.6323992,-0.37055063,3
11.821502,-1.0841322,4
6.4982204,1.6420922,4
-1.0707107,0.5041233,3
0.90204394,7.354988,9
80.55936,-6.7782288,7
0.19920494,6.076236,4
8.595029,-16.703974,1
-0.19423458,0.6751691,2
-1.0645114,-0.69345284,3
11.944118,-5.4391775,5
7.495697,-0.039417744,9
17.934254,-24.484856,1
-2.197509,-1.123455,6
-9.694165,1.8374777,0
14.192854,-18.981808,1
-4.8747625,0.15777159,0
-2.8940191,13.743957,0
0.31823304,0.871227,2
15.860416,-1.7345866,8
76.35006,-4.300062,7
13.222185,-17.491276,1
6.941366,-12.453869,1
9.296268,-0.88746786,4
-3.1130538,12.884998,0
7.950578,-0.28180575,4
14.934214,-1.1274922,7
-0.6272809,-0.030360162,3
-0.6218644,2.4915538,6
7.368036,-4.214338,8
-4.466268,0.43927813,0
-0.83373815,-0.4958136,3
1.4901739,-1.2597047,7
10.188474,-1.1385212,4
-8.938769,-0.767046,0
-1.3921661,3.4087696,6
5.785761,1.8935899,9
-1.1631502,1.2215278,2
-0.7536647,3.210634,6
10.670197,-5.208663,5
3.176518,0.6591215,8
-0.018742085,5.2073307,6
5.3069286,0.8768841,9
-4.911237,1.0944066,0
12.854392,-2.8575191,4
-9.483691,-0.59805775,0
-0.956344,4.620487,6
5.109775,-3.7947083,1
8.666995,0.92269444,9
1.5362445,3.937294,2
-3.7635074,-0.015941143,0
3.8934028,-0.21736145,9
10.672194,-4.5420423,5
20.931372,-24.337547,1
-0.71114665,0.21294749,3
51.078995,-4.0881243,7
-1.0608305,3.5369544,6
13.856358,-2.867415,9
-1.6149583,-2.4235258,3
-4.5015116,0.34823036,0
-1.1733574,4.254075,2
-1.2846708,1.3533791,2
-6.543206,-4.437931,0
32.96966,-23.506866,1
0.09237628,0.66354346,2
-1.3034837,-1.7285864,3
2.4673328,2.0264788,4
-1.6266893,-1.5802879,5
1.109033,4.3335433,6
8.241449,3.8329804,7
-0.41850573,-2.226118,8
2.3486612,1.8257234,9
-2.778853,-2.137807,0
27.69963,-18.831345,1
0.12536524,0.67452514,2
-1.00019,-1.9586551,3
2.4649282,2.2520185,4
-2.4292493,-2.6958218,5
1.6733289,5.4794126,6
33.402264,14.081255,7
-0.27427226,-2.571146,8
2.8416674,1.9644182,9
-2.6590388,-2.4549289,0
38.552036,-28.662523,1
0.06322514,0.59695125,2
-1.1650007,-1.7331624,3
3.3301387,3.318893,4
-0.969765,-0.76060224,5
1.0989496,4.8847556,6
21.919537,6.812958,7
0.2581863,-3.6788695,8
2.1128697,1.7647092,9
0.14791858,0.72892517,2
47.742348,-33.22973,1
26.655016,9.846538,7
4.684269,-78.549286,2
-2.4685566,-3.6320338,5
-6.8773923,-3.6974297,0
-0.39656088,-2.6349506,8
-8.691803,-5.3570957,0
0.11385942,0.80659926,2
31.45198,8.570825,7
-0.23999664,-3.0200336,8
-0.8764373,-3.4255497,8
-1.543961,-1.8186874,3
-2.9536307,-1.7329726,0
1.2625493,4.971435,6
-2.8689985,-2.0151682,0
0.15630475,0.66535234,2
24.973497,10.539971,7
1.3280494,4.8886366,6
1.0740266,4.3396034,6
38.71031,-26.73172,1
0.1324057,0.73526615,2
0.07518026,-3.2004051,8
0.27276158,-2.0346723,8
10.628231,5.180826,7
12.967126,5.8651767,7
2.6075506,1.2777596,4
40.9013,27.021767,7
26.352919,9.82506,7
-0.9238601,-2.0145285,3
34.525917,14.844904,7
3.1205802,1.5066104,4
-1.7885077,-1.9379733,5
3.6916904,3.0488312,4
-0.8911141,-1.8406546,3
-1.1578186,-2.287229,3
-0.60568607,-2.377435,8
3.9365084,3.117187,4
-1.5471066,-1.6138487,5
7.984291,-5.270493,4
26.916878,-21.250566,1
38.284775,-26.120586,1
-0.17137176,-3.1365848,9
17.768623,8.501661,7
0.60144234,3.1421437,4
-0.9988603,-1.8911961,3
22.304956,8.519829,7
-0.80372477,-1.3590802,3
-0.97352266,-1.6849374,3
-2.8078675,-1.8483868,0
0.17535613,0.81027764,2
-1.5766671,-1.6938367,5
-2.3413908,-3.001621,5
1.3520117,5.7950034,6
-0.72594845,-1.4417672,3
9.684942,-2.794045,1
0.48199946,-1.9859191,5
0.057716765,0.6801308,2
-2.0492206,-1.8053591,5
2.9133136,2.8801153,9
2.6398249,1.8672379,9
1.0943259,-2.9570243,8
3.4371996,2.6386406,4
39.70109,-27.16507,1
-2.8882313,-2.1904864,0
1.7767435,5.0195875,6
-1.5604937,-1.5541611,0
2.2152185,1.771434,9
1.3732119,5.3184237,6
0.732407,-3.035081,8
0.21303582,-2.5814652,8
0.109802544,-2.5931807,5
1.0374871,3.6745038,6
45.32629,-33.050255,1
33.27292,-22.14989,1
3.184715,1.6987574,9
1.2017335,-2.7986312,8
2.1794114,1.0522137,9
1.0172722,4.3660936,2
-0.8845521,-1.460332,3
0.24209625,-2.682877,5
0.3176136,-2.5437884,5
2.0589252,2.0811841,9
2.8178165,3.0876997,4
1.394207,3.529709,2
53.63912,-38.97302,1
1.8302319,1.3399909,9
2.3260393,2.4166923,4
3.3972204,2.4667416,9
45.209003,-31.377546,1
-0.93210435,-1.8891786,3
1.8538365,0.96306086,9
0.13590273,0.69377744,2
-4.0808897,-1.8137736,0
0.8853666,3.2612066,6
-1.0118694,0.7735263,0
2.1693912,1.4891541,4
-1.8583963,-1.0798192,0
1.2332686,3.3394113,6
-2.6879807,-0.9545784,0
21.616201,-17.154184,1
-0.4010132,1.1748708,2
-0.6551255,-0.70973253,3
3.8706694,1.6033455,4
-0.48592013,-1.3873496,5
0.65891886,4.6604404,6
46.00081,12.687707,7
1.8603642,-2.6801925,8
3.0059812,2.3238022,9
-4.6850843,-0.62473583,0
25.688917,-20.070312,1
-0.76384026,1.006502,2
-0.67320126,-0.3339311,3
5.1617193,1.8207543,4
3.0704985,-1.4999069,5
-0.108373076,3.068088,6
42.053177,12.196609,7
8.080892,-0.5331799,8
3.2351286,0.9066839,9
-9.249891,-3.0740852,0
23.053772,-18.758556,1
-1.6996058,1.3937947,2
-0.6960442,0.09138453,3
4.949316,-0.04314661,4
8.271361,-4.07087,5
0.23734152,4.5968723,6
6.5341406,-3.4944332,7
3.6343942,-3.0910096,8
4.8660226,1.4329959,9
-0.7671637,-0.712574,3
1.8813548,-2.3070302,8
-2.8073623,-1.3949881,0
30.572197,7.999531,7
21.06465,-15.860224,1
-2.438914,-1.1229825,0
32.61931,8.250555,7
-0.63963604,0.0628677,5
1.4503744,-1.6247398,5
0.29776788,3.580896,6
3.7376902,0.33903408,9
-4.169073,0.21876669,0
22.027798,-22.143005,1
-2.067425,-0.3202927,0
-2.217463,-1.1019149,0
1.9834191,-3.4150503,8
-0.9635981,-0.7521274,3
4.6479616,1.8472912,4
-0.78502,-0.0014790893,3
28.343815,-28.520718,1
0.91949105,-2.114819,5
-2.7676287,-0.88588667,0
-2.9393134,-1.5749831,0
2.819333,1.0174937,9
-1.1083646,-0.53066325,5
-0.73246175,-1.047723,3
3.1284494,1.0158463,4
3.882275,1.8738343,9
-0.87965494,-0.41002345,3
22.930077,2.497461,7
0.42415357,3.322481,6
3.2284997,0.75664675,9
-1.8388913,1.6860138,2
3.6740103,0.15779638,4
-1.0881256,-0.63340664,5
58.756035,13.464046,7
-2.879964,2.645699,2
-0.15298998,3.4135222,6
10.686943,-2.1263604,4
3.4319305,1.2961581,9
4.3136754,-0.21137929,4
4.178378,1.3592037,9
4.5276985,-0.4219036,4
29.361462,-27.28465,1
-0.5811286,0.92072153,2
-0.9566044,0.7629403,2
-1.035265,-0.82082057,5
0.31530988,-1.8624563,8
27.91767,-23.047863,1
-0.85912704,-0.5852833,3
-1.470544,1.2063268,2
3.365347,2.651776,9
4.387806,1.3137741,4
0.5361121,-1.5423092,3
1.3393061,-2.572284,8
-1.4745799,1.1566876,2
-1.5607705,1.2816814,2
21.163013,-16.35582,1
-0.88897395,1.3208375,2
-0.11593053,-1.9341176,8
0.78019285,3.6604128,6
-1.3039548,-1.1560833,5
23.694378,-17.12504,1
0.8223982,3.9048624,6
21.53665,4.3469296,7
-1.1386648,1.3518399,2
20.577213,-16.44447,1
-0.40662047,0.0094025135,3
3.6291046,1.5028522,9
-1.0206597,-0.6740732,3
1.7609677,-2.3891869,8
34.5994,13.081281,7
3.1352668,-1.6133527,5
26.338161,-2.229413,7
-1.6691172,-0.5893743,0
3.353176,1.9579136,7
2.9718156,0.2494874,4
1.4390131,-3.0520816,8
-0.86169887,-1.1049539,8
0.39121148,-2.9106925,5
-2.4409513,-0.9178109,0
0.95365536,5.081215,6
0.4585477,3.725003,6
-1.14042,-0.4698615,3
52.29706,2.6140864,7
0.4921505,4.140376,6
2.6855564,-0.7010312,9
2.759418,0.3933698,9
7.921276,-1.3116865,4
1.7114563,-1.4713523,8
4.7735248,0.37250996,4
23.595882,-24.522306,1
-1.0082488,2.9495006,0
-0.357598,3.3898067,6
-0.51267344,2.5827901,6
-3.6237426,-0.35528708,0
20.777344,-16.786057,1
0.01315102,0.849438,2
-0.1266472,-1.8152,3
4.781357,1.0840077,4
6.817426,-2.7705965,5
0.3114127,3.843195,6
38.03585,4.311224,7
1.3558222,-1.7750924,8
3.060132,-0.2064805,9
-2.7376895,-0.8696656,0
22.754246,-17.334095,1
0.3826331,0.768443,2
-0.032494783,-1.3481358,3
6.663998,1.6190219,4
3.4608562,-1.9126425,5
-0.06330694,2.9758558,6
71.35109,10.749563,7
3.089039,-2.2782311,8
3.9261048,1.5142361,9
-3.6716318,-1.3361354,0
19.919258,-15.094477,1
-0.12667003,0.7278129,2
-0.15068816,0.1593442,3
5.9927783,0.559505,4
4.7523685,-2.0797796,5
0.44408298,5.1723585,6
49.515923,8.4868145,7
2.0399966,-2.7420082,8
5.0811057,-0.67773056,9
23.92527,6.68645,7
3.3950143,1.0096982,4
-1.4358332,-0.12359452,0
3.9952183,1.8661187,4
-2.6381633,-0.03755474,0
23.661192,-18.404915,1
47.173126,2.854457,7
3.7244747,1.517945,9
2.7305188,-0.951808,5
16.758144,-17.467815,1
5.5009365,1.7152798,4
-0.32916513,0.85545427,2
4.874922,1.0507337,8
3.519174,0.74946856,9
5.725443,1.7690659,4
-0.33703822,0.10862571,3
56.218655,8.253017,7
0.9761982,-1.7002925,8
-0.38658834,1.2131513,2
4.437991,1.4297037,4
3.8755496,0.49890625,4
-0.05349584,-1.5873358,3
-0.3948169,-1.7016042,3
0.06675422,4.1740193,6
2.8809314,0.43320644,9
2.9720342,0.31355798,9
4.278024,-1.5115962,5
1.0800967,-1.7742182,8
0.33709562,3.7744927,6
32.88858,3.7254674,7
-3.0169656,-0.097065926,0
0.09577465,3.9798746,6
2.077469,-3.0577927,8
-0.16648334,1.0211126,2
0.042550802,4.687556,6
0.9314817,-2.5727143,3
4.1163907,0.87745595,9
0.19276103,-1.6691462,3
-0.37129563,0.9304903,2
3.4738889,1.3670349,8
0.34922516,3.9918022,6
15.960005,-13.253824,1
26.721216,3.1543941,7
4.628086,2.131523,4
2.1762223,-2.581283,8
1.2437087,-2.3821874,8
3.648944,0.6110196,9
-2.1210659,-0.33613253,0
1.0408353,-2.433389,3
-0.15647615,0.093655586,3
4.305785,1.5698403,9
-1.8838837,-0.26026297,0
3.1965687,-1.1209385,5
0.35883987,0.68757594,2
6.320883,0.32940245,9
5.5578914,0.24620104,4
18.035631,-22.335321,1
-2.621091,0.3299291,0
-0.57699513,-1.0518233,3
36.524548,5.2875347,7
1.2958808,-2.020662,5
1.781554,-2.398519,8
46.393063,8.379073,7
55.7811,6.4351554,7
2.048348,-3.1127355,8
-0.61546767,1.0251707,2
5.367047,2.0681086,9
52.532253,-1.5179119,7
14.27885,-16.888128,1
-0.39064515,0.95247424,2
-0.5435265,4.6212153,6
11.855802,-0.49092507,4
-0.69183123,0.7466078,2
6.5295286,-2.2797318,5
-0.55946743,1.1768723,2
-0.2358735,-1.5906786,3
0.31774867,3.3324676,6
0.15044355,3.5543041,6
4.050083,-1.502254,5
-2.0232615,0.0054967403,0
-1.3716016,-0.1506331,0
-0.29788575,0.9811257,2
1.5719764,-2.2733068,8
20.839094,-23.684687,1
-0.28471386,4.0505176,6
25.073343,-25.26386,1
-3.4804149,0.33364964,0
7.2882543,-0.44235182,4
-0.35976017,0.14845872,3
11.458,-10.913125,1
-0.60091555,4.804164,6
16.372684,-22.453587,1
4.0675735,0.25545,9
-8.804209,-2.75741,0
50.99487,-39.48174,1
2.9177685,1.0661577,4
4.855123,-2.03441,5
0.4889393,3.02473,6
34.405388,11.738751,7
1.3192439,-2.1400356,8
4.366265,4.934763,9
42.699394,-33.590927,1
-0.8984158,1.1649556,2
-1.5064638,-1.9899974,3
5.6883364,-0.53279734,4
6.959853,-3.3349252,5
-0.09239501,3.0408897,6
23.545074,3.7061026,7
-8.6378355,-0.13123322,0
29.225939,-35.13935,1
-1.6468587,1.5459845,2
-0.523696,0.026352167,3
8.446402,-1.1162531,4
6.8748007,-2.9784591,5
-0.23383714,3.1065865,6
60.209724,17.087421,7
2.6993062,-2.3873835,8
4.450354,1.8047817,9
1.2595525,-2.4788795,8
6.27094,-0.5790906,4
-9.665901,-0.8006964,0
-3.9319353,-0.17883205,0
21.181555,2.6534543,7
-1.8611096,2.0080006,2
8.541885,-0.7878313,4
-0.7677608,0.13489884,3
10.361362,-1.0237663,8
-0.0474793,1.9896556,6
0.31775755,2.4567819,6
-0.93130994,-0.66783905,3
1.402112,2.6773963,2
0.17099725,3.6583507,6
-1.6678962,-2.214522,3
-1.1954226,-2.0344968,3
-1.277266,-1.0378165,0
26.354736,-33.94456,1
7.536034,-0.3222208,4
26.475737,10.535696,7
1.788878,-2.3605704,8
-4.708133,-0.5792203,0
-1.4491041,-2.2029505,3
36.038517,-40.125343,1
4.9680004,1.5535192,9
-4.9989014,-1.9048233,0
28.90517,-35.41736,1
3.4328346,1.3336519,9
28.357573,-32.233326,1
-0.06067556,1.26353,2
47.850945,1.4045911,7
-3.4282663,0.3693409,0
31.837973,-30.392036,1
-2.0197434,-2.056663,3
4.3425813,-3.596877,8
-1.6809833,2.1276593,2
5.52588,1.1374273,9
-2.2852793,2.280088,2
28.43619,-0.8995712,7
-0.35473716,2.3512936,6
6.7335215,-3.026684,5
11.015896,-4.7821884,5
5.222595,1.9528058,9
6.249766,0.23345804,9
3.4368322,-3.189407,8
-2.3594053,2.361597,2
4.2344375,2.0730886,9
22.942822,-30.315495,1
0.16617271,0.044772863,3
-3.7325463,6.6870146,2
-1.1932166,-0.9102466,3
7.391547,0.75425816,4
-2.6673281,-3.5988271,3
15.43335,-22.224506,1
7.2158136,1.1939406,9
-3.5744162,0.05335331,0
5.540811,0.7848573,9
-1.3909233,-1.7441418,3
-0.03677644,2.1502852,6
9.230695,2.3142414,8
45.5342,5.002634,7
-4.9215755,0.53325844,0
15.463319,-27.854282,1
-2.5988605,0.4584999,0
7.5711937,-3.7777076,5
2.4164968,-2.8015347,8
-2.0062022,1.9730709,2
53.03286,5.7947836,7
22.399862,1.6445949,7
-2.0947056,-0.8671818,0
52.43415,-38.8974,1
-0.26466542,0.6113404,2
-0.12646152,-1.7946675,3
3.6931663,1.630355,4
0.5637492,-1.3353364,5
0.39739752,2.2235727,6
17.75229,3.7293181,7
0.7348762,-0.37537524,8
2.2708554,1.8182292,9
-2.448562,-0.9856372,0
34.47086,-24.175945,1
-0.6542459,0.88554287,2
-0.6262567,-0.8041582,3
2.6751447,1.7498418,4
1.4050967,-2.305612,5
0.07538015,3.571403,6
28.425724,8.50743,7
-0.42441157,0.033604324,8
2.223056,1.8519235,9
-4.3379784,-1.0159311,0
26.813707,-20.170082,1
-0.6173444,0.8759007,2
-0.06520218,-1.3820785,3
2.4237971,1.9707459,4
0.8569221,-1.2844331,5
0.6512734,4.0772943,6
27.359455,7.9123216,7
2.0615716,-2.633701,8
2.4317892,1.6802057,9
23.737255,-18.52548,1
27.068642,9.290175,7
3.7767537,1.7676337,4
0.7643268,-1.9426101,8
30.259066,-22.335499,1
-0.70734835,-0.34892774,5
0.49875104,4.8999696,6
1.1459,-1.3485606,5
22.074347,4.8154106,7
-0.99844515,1.0033265,2
2.9949892,-3.2779346,8
-0.06418336,4.004048,6
-0.86288023,-0.7424371,3
-0.31696215,-2.1057477,3
0.96918666,-2.5259953,8
0.51609063,4.5158057,6
0.43604156,-2.191337,5
4.282016,1.5973638,4
-4.364914,-0.21412086,0
3.5712864,2.6296313,9
16.184149,-11.663172,1
4.8830996,2.3681223,7
-0.7652128,0.7865124,2
3.0378458,2.354545,9
38.45196,-26.89401,1
-1.3008959,-1.0429194,5
19.606194,-14.995752,1
-0.5511648,0.15203017,3
-0.5847276,0.88646543,2
-0.6893199,0.95341605,2
-0.8713045,-0.77446365,3
-4.3046494,-0.34466887,0
-0.15167515,3.5649915,6
3.550541,1.697175,4
0.8440014,-2.615057,3
23.429384,2.8194542,7
0.115466595,3.6548476,6
3.4193845,2.0395777,9
-2.981071,-0.22083092,0
2.272429,-2.1116571,4
0.6028721,-2.1024494,8
44.88844,-34.286995,1
3.5268464,2.4120378,4
-3.0773118,-1.1714749,0
0.1611551,2.6775887,6
20.5493,-16.070244,1
-0.34236097,0.3621223,2
0.40225697,4.208051,6
3.8319092,2.6829987,9
-0.114053525,0.49287322,2
-0.3409591,0.45393485,2
0.18775448,-1.7443647,3
-0.7513724,-0.3450395,5
-0.5104983,-0.20182252,5
23.55351,-19.04164,1
-2.261013,-1.0724483,0
42.265175,11.852709,7
30.04811,2.3541808,7
3.8603673,0.2501967,9
-0.20977363,3.3053427,6
-0.46365783,0.62018967,2
4.2761545,2.1552584,9
4.05879,0.7806852,4
35.387108,6.6284885,7
-2.8862498,-0.32549286,0
-0.44007182,0.97069937,2
1.1939924,-1.9597821,3
3.966565,1.6088791,4
-2.4462736,-0.29008198,0
-3.0615659,-0.53260326,0
1.3741231,-2.9555194,8
1.218981,-2.8590925,8
1.923366,-3.7897062,8
-0.65129125,-0.08675051,5
15.058344,-11.199498,1
-0.913836,-0.6313131,3
36.948524,-1.0058446,7
5.4334617,1.1909957,4
3.833459,0.13477111,9
2.6460257,-2.8319664,8
0.82299876,-2.619781,8
3.0039036,1.1973205,9
-2.12891,-0.6081648,0
2.5460944,1.7589915,9
1.2017515,-2.7484896,8
2.6722634,1.0120741,9
-3.5715528,0.021289825,0
-0.4770394,0.8281952,2
-0.13007772,4.661622,6
-0.98239994,-0.7168133,5
0.37971348,3.7512894,6
37.725185,1.9008856,7
5.0458508,0.714432,4
28.082344,3.1490574,7
-0.76172334,-0.30503535,5
6.9731064,-1.6365342,4
18.196617,-18.238237,1
-0.8128574,-0.40241063,3
-0.8674144,-0.2867458,5
-0.57899344,-0.18799812,3
16.472475,-17.532751,1
-0.58624023,0.7438494,2
-1.1891916,-0.7851238,3
10.473227,-2.2695963,4
0.31447536,-2.0123882,5
-0.1648438,3.0048504,6
19.040365,-26.056767,1
-1.3683994,0.8898196,2
-0.763505,-0.5247743,3
13.074163,-2.9791446,4
0.1341095,4.933523,6
-8.996685,0.47795105,0
23.566011,-27.885548,1
-1.5741653,1.0685496,2
11.685369,-2.8745203,4
5.32479,-2.3244245,5
0.0058088303,4.188865,6
33.32694,-0.881886,7
1.1630919,-2.3034067,8
26.010406,-30.859917,1
21.548664,1.8979497,7
-1.25284,0.76921517,2
9.067652,-0.8940878,4
17.878445,-31.651306,1
7.3353863,-1.049458,4
21.462898,-25.431824,1
5.4061613,0.3676982,4
3.8895574,0.26647496,9
-0.6634876,2.928002,6
1.4667785,-2.4017773,8
5.9790936,0.97834325,4
-0.82368076,-0.34771943,5
-0.84059095,-0.5385654,3
7.798709,-13.419832,7
3.3582091,-2.7638233,8
7.2910714,-3.4893293,4
-0.68541086,-0.7151463,3
1.3835157,-1.0841227,3
8.030893,-3.121509,5
0.57151973,3.2250843,6
22.653267,0.5047035,7
-1.8383598,0.2297144,0
0.66879296,2.6452851,6
19.041466,-22.636316,1
0.24308288,4.1576443,6
2.6808825,-1.6399155,8
26.734669,-4.0139437,7
-6.411675,0.2770481,0
14.064598,-28.375967,1
-1.6342826,-1.2566645,5
-3.926599,1.071764,0
1.8049976,-2.2897027,8
9.045866,-4.9791365,5
-7.2661624,1.3319211,0
24.102013,-26.795631,1
9.228963,-3.8700879,5
0.9289814,-1.57479,8
9.691267,-1.2466445,4
-0.94245017,0.57941073,2
-0.7776956,-1.2899477,3
4.051365,-0.041815758,9
28.61749,3.712728,7
0.48505998,4.076228,6
4.240923,2.0743246,9
16.561146,-24.15723,1
4.5153246,0.5219414,9
-3.9297945,0.5864496,0
-0.3027527,2.1331599,6
32.146976,4.8528633,7
17.043251,-36.624023,1
-1.9462825,2.234612,2
-0.64997804,-0.26582825,3
22.581247,-2.6934538,9
-0.67755514,0.9366945,2
9.079327,-2.9884698,4
9.289796,-4.140072,5
-0.57115126,-0.5034628,5
-0.62316954,0.33942237,3
24.896235,3.5272608,7
-1.5684404,-1.3615651,5
-0.73902166,-0.4899025,3
18.895288,-21.428926,1
1.5300256,-1.6525577,8
-0.9267887,0.5910121,2
-0.68588096,1.0862892,2
-0.9019257,-0.76730084,3
-3.3627856,0.44548607,0
-0.85817236,0.4341954,2
5.0314627,0.05397296,9
8.666042,-0.97047997,4
4.25788,0.24353552,9
35.82493,-5.8904033,7
-4.19211,2.0566034,0
-1.4073162,-1.1045911,2
22.656727,2.900846,7
4.229905,1.4724872,4
2.7411242,-0.04235816,9
2.679885,1.3180137,9
-0.2939781,0.8534743,2
-0.49856785,-0.023018122,5
3.049193,0.7447536,9
1.4259706,-1.4972825,8
-0.3619356,-0.031806707,3
1.5119488,-1.6627097,8
-0.05268698,3.6216364,6
34.84458,-5.6429243,7
-3.6882086,0.8576131,0
-2.5566616,-0.4887638,0
19.891365,-20.380608,1
-0.23609164,0.48420066,2
-0.9489766,-0.41978788,3
8.100292,-1.260766,4
-2.2669594,-0.6434276,5
-0.29939348,2.2957368,6
48.974823,12.788421,7
-2.6036656,-1.3011765,8
4.2058377,1.7715013,9
-3.9272976,0.8836241,0
14.236031,-14.893985,1
-0.8450583,0.5631393,2
-0.6441883,0.0183025,3
6.018891,0.69451094,4
7.4492216,-3.426218,5
-0.66329443,2.607,6
37.457108,-4.31862,7
-2.233973,-0.3446083,8
3.5605621,-0.09166789,9
-3.0283983,0.5060787,0
20.370123,-16.62826,1
-0.5391651,0.7415378,2
-0.8941151,-0.029615164,3
6.2110486,-0.69047666,4
9.071038,-4.3176575,5
-0.2173565,2.489526,6
50.882107,5.010575,7
-2.318964,-0.7007041,8
5.939087,-0.1727128,9
-2.2703705,0.04760623,0
-3.639227,0.08450937,0
34.87512,0.2386558,7
-0.72980446,0.46764442,2
-0.78175366,4.8957224,6
7.3954277,-3.281604,5
8.237997,-3.6777382,5
-0.8452277,0.075137496,3
42.983543,0.6649575,7
-1.9043726,-0.7691698,8
0.13421914,2.6037183,6
-0.07710952,2.9831831,6
-0.28473678,3.6727746,6
0.13466786,1.8904216,6
6.8140125,-0.67732286,4
-0.3785487,0.029069781,3
1.2329482,-2.1927955,8
-1.0506039,-0.6637106,8
-0.7318819,-0.4762876,3
-2.9410648,-0.014918327,0
13.4377985,-14.822109,1
4.188614,0.61579037,9
-1.9100788,0.014689922,0
-1.2336092,-0.73994875,5
5.948373,-1.0649526,4
12.49837,-11.135027,1
3.6864862,0.07806444,9
14.894226,-21.450216,1
-0.54570955,0.9890948,2
58.81058,8.066115,7
-4.431245,0.8766875,0
21.769615,-26.767174,1
-0.9745008,0.14157331,3
-2.4096384,-1.5692897,8
-0.31739157,0.8889426,2
4.7444286,1.3686632,9
-1.082116,1.290424,2
30.616875,2.1313295,7
9.686427,-7.830364,4
-0.29269677,0.5262656,2
-0.12748003,3.3937125,6
8.185705,-4.038467,5
5.7796125,-2.6160965,5
5.251933,0.27766263,9
5.6962676,0.22438025,9
11.491431,-18.061779,1
20.621704,-25.632809,1
5.420519,-2.391593,5
24.091253,4.1664577,7
0.37122542,3.003077,6
0.47694772,-3.4636893,8
-0.49789837,0.3273712,2
2.7461863,-0.07969904,9
4.5776367,1.6915053,4
-1.008421,-0.6551945,3
21.102314,-17.994698,1
3.9776397,1.4850395,9
-5.857288,-0.14723396,0
3.0554895,1.0791578,9
-1.226033,-0.7104316,3
0.096090436,4.0020013,6
-2.2408442,-1.7511015,8
52.218647,13.563486,7
-1.8627827,0.032062292,0
16.630234,-21.039555,1
-3.8468971,-0.039150238,0
-1.4288611,-0.6773541,5
-2.1849508,-0.9202142,8
-0.49845624,0.642938,2
27.121445,3.8690531,7
21.789547,0.68898606,7
-3.0311227,-2.1045103,0
67.86692,-33.016056,1
-0.82747996,0.81402874,2
-1.1296365,-3.3875592,3
4.0302744,4.2986245,4
-1.9778061,-2.3429978,5
0.69031775,5.2322674,6
46.592216,15.682255,7
0.8873272,-2.6284347,8
3.0216641,2.9713852,9
-7.3289294,-5.5674925,0
56.301872,-34.377174,1
-0.24420337,-2.9610832,2
-0.5618389,-2.6074421,3
4.2188168,6.0473857,4
-2.1768045,-2.3108811,5
0.6447277,-2.350853,8
3.7092104,4.4265437,9
-3.4115276,-2.5031533,0
38.354244,-26.015945,1
-0.75920737,1.0956451,2
-1.1231093,-3.1579168,3
4.356206,4.7013607,4
-2.4206843,-2.8844097,5
0.74698985,3.6439295,6
27.470333,9.612086,7
0.43973494,-2.014689,8
2.8824935,1.8702714,9
-0.9116636,0.58204246,2
44.18009,-27.499565,1
-2.1181378,-1.8638844,2
64.196396,-33.214375,1
-1.5429425,-3.025194,3
2.4487498,2.0479035,9
2.8457162,2.2332733,9
0.09664965,-1.7085481,8
-1.88204,-2.2339303,5
-0.9984834,-1.5889256,3
84.27257,22.18924,7
-2.5270705,-0.94174576,0
33.939137,4.5006776,7
28.226677,3.5010324,7
-1.6727735,-1.506089,5
20.940567,6.323107,7
2.5608845,1.7617755,9
4.109393,2.4597168,9
4.5718665,4.735532,4
16.851421,4.2833304,7
-3.7777107,-1.4544287,0
-1.1273293,-3.3832061,3
3.1013808,3.7180827,4
51.004143,-33.23628,1
-2.5003521,-2.9125023,5
0.24523482,-2.308262,8
41.15164,-31.791353,1
3.960888,3.0998473,4
0.6544347,-2.0976348,8
5.1061945,7.2537093,4
30.592482,-21.914875,1
1.3123986,-3.194688,8
1.6978475,10.7542305,6
0.9904671,3.8868797,6
3.9657307,3.9701908,4
0.81087005,3.4236183,6
-2.409813,-2.4947686,0
-2.14205,-2.933326,5
0.19577986,-2.3399234,5
-0.8174645,-1.7958727,3
-0.5216289,-1.6417289,3
-0.14463025,-2.315895,5
21.15319,6.527684,7
-0.6462387,0.34809154,2
-2.380672,-2.7406144,5
3.2948644,2.1767735,9
1.0921432,4.834013,6
3.1606317,1.4052831,9
-1.7073755,-0.92122483,2
0.94646305,4.7482333,6
-0.7915368,0.9983702,2
41.589794,-27.08136,1
-1.5185614,0.857708,2
-4.379066,-2.3541594,0
-0.2918177,-2.1336784,8
-0.7669437,-2.2723546,3
-0.61196464,-2.7325037,8
-0.10402036,-1.6958977,3
-7.068095,-4.3346405,0
-0.45090434,-3.085509,8
35.925957,20.293633,7
3.4272094,4.0292454,4
2.754008,1.8467017,9
-2.4086351,-2.760674,5
-5.6826153,-2.7878714,0
3.0315604,2.237915,9
28.085495,7.4998627,7
-2.8319054,-2.0222015,0
-3.0925803,-1.8133574,0
2.9965804,2.7720385,4
1.9485211,9.251145,6
-3.0091932,-2.0967588,0
3.4695864,1.8989224,9
24.520279,-22.360706,1
2.2721543,15.233091,6
-0.68048227,0.9807426,2
31.317688,26.405228,7
2.2302938,12.983876,6
-0.053627044,-3.2198377,8
-0.6687335,-2.4132843,3
-1.9126664,-1.9841268,5
-0.6761862,0.43036953,2
38.043537,-26.00706,1
0.5294147,-3.473066,8
-1.021004,-2.732868,3
-0.6017912,-2.7437472,8
1.3515811,5.791362,6
33.330456,-26.142073,1
-9.178614,-6.955494,0
0.3412244,3.9929512,2
55.138252,-41.086674,1
3.792512,3.0031824,4
-2.8941793,-0.7431741,0
12.393678,-10.735472,1
-1.2165713,0.9436098,2
-0.68952864,0.2533189,3
6.9472275,-0.047423124,4
1.1888015,-2.8917692,5
0.3081615,4.366252,6
45.034946,8.757269,7
0.63981843,-1.9373583,8
11.160266,-8.12082,9
-8.079535,-1.732954,0
8.821728,-7.797415,1
-1.0185138,1.1211877,2
-0.72023517,-0.61796355,3
6.3332877,2.9086797,4
-1.2774305,-0.5200186,5
0.07394609,3.8463016,6
35.48173,6.38626,7
0.3653653,-3.7090552,8
4.799039,0.8310548,9
-3.9378462,12.644591,0
8.563387,-10.766352,1
-1.3061919,1.2768507,2
-0.7132788,-0.098523736,3
10.578314,0.061231136,4
6.923825,-3.325532,5
0.21306622,5.0640483,6
47.033863,6.0993085,7
1.1197629,-2.5926538,8
14.796868,-1.4729757,9
20.005045,4.1678505,7
0.21788359,4.8018856,6
5.214841,0.8268039,4
37.1624,7.635375,7
0.20821221,5.0916066,6
-2.1501036,1.7334926,2
-0.8386597,-0.54331636,3
6.5742917,0.3336115,4
1.9177165,-3.1613827,8
69.14017,17.992725,7
0.2637189,-2.4911256,8
0.29011595,2.9714139,6
5.053705,1.0752757,9
0.36096656,-2.1255107,8
-0.3751436,0.07670474,3
-1.120289,1.3832569,2
-0.49478322,0.8377964,2
0.48559147,-4.0550594,8
6.404593,2.0913785,4
0.77218467,-2.8943708,8
-1.545994,-1.064393,5
-0.07807652,4.3297677,6
-2.3759522,-0.31744528,5
-8.36707,-1.0388756,0
-0.46482286,1.1793971,2
-11.423987,0.015683174,0
7.3069,-6.3197265,1
13.141837,-15.835314,1
-0.69261265,1.0156765,2
4.2968054,2.09729,9
0.40452173,5.652472,6
0.2596322,-2.8396108,8
-1.3479968,1.3400995,2
10.280012,-8.79606,1
-3.5728557,13.156975,0
0.54696035,6.373371,6
1.1797328,-2.465311,5
-1.0616922,1.67469,2
3.8313694,1.7550716,9
45.742737,6.895018,7
-0.91124505,1.1266675,5
-0.84929657,-0.06456947,3
5.1787424,0.4600544,9
-1.9441124,-0.9018183,3
34.784973,11.789696,7
9.0041065,-8.209496,1
-2.6943529,-2.4024343,8
-0.33660787,0.1575656,3
0.44520918,-3.1988742,8
5.646441,-6.109934,1
5.766273,1.0215275,9
7.69621,-3.6486826,5
5.437189,-2.5180418,5
-6.980722,-1.8036423,0
11.130759,-9.799103,1
7.1875544,-5.918277,1
5.313468,0.5211084,9
1.040878,-4.7013893,8
-1.3823175,1.5978291,2
0.018359479,4.614785,6
-3.2055943,12.958788,0
7.14826,0.5736327,4
7.622656,-4.008622,5
-2.9624476,10.119717,0
-1.2348268,0.6505607,3
3.2174265,-3.5238748,1
-1.5934677,-2.6709251,8
0.60082567,5.865988,6
32.995335,6.307186,7
7.774947,-3.3973312,5
4.814125,2.5454674,9
4.405906,1.7766536,9
-0.69936323,0.03509301,3
-0.99061763,14.919232,0
-0.5269675,0.10342729,3
10.411593,-11.540472,1
4.536292,1.9145538,4
3.8057468,1.5491723,4
-8.959775,-0.6252136,0
4.8899655,1.1543643,4
3.3451345,0.41119742,9
-5.574806,-1.2512674,0
9.838176,-8.374808,1
-2.0298612,2.3704386,2
-1.9152329,-2.125094,3
0.97956824,4.0889077,5
0.25818193,5.5777516,6
43.650887,13.859501,7
3.4515157,-3.6624417,8
-5.905752,0.9507961,0
4.392296,-4.8062644,1
-2.4923882,2.738149,2
-1.2960323,1.0409824,3
-0.5312004,4.9090037,5
-0.21893091,4.972343,6
56.71592,9.738196,7
2.4505186,-3.553599,8
5.1807017,2.408193,9
-8.280394,-0.075894356,0
4.1663294,-4.372051,1
-1.6474593,1.7840388,2
-1.452191,1.0926547,3
8.47271,-2.096943,5
-0.61546344,5.0567355,6
53.542957,6.149406,7
2.8657782,-2.6027849,8
4.813199,0.15030336,9
4.374206,2.589787,9
33.26981,7.5630903,7
-7.8037577,0.6672497,0
5.455398,1.7378528,9
-5.2240334,-0.5694275,0
7.239543,-12.335646,1
10.409533,-4.7284603,5
1.9280355,-3.45371,8
2.6222572,-3.3948328,8
-7.541222,0.65966225,0
7.6726146,0.56343627,9
-1.5702235,0.87956715,3
-0.14567922,1.4026175,2
36.735928,-0.14378881,7
3.0264058,-3.7205215,8
8.580835,-0.4119873,4
-0.62029177,3.1397686,6
13.269302,-18.02359,1
-4.7569575,0.73793125,0
7.8164945,-1.2096095,4
6.653886,2.622375,9
2.6383548,5.1079745,4
2.4940815,4.091896,2
-9.731536,0.8110838,0
13.462505,-5.984599,5
-3.8628576,13.168561,0
12.445368,-15.0204735,1
-0.3080885,5.78306,6
3.9636922,0.96207464,9
-0.8950684,-0.26289952,3
-0.7316697,1.5374507,2
5.2388725,1.9034963,9
5.1422925,-4.656716,1
0.3279407,3.8164675,6
-6.951316,-0.11470699,0
1.8038969,-1.5306959,1
5.0144835,-6.508342,1
2.9884377,-3.7526875,8
41.597847,0.47771263,7
39.928596,5.5873537,7
-0.55308825,6.0349236,6
-1.147235,1.2761055,3
-0.12697603,4.6876926,6
-6.0632315,0.15910959,0
48.081604,5.229868,7
-2.1858935,2.2866,2
8.147638,1.2220483,4
4.985149,-8.977344,1
26.184273,0.7966597,7
-4.9041586,-0.23242855,0
0.13394412,4.5528574,6
34.220665,2.322129,7
6.697135,-8.338408,1
-0.56379986,6.8447113,2
11.676061,-6.075782,5
2.7940328,-4.032037,8
8.152119,-10.600895,1
0.08975577,2.206921,8
-2.5819662,2.9978461,2
2.9656599,-3.186034,8
54.666878,5.70278,7
-0.19184887,4.6728797,6
2.9514682,-3.887596,8
34.508816,-4.0738077,7
0.4483459,-0.644045,1
-0.20476623,4.3011355,6
-1.3938886,2.117329,2
4.1560903,1.7254021,9
-0.85308063,-0.6150441,3
-9.911407,-0.03476906,0
14.363709,-11.177226,1
-0.5326381,1.2722871,2
-0.7034894,-2.137352,3
4.280603,2.2450194,4
-0.38684583,-1.7607285,5
0.89696735,4.1960244,6
48.77051,7.928109,7
2.8648298,-3.2794752,8
3.3097491,1.0474242,9
-0.19721031,16.615604,0
12.0293255,-10.952675,1
0.11909723,4.3026047,2
-0.9896487,-2.2511353,3
4.2545576,1.671849,4
1.0138338,-3.0525918,5
0.44572157,3.8896549,6
38.111393,7.0977697,7
2.976931,1.8006756,8
2.3015356,1.4480753,9
-10.603529,-1.7043152,0
11.046303,-9.882765,1
-1.0783494,1.7135658,2
-1.6059029,-2.4437685,3
5.5095863,0.14111423,4
6.426697,-3.0664277,5
0.91392493,5.863804,6
47.700436,5.8946753,7
2.4157257,-3.1219263,8
3.5259569,2.1425066,9
1.4796579,-3.1601992,8
2.6657658,1.8313459,9
-2.0578394,-1.9450059,5
30.39792,5.0703316,7
-7.338528,-1.6810732,0
-1.180317,-1.5764353,3
18.188814,-17.282873,1
0.20889807,2.6320336,6
2.771805,-3.0563383,8
4.764743,0.98225856,4
12.466129,-12.875765,1
7.4532366,-3.4812407,5
0.43481362,4.358588,6
6.8304763,1.6151929,4
-0.39067528,1.2905414,2
41.72369,5.7423534,7
2.4936664,-3.7683356,8
15.1274805,-11.992404,1
-0.9769607,-1.2315578,3
3.2583408,1.4129579,4
-1.279942,-2.167262,3
5.637948,0.10553193,4
44.142616,3.4866214,7
-0.50884235,0.7610063,2
-5.827303,-1.0499029,0
7.022477,-3.4306183,5
-2.3636353,12.694502,0
7.443069,-6.131014,1
4.4322004,0.7740722,9
-0.329674,1.2341613,2
-1.4762981,-2.4200778,3
-1.3007041,1.7545266,2
-0.8849079,-1.4744755,3
9.637434,-4.1533966,5
7.509596,-3.596219,5
83.166,2.8165307,7
2.5377278,-4.0456553,8
2.2240186,6.661809,4
3.7720752,2.309558,9
3.044628,1.1013846,9
35.677906,-4.3463936,7
16.082378,-14.070637,1
21.759441,-20.643585,1
4.2408943,1.8912753,9
-6.5941677,-0.013187408,0
52.98831,0.28778028,7
1.8398626,-3.5992296,8
-1.6337178,-1.9161818,3
4.1990857,0.43310356,4
2.546439,-3.4613543,8
1.1690303,10.099238,6
-1.2750741,-1.9473854,3
2.7310488,-4.416125,8
-4.791399,12.564379,0
4.467679,2.2696939,9
0.34260583,4.9533734,6
-0.40922648,1.1511018,2
25.09697,-15.500955,1
-2.644352,13.984731,0
10.405226,-9.233876,1
-7.0789447,1.2854166,0
0.11422229,4.1586266,6
-0.9826674,1.4101245,2
-1.4640119,-2.251209,3
1.7687349,-3.661353,8
2.7469425,1.5871497,9
-5.610321,0.49736357,0
57.753403,4.9269075,7
0.45072982,0.9998865,2
-1.6107638,-3.2443326,3
3.7461889,1.5691954,4
0.7297461,-2.5830462,5
1.4182947,-2.4785655,5
-0.28068435,1.2672359,2
2.657204,-4.39752,8
1.2749522,-3.5173411,5
6.3162856,0.3229618,4
0.9153286,5.3964505,6
0.421506,4.018559,6
0.3671456,3.7390184,6
34.28092,1.6250982,7
3.0914555,0.69531345,9
9.02312,-9.551617,1
2.431736,-3.0772514,8
0.77948433,2.5351582,2
15.492884,-10.979958,1
0.5359046,-3.4538443,5
-1.7670108,-0.84547997,3
3.80973,1.8012041,4
55.57393,5.8354883,7
4.7689867,2.3699746,9
5.567892,1.4370463,4
-3.9168768,-0.32818794,0
-10.538597,-2.4089127,0
-9.624961,-3.0894356,0
12.761755,-8.933622,1
0.110918716,0.48200202,2
-0.6090489,-0.53167546,3
2.9256105,1.8769367,4
1.992398,-1.5984182,5
0.11775389,2.001289,6
14.487423,-1.3944027,7
0.63342726,-2.030251,8
2.2585728,0.895694,9
-6.281129,-2.2870312,0
10.250357,-7.051923,1
0.08898829,0.52191687,2
-0.8258778,-1.0228239,3
2.1870446,0.92686105,4
0.6348525,-1.3321446,5
0.2569327,3.2607198,6
38.59532,5.685588,7
1.0673648,-1.8721287,8
3.1344328,0.8736417,9
-3.6707492,-1.3995466,0
16.56806,-10.7244835,1
0.119969174,0.6045521,2
-0.6719781,-1.1515031,3
0.15126519,3.0396523,4
0.3249881,-2.0846674,5
0.46311206,3.4159827,6
3.4940176,2.2568274,9
-3.724704,-0.9685259,0
15.296175,-10.832571,1
0.32935503,-1.7010527,3
19.506,-13.986839,1
2.7997239,-1.2792984,5
19.115705,-13.6944065,1
-0.25519922,-2.7292254,2
1.2385088,1.2685399,4
2.5663571,1.4723763,9
0.6284299,-1.6295991,2
1.0279009,0.80957043,4
0.03475375,2.621124,6
-3.5433328,-2.1153178,8
-9.215754,0.5339737,0
23.679474,-20.108704,1
16.72597,-11.903863,1
3.4205787,1.9278903,9
0.03447316,0.41999358,2
0.19052507,1.9002343,6
-0.2662434,2.1587458,6
2.020589,-2.2227983,8
11.047571,-5.703233,7
3.1092453,1.6214533,4
-0.18447492,0.9205236,2
2.6347106,1.0844511,9
10.825937,2.1896102,7
-9.658942,-1.1546879,0
-0.10873017,0.60524595,2
21.000307,-15.88492,1
-10.333311,0.9048548,0
-2.1571252,-2.073879,3
0.40239534,5.6338935,6
-9.700969,-2.9180288,0
11.797825,-14.340485,1
0.43413168,0.9434736,2
-0.18574747,0.07699987,3
6.050704,-0.08875656,4
6.457507,-3.0088563,5
0.08895449,3.9857354,6
38.171333,6.66119,7
1.128243,-3.7046418,8
5.13011,2.8206809,9
-6.608556,-1.7242918,0
5.187265,-4.9416046,1
-0.25560525,1.1289682,2
-0.8969705,-0.7273097,3
5.973866,1.0281343,4
8.832767,-4.3405385,5
0.19874598,4.7234483,6
25.924557,6.2636733,7
1.1008824,-3.8017397,8
5.258428,2.2005277,9
-6.1144023,-0.24472618,0
22.021763,-25.397762,1
-0.9193576,1.3977638,2
-1.8178034,-2.4296365,3
11.304094,-1.8032784,4
6.6817327,-3.1754775,5
-2.1344225,4.492196,6
21.555384,0.73904574,7
2.7007482,-3.0941668,8
3.1096344,1.1183214,9
2.007794,-2.6915188,8
0.46056437,4.447054,6
3.7837138,-1.834694,5
3.9829998,1.9725797,9
25.973444,-0.5286292,7
-10.087332,-1.1694374,0
-0.7407823,1.4992858,2
-1.159369,-1.6673124,3
5.12148,0.84003353,4
1.2568884,-3.2814064,3
2.485252,-3.4072254,8
6.46891,-3.485591,5
28.636065,-31.726837,1
-1.5087397,-0.089677095,5
-0.51930815,1.1801594,2
-1.2909071,-1.2273374,3
-11.531643,0.10255337,0
15.613942,-25.901314,1
0.38017637,0.76009333,2
19.222752,-21.182554,1
-0.8041109,-1.4201922,3
0.37970376,0.758487,2
0.6310668,9.429905,6
11.117841,-5.0894485,5
-1.3560889,-1.0815823,3
-9.3426485,0.08473587,0
44.5231,1.1024371,7
-1.2057995,1.7813655,2
32.68647,4.362026,7
7.6832156,0.28501034,4
0.15524763,4.6888347,6
14.165256,-3.87113,4
-9.286243,-1.6465855,0
5.7948055,-2.604371,5
5.821448,0.45845938,9
9.718858,-0.7022658,9
4.380972,-2.467553,8
11.427581,-0.4992497,9
-1.251363,-1.08231,5
0.48262155,-3.1387274,3
23.040167,-29.346949,1
60.537857,8.948717,7
7.0334997,0.640533,4
60.286995,0.99378777,7
-0.31254578,3.6807523,6
1.180434,-2.429438,5
6.608966,0.6767007,4
-6.2421007,1.5952954,0
-10.403084,-4.0202312,0
0.22555408,10.52076,6
-0.7336777,7.2445416,6
0.6743039,0.8721394,2
-8.392933,1.9523363,0
-0.34361306,6.111365,6
-0.58451706,0.054564357,3
28.970367,3.9800422,7
47.81808,8.705941,7
6.950448,1.1772797,4
4.1029906,3.4468467,4
-0.74670464,-0.1829524,3
4.5208373,1.0973322,9
-1.9105166,1.812655,2
2.0973356,-2.1843078,8
3.9312038,3.2210069,9
0.33398807,5.01112,6
-3.9601502,15.7130375,0
5.1382017,5.026046,9
0.8850852,-2.4402907,5
-0.6243141,-1.090808,3
1.7833655,-1.7085805,8
1.3563102,-3.6225097,8
23.17249,2.7376537,7
17.059622,-18.649254,1
8.244066,-0.7109542,4
-9.477936,-0.32798576,0
5.8451457,0.99144745,4
2.0913892,-3.1669238,8
5.109104,-2.3031197,5
-0.8421745,1.2781556,2
-1.7909701,-1.6452658,3
8.835934,0.36886692,9
-7.90668,2.188952,0
13.22979,-21.140957,1
5.9081683,0.8244481,9
13.8185215,-23.58541,1
6.0407133,-2.7732735,5
12.84555,-19.833384,1
27.909426,4.185632,7
7.267837,0.9533756,4
5.255856,-3.1344638,8
-0.04528594,4.230877,6
-1.6461987,2.0360448,2
20.472202,-24.011019,1
-0.13184036,3.1167178,6
2.5067976,-2.7371416,8
3.8284993,-3.1710415,8
-4.5786047,-0.009445667,0
2.7849574,-12.251865,1
-1.6736643,1.9526054,2
-3.1708627,-3.659377,3
7.2865763,0.9428401,4
50.363415,8.330338,7
4.2605424,-3.571278,8
6.212747,0.9396796,9
-8.870016,-0.79383564,0
18.521727,-21.740364,1
-1.2861536,1.6928697,2
-1.9222512,-1.8016534,3
9.129547,-1.8592112,4
-2.1406622,4.321437,6
26.824276,3.7589703,7
2.805173,2.4277873,8
4.1443367,2.1896787,9
-2.1702747,13.6372385,0
20.476076,-27.317478,1
0.30433398,0.7556313,2
-1.7463672,-1.6935096,3
7.1778064,0.6299658,4
39.841557,10.422178,7
1.9959195,-3.0764842,8
4.739102,2.152827,9
17.113409,-34.414692,1
5.06719,0.7599108,4
9.832661,-4.0523214,5
-0.9995968,-1.1500664,3
-0.44105393,-3.6186047,3
3.8304138,17.258326,0
6.491257,1.1764269,9
7.7161603,-3.689361,5
9.500169,-2.33668,4
-1.7524482,-1.9042935,3
-1.9976239,6.8391085,0
11.695251,-2.1109686,8
10.068624,-1.1324644,4
-0.25855312,2.2208986,6
23.458664,1.6532766,7
-4.942291,10.469696,0
75.45263,20.178452,7
27.570772,-0.078718185,7
12.679089,-22.574663,1
-0.33516687,2.7320073,6
4.8988104,2.8148553,9
22.434875,-28.699528,1
-2.2078264,-2.9900074,3
-0.583153,3.0214992,6
-1.0036327,0.83466506,2
-1.893468,-2.093809,3
1.1656736,-3.5144014,8
-1.3044565,1.0573384,2
-1.7967414,-1.9173956,3
1.4263378,-3.1106858,8
4.51563,0.73101544,9
9.423128,-4.2781725,5
2.1068676,-3.7978764,8
1.4509696,-3.0093431,8
58.08753,7.7853694,7
9.598842,-18.149723,1
40.231716,8.379618,7
14.6658535,-25.032698,1
19.121292,-27.107992,1
-8.354263,-2.0377684,0
-1.8432931,-2.485167,3
6.3108025,0.31542826,4
0.10427348,1.1504607,2
-0.82919264,6.1574764,6
10.731698,-1.389153,4
34.15907,4.5988407,7
7.6314325,-0.9696362,4
-1.2347865,1.4934305,2
9.897165,1.748663,7
6.236514,0.6751778,4
-1.1095549,0.72617847,2
4.348896,1.5273447,9
-0.602436,0.8877627,2
35.00096,12.75797,7
4.986752,1.2587447,9
-1.1526818,0.6373831,2
18.080948,-36.03237,1
-0.68729377,2.5189028,0
-1.6950954,3.4744003,6
6.4686985,-3.1070952,5
-1.3197565,-2.1864986,3
10.501159,-2.6214702,4
1.5498203,-3.2216735,8
8.997717,-3.7168188,5
4.5867043,2.9454756,9
0.5841632,6.4179535,6
5.1070914,1.53745,9
-6.3853817,0.108677864,0
-0.4674513,6.8829713,6
-2.4634197,-4.0990157,3
-10.848594,-0.2828312,0
1.053194,2.5648832,8
16.185553,-17.560549,1
0.27391753,8.623999,6
-4.3564463,10.752046,0
-5.431383,0.5171199,0
13.003631,-11.219547,1
-0.923991,1.5200641,2
-0.72161067,-1.0529723,3
4.305351,2.6883817,4
4.8568673,-2.1557598,5
0.19200562,6.355768,6
35.997963,7.4008055,7
-9.4060135,0.38123703,0
15.943756,-13.9816,1
1.1321375,2.8922844,2
-1.9561267,-2.7042813,3
4.276372,3.521192,4
50.570614,13.830449,7
2.2561893,-2.264728,8
4.2714596,0.4941318,9
-7.6528215,1.1170292,0
10.737885,-14.275564,1
-1.5158603,2.0565002,2
-1.6618476,-1.4418421,3
5.2268343,4.103924,4
35.54571,4.156255,7
-1.557049,1.2927666,2
-0.3612954,-3.744559,5
24.864832,-25.391092,1
-0.14171734,3.21609,6
3.502902,2.212483,4
-1.3018311,-1.4442692,3
4.574666,2.8228986,9
5.5615344,2.198055,9
-9.090342,1.6399736,0
5.473382,3.9709744,9
24.524256,5.111333,7
23.094416,-16.890673,1
-0.71158576,3.548865,6
5.7356315,1.536808,4
-1.7391233,-1.830199,3
0.29405034,4.795303,6
0.4396726,0.9623058,2
-2.2661076,7.510569,0
4.549121,3.605819,9
2.3358912,-2.3638768,8
-0.12743768,4.0178556,6
0.2451587,-2.3979282,5
50.31927,5.641227,7
-6.8339252,1.8412838,0
-6.0362854,1.3279843,0
31.362085,-33.143612,1
42.59983,12.916662,7
4.094763,2.2287092,4
-1.1149676,-1.0353062,3
-1.9632494,1.9909127,2
5.3225155,1.6496344,4
20.109354,-17.32201,1
-1.8746169,-1.7808232,3
36.7034,6.0060987,7
0.10580486,3.56407,6
4.5471835,4.187056,4
34.161068,11.319158,7
47.589478,15.325958,7
57.507874,15.557367,7
4.5628633,3.783934,9
5.0442758,-2.186246,8
4.774621,3.7291842,4
-2.2021677,-3.422527,3
6.937051,-3.5110066,8
-0.89933074,1.3981633,2
0.47766057,2.52098,8
-1.089685,-1.2831867,3
6.992505,-3.2419949,5
4.812853,-1.4059591,8
-2.8865895,9.647525,0
5.750015,-2.655192,5
3.602023,1.0014137,4
77.25601,27.566814,7
15.041786,-12.92241,1
-1.130141,-3.4615448,3
24.452477,-20.461506,1
31.846771,8.451581,7
4.933806,1.0305927,9
-0.27724758,3.674595,6
-2.1870966,1.7535094,2
-5.310999,0.32196712,0
5.522715,4.000541,9
25.73418,-24.106577,1
61.74505,14.220686,7
-0.91880906,-0.7579346,3
-2.0790496,-2.2655938,3
4.9199133,3.10183,9
18.646471,-20.156008,1
-0.5063878,4.3286276,6
5.0447316,5.290368,4
-1.7940204,-1.5652184,3
4.9404306,2.5642562,9
1.7713367,-2.9192662,8
-1.0743845,1.5912659,2
17.345556,-13.572721,1
1.8927113,-3.1110275,8
0.29538953,4.550926,6
1.9594806,2.5217392,4
25.870428,-21.546875,1
8.710744,-4.1453433,5
7.512229,-3.4375987,5
0.097596645,4.307181,6
0.37196597,-3.4127235,5
-7.736638,-5.246641,0
56.801224,-35.675022,1
-0.07732854,0.6840104,2
-0.7665003,-1.5303808,3
2.854657,2.675836,4
3.425303,-1.7931702,5
0.9488964,6.12509,6
38.728954,14.049511,7
-3.6025848,-2.9615536,8
4.4229765,2.853828,9
-11.305288,-5.3357754,0
26.174582,-15.954432,1
-0.62713474,1.0955044,2
-0.1358839,0.17111069,3
3.261771,2.0507882,4
6.919238,-3.3504157,5
1.1086953,10.977866,6
6.2535315,3.2390962,7
0.09430313,-4.446026,8
4.030822,5.259449,9
-11.305709,-4.3024654,0
14.127031,-8.047529,1
-0.32343626,1.2375898,2
-0.8334155,-1.6269147,3
3.1295528,2.498093,4
3.7280722,-1.8457216,5
0.19120562,5.1087456,6
46.11333,13.730755,7
-2.4503653,-1.2812619,8
4.2411957,1.9144771,9
0.8836882,3.9012961,6
3.260207,2.9595304,9
48.706356,16.609997,7
-8.10132,-5.0002794,0
-0.5603126,0.9250483,2
-1.0377309,-1.9564967,3
3.7597828,4.1030135,4
-0.7366084,-2.4025636,3
-0.15143114,-3.219508,8
3.4073505,-1.605213,5
16.36873,-11.802934,1
-0.7905637,-1.4040087,3
-2.538044,16.938745,0
26.225481,-15.706252,1
0.418099,0.88898253,2
18.114658,-11.302535,1
-0.7107912,-1.4508046,3
0.08557061,0.6265361,2
-10.379857,-4.733267,0
1.8046305,1.1998765,7
-0.0336805,0.5882931,2
0.67647624,4.734252,6
3.8184268,5.6612396,4
-3.9790897,-1.5128083,0
0.7668971,-2.5860438,5
2.9647627,2.130333,9
2.5347505,1.9927675,9
2.3128357,-3.249261,8
2.3729763,1.9448596,9
10.713303,-4.6768546,5
-0.9897127,0.7298213,3
2.9252067,-1.3939903,1
2.155949,1.6743865,7
4.1279926,3.6799488,4
2.9506307,1.5679743,7
-1.3902202,19.258572,0
-11.964865,-3.1583252,0
0.93087447,4.359075,6
0.8310688,5.022457,6
0.965643,4.682529,6
-0.84493816,-1.2550259,3
1.53085,1.4148448,7
2.3526273,1.955291,4
0.060905285,0.5539518,2
-1.8317988,-1.5916278,8
-0.056870103,-3.1007648,9
1.4003332,-3.1287034,8
1.8891468,1.2945818,7
64.30744,-33.72676,1
-0.3912583,-3.1096272,4
-10.847346,-7.521431,0
4.964425,7.5684214,4
1.8998988,-3.5281,8
-1.0816386,-0.90671515,5
-0.01831077,0.85292184,2
-0.7708951,-1.1956366,3
3.738378,3.8620503,9
-11.261188,-7.1157055,0
70.8005,-33.336685,1
2.8466053,3.1559553,9
55.97812,-28.660217,1
-1.3436465,-0.7904613,5
56.168613,-29.048946,1
1.9339842,1.6399994,7
0.5712266,2.3262148,6
70.877815,-34.208153,1
-2.6827617,1.8045118,2
62.58192,-29.788172,1
0.66841245,3.0510588,6
1.8427657,-3.6046739,8
-8.791549,-6.6724997,0
32.15906,-20.089535,1
-0.12694871,0.92078584,2
-1.7643163,-3.1769238,3
4.0042887,4.816836,4
-3.6360087,-4.6517186,5
1.2912666,8.923169,6
41.65975,18.310253,7
1.7943873,-3.037441,8
4.9032564,5.135068,9
-3.3096724,-2.712697,0
33.157692,-25.54591,1
-0.96695125,0.72864527,2
-1.5155096,-4.1952367,3
3.9790678,4.870928,4
-2.4369838,-3.5106127,5
0.5306313,4.896739,6
1.9866819,1.2510543,7
0.70995426,-2.6805768,8
-7.1555014,-4.2096205,0
49.501984,-31.80031,1
-0.5024667,0.84195393,2
-2.2139795,-3.7380042,3
-3.4281273,-3.6830559,5
1.110941,6.345297,6
44.103012,26.163292,7
0.9877356,-2.9563074,8
23.262611,-15.512258,1
-3.079248,-2.1451163,0
2.9046004,2.0568955,4
-2.1525114,-1.9215426,5
1.0559379,8.233723,6
0.83925366,4.825247,6
-0.6932922,-2.1840146,3
3.4729514,4.1768413,4
3.740428,3.7904537,4
-1.8852382,1.1445196,2
1.1826143,-2.5487823,8
27.003248,-20.710114,1
-4.8980713,-2.429408,0
1.323716,8.450108,6
3.2022545,3.0867696,4
3.5496266,2.772367,9
2.2343333,1.2673883,7
-0.8847291,0.6432667,2
3.2324238,2.4783816,9
-0.3812994,0.72517294,2
-7.701824,-3.1430464,0
3.6539087,3.6849144,9
-0.25125924,-2.6971304,3
-1.2835447,-2.2597623,3
4.3209105,4.037825,9
30.700165,-23.891855,1
-2.426257,-2.7663236,5
-1.0425966,0.99332494,2
-1.662343,-2.839977,3
35.56867,-27.059769,1
0.50611174,4.387439,6
1.7478143,1.1767228,7
-1.6758627,-1.9628549,3
14.0459795,7.5443163,7
1.6295671,-2.841881,8
4.5203114,3.4818032,4
-3.010287,-1.7419076,0
-0.6552017,1.2066003,2
3.4385614,3.9447117,4
-2.5474625,-1.2976427,0
-0.45840135,0.49348068,2
2.787624,2.660368,4
34.119427,10.647551,7
0.80399954,-2.2699428,8
-8.655026,-2.4767923,0
30.626984,12.686964,7
-3.7097712,-1.9642749,0
0.6565278,4.6696873,6
3.0611627,2.6494598,9
-1.6521345,-2.2249444,3
-1.2758,0.8501161,2
3.2031794,2.8522139,4
1.1106981,-2.5841498,8
0.7448182,4.416979,6
-4.1286116,-1.9336357,0
-2.1012027,-2.472335,5
39.029987,15.292031,7
-2.6330872,-2.7690115,5
32.261265,-22.468597,1
-2.6832862,-2.1076756,0
-0.105964854,-2.010674,8
33.211716,-22.199205,1
2.343082,15.869003,6
38.362957,15.18286,7
-0.63967615,0.50721705,2
2.9249833,2.3431365,9
29.596687,8.347008,7
4.6591053,2.9882035,9
-2.0897584,-2.3244166,5
0.47439456,3.6090827,6
-1.9332633,-1.9289434,5
-0.6006904,0.54381,2
1.0756698,4.1260204,6
-0.60614437,0.70499253,2
0.7689171,-2.618471,8
36.70636,-30.332777,1
36.124496,13.985937,7
-1.7069561,-1.6647882,5
-2.3144193,-2.5572343,5
27.144682,9.241936,7
-1.6141757,-2.661495,3
-2.1215837,-2.3620324,5
-9.589266,-3.7696037,0
28.329912,-21.693504,1
29.99773,-21.083584,1
-1.9990566,-2.7883224,3
0.93365836,-3.0339408,8
4.361025,4.9639874,4
3.6090822,2.702356,9
4.304186,4.2286844,4
-2.5374968,-2.3063393,5
29.141438,-20.922852,1
0.34074,-2.4270477,8
1.2270097,8.140158,6
1.0713949,-3.132191,8
4.6766243,2.5379238,9
-6.1363287,-1.6542368,0
20.328154,-18.686466,1
-0.806624,1.0148805,2
-0.8587109,-1.2924803,3
4.379253,2.5121727,4
0.34291813,-1.5967071,5
0.05810654,4.359203,6
45.269047,7.5253725,7
0.806852,-3.0339234,8
3.5413156,2.0227032,9
-5.7640405,0.7837763,0
22.997921,-18.650421,1
-0.48759016,0.89174443,2
-1.1507852,-0.619143,3
4.1198196,2.5319567,4
0.83763725,-1.7885436,5
0.04346002,3.5649333,6
23.400995,5.774148,7
0.9177928,-3.1597283,8
2.9160075,1.4573796,9
-6.693416,-0.04485321,0
16.221037,-13.744912,1
-1.2982402,1.0530139,2
-0.9595754,-1.3676081,3
4.5026217,2.5963998,4
7.532531,-2.714408,5
0.19367957,4.3761187,6
50.718086,8.847676,7
1.7152838,-3.4344041,8
3.1437347,1.1082969,9
-0.7916815,-0.9935955,3
1.0406032,-2.3319812,5
-1.1350396,-1.454668,3
-0.18839902,0.69404083,2
4.289441,1.8727987,9
-0.74580216,-1.4194425,3
-1.0323459,1.5772421,2
14.519432,-12.46739,1
3.7418432,2.7894788,4
1.3366423,-2.1937604,5
0.7162714,-2.4015317,5
-1.0169494,0.98795766,2
-1.1143714,-1.8239614,3
-0.2916277,1.0493376,2
18.433092,-14.12895,1
-0.83121175,-0.46682525,3
4.032316,1.9027159,9
41.089825,2.311234,7
-0.7901612,1.461903,2
21.579426,-19.513073,1
-0.4048539,0.99705946,2
0.34629437,-2.440243,8
3.0764034,1.2579107,9
26.10603,-22.63343,1
0.42503092,-2.7386818,8
0.20238525,-2.6104636,8
29.519163,8.318767,7
0.32015464,-3.251126,8
13.161791,-12.809416,1
-4.5778937,-0.9776945,0
-3.7794414,-0.22068262,0
0.5735955,4.680828,6
34.294327,11.191052,7
25.427681,10.564795,7
1.7399881,-3.0172038,8
32.969814,3.9589136,7
0.48478198,-1.3034542,5
-3.222508,0.6386552,0
0.5072956,5.5316906,6
25.722992,-20.297585,1
-1.0629418,-0.8647561,5
19.48502,5.191222,7
5.7370615,2.0352135,4
0.09100398,3.4789116,6
19.735493,-18.185944,1
-1.1847686,1.1747427,2
0.74785084,-2.6042972,5
-3.8618705,0.4981594,0
23.34315,5.6617327,7
4.8592763,3.4295192,9
4.220558,2.3394742,9
-1.8731287,-0.02362132,0
-0.42222396,0.05893475,3
5.115654,3.8269737,4
3.4337182,3.105095,4
0.2110273,-2.3347838,8
4.556389,2.736914,4
16.739569,-15.928003,1
0.09406681,-2.1483178,8
0.23346722,4.456704,6
1.731872,-1.5416517,5
4.469797,0.34463573,9
-3.640902,-0.6732068,0
-4.7751093,0.29162073,0
-4.708956,-0.004520893,0
-0.97305787,-0.81576586,3
53.127174,18.644451,7
18.154194,-18.797829,1
0.32859123,4.398403,6
4.379338,2.7832494,4
-0.006170988,4.6631474,6
-4.2766585,-0.0020432472,0
4.5472193,1.2156506,4
5.451958,-2.3595734,5
5.121402,2.4884112,4
13.542961,-11.823788,1
-0.86148167,-1.9986567,3
-0.049445033,-3.7178712,8
0.594787,4.3445983,6
-1.0008652,-2.6936855,3
4.189293,2.186486,9
4.0666566,2.3247924,9
0.75171685,-2.8498914,5
2.8762736,2.203735,9
-0.4678061,0.19380695,3
54.401775,19.42492,7
0.6732671,-2.5734332,8
-1.2552856,-1.0547817,5
0.19306123,4.9053974,6
4.7686625,2.7508254,4
36.84703,7.612941,7
0.02188909,4.869802,6
-0.8314056,1.0646282,2
-0.40614876,0.91975987,2
-3.0741506,-0.27761173,0
3.5609927,2.274862,9
3.2683127,2.033893,4
-6.6599784,-2.62984,0
18.493502,-16.505863,1
-1.2046317,1.2218963,2
-0.73538864,-1.0204445,3
6.3654966,1.7439086,4
1.845274,-1.9492643,5
0.14866877,3.4745786,6
26.312046,2.958007,7
3.5537045,0.57674605,8
3.589797,2.2397394,9
-6.830237,-0.21075535,0
23.11357,-30.309202,1
-0.3930226,1.058552,2
-0.84997106,-1.1703187,3
6.607725,-0.0042071342,4
5.0982227,-2.1773663,5
0.019538939,2.7467947,6
35.039185,6.227885,7
3.2241302,-2.4504004,8
3.8453727,1.6480982,9
-7.1500835,0.66905594,0
16.966272,-27.679245,1
-2.3943439,2.1737094,2
-1.6257555,-2.020056,3
9.569902,0.35688782,4
9.84667,-4.1362634,5
-1.0012481,3.9630997,6
30.586693,1.2492397,7
2.7796192,-3.2494264,8
3.8940005,1.1029743,9
0.26319003,3.6076603,6
3.7480388,2.5512054,4
-2.3253016,1.6755116,2
0.29636765,3.77233,6
4.134371,2.313879,4
47.15296,10.291916,7
5.4954724,-2.4621382,5
0.54453635,-2.3546395,5
3.5919862,1.907809,4
37.207325,10.267434,7
-1.3537002,1.3237946,2
2.8722937,2.0179777,9
-0.32026455,-0.32312334,3
5.2160378,2.1938915,9
-1.1121156,-1.0545363,3
4.3045487,-3.6186986,8
-2.7761717,2.0595055,2
-2.7692094,-0.65377855,0
3.2213247,1.932404,9
4.6458626,-2.0597687,5
0.44734448,3.9597545,6
-2.440577,-0.5890312,0
23.571001,-18.624777,1
-3.6995115,0.4665804,0
-0.079889156,4.366814,6
6.6728497,-2.813054,5
-1.2291822,-1.5771842,3
4.9012585,-2.1493697,5
-0.862852,-1.3014188,3
2.802545,-2.5262644,8
-4.402683,-0.47178984,0
-4.105834,-0.08947086,0
-0.8276293,-1.1773677,3
4.860709,1.798153,4
15.954976,-16.519295,1
0.9427954,-2.4965332,5
-1.0568011,-1.4748042,3
-5.1003637,-0.9310236,0
1.7481949,-1.8291337,8
-1.5155766,-1.271555,3
-4.9328384,-1.8330278,0
0.006857872,4.6680355,6
-1.919613,1.6087737,2
59.32522,15.217863,7
4.2803087,-3.6979795,8
20.25009,-19.95521,1
38.933258,10.986367,7
16.495853,-17.369001,1
-0.7482774,-0.7132827,3
2.4278245,-2.1983397,8
5.986508,-2.6536398,5
4.814854,1.9863961,4
-1.1954973,1.1030145,2
-2.8503404,-0.2568469,0
3.664347,2.444312,9
43.430496,5.049983,7
0.5270741,4.9733286,6
34.16463,-4.6616774,7
6.0663815,0.79661465,4
22.347086,-31.13499,1
-0.13118441,3.9666462,6
-2.6927364,2.0725017,2
-0.4376682,4.927218,6
31.525501,3.0351257,7
17.38552,-18.309921,1
5.603919,2.022419,9
2.1976514,-2.1786454,8
-3.4632392,0.21808624,0
-0.14030044,3.3829856,6
6.387906,0.7586765,9
5.0961137,1.2874186,4
4.615097,1.7096758,9
4.0782185,1.3559161,9
-0.35649544,3.116682,6
-0.8985869,0.73698986,2
-1.0855103,-1.6585097,3
83.93802,19.982208,7
21.973211,-22.961094,1
4.523633,0.48080575,9
-1.1384897,0.99180114,2
-3.0133264,2.5489683,2
6.2009897,-2.7633104,5
-0.8818996,-1.3540461,3
28.940956,3.4865153,7
3.034814,-2.4844236,8
-2.6648939,-0.113102436,0
22.899555,-24.781635,1
-1.2387398,0.9942124,2
-0.83737415,-1.4653437,3
5.426688,0.5405884,4
47.9309,8.515149,7
1.9484904,-2.9216528,8
5.852672,1.6328006,9
-3.8073127,0.5015416,0
18.634237,-26.847721,1
-2.2514744,1.7726302,2
-0.9318165,-0.8525083,3
6.0622945,1.1324465,4
84.3849,5.421931,7
2.558569,-2.9473274,8
5.8445063,2.0843232,9
-7.756922,1.1988258,0
21.864126,-29.968855,1
78.294586,8.59272,7
3.4609306,-3.2813065,8
6.581314,1.3338234,9
2.0430305,-2.5477984,8
4.7794967,2.0074286,9
-1.031898,0.9344752,2
0.20897561,3.405763,6
25.365162,-31.659538,1
-0.26476333,0.0906446,3
4.498812,-1.8815684,5
6.1750426,1.8077797,4
2.528964,-2.7960324,8
-1.3023452,0.7686219,2
-0.18176846,2.9261367,6
6.1977825,-0.0074691772,4
-0.9714512,-0.8050375,3
6.571565,1.1430197,4
9.326297,-3.8692913,5
6.0875216,1.4601831,9
-1.4487927,1.0731382,2
-3.3580494,0.15173149,0
0.15498035,-1.831831,3
5.0428376,0.9802915,9
6.576683,0.73323464,4
5.273539,1.0735697,9
37.31985,-3.6576433,7
-0.8054304,-0.45775056,3
2.0067809,-2.2138054,8
57.238846,7.941642,7
6.370974,1.3837054,4
6.838635,0.5764749,4
5.329357,0.25453973,9
2.375214,-2.5686572,8
5.5897675,-2.4368515,5
2.7257068,-3.0759828,8
-1.2612528,1.1054633,2
0.29774177,2.6976497,6
0.34613138,4.08944,6
-2.2817738,2.090521,2
-1.0850025,-0.61755586,3
19.991064,-27.62827,1
-0.5892066,-0.033619165,3
-2.2152104,1.5321559,2
89.69033,17.049278,7
-2.151103,-0.5851469,3
22.554152,-29.543919,1
5.793403,0.69213223,9
-9.419656,0.11801338,0
17.270264,-32.586716,1
17.008549,-32.36536,1
-0.80835176,0.1954217,3
10.417858,-4.7829957,5
-9.183569,1.0769129,0
36.455853,5.4373736,7
2.4230626,-2.8388224,8
21.692284,-30.509579,1
5.8237476,-2.6522384,5
15.809349,-22.755999,1
6.48447,1.2434268,4
0.24079907,4.0398145,6
-7.769454,-2.4563951,0
-9.110602,-0.8142309,0
6.515549,-0.38252544,4
5.293702,1.3791301,9
18.100227,-26.729488,1
-0.20131746,4.859092,6
0.09197554,3.96855,6
6.591766,-0.24469805,9
-8.58235,1.3119822,0
67.413666,3.5595663,7
0.467116,7.155477,6
18.733047,-31.39757,1
17.527641,-32.35677,1
-4.7847466,1.5157013,0
15.111695,-26.46315,1
-0.60145134,0.59068966,2
0.91514945,-1.5467013,3
5.7999306,0.8339051,4
-0.9218425,1.1492164,7
2.2400432,-3.1536171,2
-0.536184,0.36701015,3
14.015354,-2.4864807,4
14.41761,-5.5949855,5
-1.5585998,5.639558,6
-0.41793808,1.1349359,7
-5.983214,3.0256176,0
14.416231,-34.501972,1
-0.8928802,1.420245,2
-0.9463355,1.3181146,7
2.113766,-2.6173978,8
-0.29305476,4.652198,6
-0.26140967,0.36329284,3
5.724966,2.886023,9
-0.8890598,0.62052226,7
21.222668,-25.795494,1
5.6103506,1.7184181,9
-0.4743816,-0.008791864,3
5.189378,1.3482962,9
-1.6818165,4.562454,6
26.205425,-29.169006,1
6.8951015,1.6237164,7
-0.4661039,0.38558105,2
6.34972,1.6013939,4
5.055754,1.4771137,4
12.179118,-5.047704,5
-0.66214466,0.7425921,7
-8.026439,5.4350853,0
-4.1149683,12.222334,0
13.91885,-19.282238,1
-0.7098756,3.4396894,6
-1.6455042,4.0155134,6
2.6256905,-2.974314,8
1.7736664,-62.595047,2
2.7841225,1.3543073,7
3.5301256,1.9601231,7
1.1125071,-2.5030558,2
8.558901,-0.069201946,4
-0.21336809,0.8995461,2
15.764673,-25.871035,1
-0.33801863,3.200092,6
12.194918,-10.654658,1
-8.76527,-2.1991491,0
-0.20508999,3.8691864,6
3.4325585,0.9367194,9
2.62698,-3.0526018,8
-0.741319,-0.8202183,3
4.9869294,1.1311696,9
-0.54650897,3.5175338,6
-0.6610185,-1.5076797,3
-11.295085,-4.91893,0
37.411987,-21.672651,1
-0.053411476,0.7088871,2
-1.1559687,-3.1988394,3
3.9445667,3.8768914,4
-0.15299052,-3.190088,5
0.91847694,5.536287,6
33.941322,16.62382,7
0.21318579,-4.0648575,8
2.9406054,2.9858272,9
-1.7963723,18.090162,0
-0.14790201,-1.4099207,1
0.022047233,0.6847498,2
0.20630226,0.024663258,3
3.0167813,2.770009,4
-2.67611,-3.0361304,5
0.24238396,5.1752896,6
44.789093,22.856789,7
0.6833544,-4.2683067,8
4.832838,7.496219,9
-9.116055,-0.18973732,0
20.207348,-13.525619,1
0.061996534,0.44551542,2
-1.1471772,-2.405354,3
3.7067637,2.8141427,4
-1.7032157,-4.3282456,5
0.78306925,5.823564,6
37.432007,18.595634,7
-0.45719942,-3.314271,8
0.031268448,-2.2561905,9
25.851788,-16.238016,1
0.86029464,4.729902,6
-0.21760935,-3.6023448,8
3.5168593,3.5587876,9
3.4175406,5.143791,9
-11.231346,-6.551695,0
42.462597,-29.009218,1
0.052130565,0.6252231,2
3.2464445,2.9636347,4
3.520825,3.5793388,4
-1.0365311,-2.7690933,3
40.20543,12.091204,7
4.1294403,2.5427575,4
2.578632,1.5906174,4
2.7026134,2.4117439,4
-1.4648207,14.224785,0
-1.8960906,-4.015255,3
-0.6404515,-3.8709211,8
50.45318,40.089516,7
0.057129264,-3.744141,5
-0.9270407,-4.0632167,8
-0.12190851,0.75944185,2
33.938316,-19.011189,1
45.94364,22.476665,7
0.66470623,-3.784124,5
-1.3353939,-3.1062393,3
0.8888316,-5.03218,8
3.1269372,-1.6300611,5
0.21895552,-37.53091,2
0.11544719,-4.095582,5
26.953287,-20.330156,1
24.67816,-19.326927,1
0.12216437,4.0877376,6
0.41537023,-23.917349,2
45.126877,-33.36831,1
-1.587956,-3.1520185,3
-0.30545223,-3.0448596,8
0.6038338,3.1381717,6
3.0125177,1.9121195,4
-0.0139133595,0.57069623,2
-3.0041776,-2.0864573,6
0.030703414,0.74432015,2
0.073153734,-2.9222808,5
0.4765148,-3.461441,5
-9.511945,-0.7635584,0
-0.045140203,0.7268706,2
0.13677841,-3.7537153,8
-6.741946,-2.142046,0
0.6334033,5.058792,6
-0.5711035,-2.4356182,8
19.763739,-14.179955,1
23.670094,11.644011,7
3.2143114,2.13381,9
30.604158,-23.16104,1
3.3388658,2.436937,9
-0.03279599,0.5134841,2
0.34287462,4.2057986,6
48.46219,17.490044,7
0.14443868,2.7764478,6
0.108817324,2.503716,6
-0.37682426,-3.3216348,8
47.818466,21.026613,7
3.901125,2.1693056,4
2.596243,1.2315133,9
-0.3320306,-14.8505335,2
10.485047,-7.2032366,1
-0.08253863,0.37382483,3
-1.1018431,-2.9533148,3
0.014425933,12.064307,0
-2.2159064,-2.531142,5
0.75723,-3.2220378,5
-0.45942083,-3.063904,8
-3.4122958,-1.6501341,0
-1.0957675,-3.233934,3
51.80037,22.647217,7
3.1618602,1.6712852,9
42.967285,22.763842,7
-10.637206,-4.030039,0
0.1148324,-23.933502,2
33.662666,14.070756,7
3.019062,2.2178214,9
33.513874,-22.8822,1
31.936214,16.644712,7
0.23154882,-2.8401616,8
-11.830909,-2.462225,0
-0.6961489,-1.6342816,3
-0.177854,-4.3677654,5
-0.92353797,-1.8280374,3
0.690647,5.867531,6
-4.8319936,0.049027443,0
10.873026,-16.761358,1
-0.7306646,0.91830873,2
0.9254471,-2.0805473,3
15.152219,-2.757022,4
5.2622876,-2.3377671,5
-0.31136346,2.54795,6
48.084732,-1.0701785,7
2.9786468,-2.423174,8
5.7625165,-0.027166128,9
-7.240549,0.8560138,0
17.346106,-24.069859,1
-0.47906357,0.5902831,2
-1.1762031,-0.47774744,3
12.729462,-3.425126,4
10.058712,-4.517015,5
-0.39890864,2.9388382,6
65.913345,-3.4846659,7
3.4492097,-3.034873,8
20.08572,-2.7236414,9
-9.027873,1.7871733,0
15.727385,-24.880768,1
-0.84788805,0.6315815,2
-0.41602713,-0.27256933,3
12.863003,-3.3325467,4
91.0377,-0.42932606,7
3.8089852,-3.2735825,8
7.2907014,0.7799909,9
-0.2489106,2.9789286,6
4.2880745,0.016924858,4
-0.6953537,0.7144923,2
-0.44272792,3.1589208,6
18.710695,-2.7337813,4
63.14472,5.1213393,7
3.0912654,-2.8595762,8
7.38705,-0.19988656,9
-0.7545903,0.9783783,2
30.677933,-4.324138,9
-1.1641207,0.2839346,3
6.2085996,0.034802437,9
-0.7195983,-0.17991793,3
-10.524624,-1.0594893,0
-4.322134,0.74762917,0
15.916316,-28.811554,1
-7.6555624,1.3159685,0
7.540517,0.40963078,4
-1.1717623,0.55211735,2
-0.95072323,3.974577,6
-1.2161163,0.5245197,3
6.5942426,-3.122923,5
-0.7842463,0.124418914,3
-10.700401,-4.5167065,0
-0.8377557,-0.6642215,3
12.014408,-2.363473,4
9.644924,-22.375778,1
11.65749,-5.424281,5
-0.74017155,-0.1029287,3
-6.9272995,0.5357132,0
2.769183,-3.4511979,8
-0.94788516,0.25308263,3
-10.956835,-0.7042961,0
-0.90367633,4.1343474,6
17.84355,-30.384468,1
76.147354,10.041572,7
3.0257049,-2.4578807,8
-5.7802052,1.7317934,0
13.932186,-0.89402413,9
-0.5512187,0.7314932,2
-0.4394387,4.9888115,6
39.685417,2.9056206,7
14.366177,-24.501856,1
7.2845597,0.38274956,9
-0.95543313,3.3935049,6
14.272112,-1.6409764,9
12.398289,-3.987091,4
11.250257,-0.3342812,9
15.467102,-2.6275651,9
-0.9252449,3.4483027,6
53.28159,-2.9340348,7
16.405254,-26.869484,1
-0.7527196,0.6508977,2
5.10977,-2.5242476,5
-0.9421248,-0.96166015,3
58.619263,-1.1917443,7
2.6871223,-3.7816978,8
-6.1661253,-1.8334513,0
46.595356,-28.761509,1
-0.44618696,0.76111513,2
3.9466372,6.2442136,4
0.47754195,-2.716038,5
0.7052565,3.361299,6
28.012592,10.205876,7
0.08563739,-2.6194465,8
2.311589,1.8957083,9
-7.6193585,-1.8789749,0
77.08888,-47.237812,1
-1.0565786,-2.072352,3
4.1690917,6.1915994,4
0.673631,-3.2126815,5
1.0151925,5.154152,6
36.449867,17.407063,7
-0.15158162,-3.3757896,8
-7.3056097,-1.0087585,0
42.9454,-32.049736,1
-0.2450805,-1.6850878,3
3.360497,3.8728487,4
28.367283,8.913846,7
0.71574026,-2.9181333,8
3.0568094,1.4444473,9
20.08221,5.366314,7
0.7404204,-2.9331882,5
4.5800548,-1.5623946,5
45.53951,-33.06066,1
2.530829,1.9246686,9
2.8664331,1.1276616,9
34.285534,13.87175,7
30.86264,-24.536379,1
-2.9201741,12.447135,0
-8.365625,-0.8350048,0
0.6122353,-1.9773575,5
3.0424674,1.4228501,9
47.975494,28.71471,7
42.23866,-30.292652,1
33.36371,24.232182,7
-0.30216667,0.56303716,2
-0.118957,0.6080424,2
-0.93766356,-1.5462738,3
1.683145,7.977832,6
-0.23521852,-2.6012425,8
-0.74904895,-1.4176905,3
-0.45753762,0.54691774,2
-9.599445,-1.875576,0
-5.723145,-1.8136759,0
0.8020743,4.0730333,6
51.827587,-37.804302,1
20.489134,7.5851145,7
0.781523,-2.3848886,5
-0.43052968,-3.1974256,8
1.5683945,4.6814256,6
-0.22348925,0.7192928,2
2.125154,2.2623465,9
2.612217,2.7197032,4
0.0068622828,-2.8763905,8
0.41991615,-2.8036163,8
36.082138,19.323097,7
35.823112,-27.29479,1
-8.554461,-2.1263618,0
0.429344,-2.1956308,8
29.979809,11.972465,7
28.635342,13.648852,7
0.9559411,-2.6481445,5
0.118646994,-2.31359,8
-0.9061179,-1.1771467,5
-0.1412809,0.23069021,3
3.197648,2.4192183,4
0.49709755,3.3967948,6
45.534058,-26.626196,1
44.27805,-28.516666,1
0.26501942,-2.6580443,5
0.5765056,-2.2813609,5
-7.6914463,-2.5194883,0
17.646368,6.5380206,7
-0.24670437,0.5845356,2
-0.19617057,0.4328851,3
0.8838033,3.6646187,6
3.941758,4.545409,4
45.22694,-34.161713,1
-1.8455634,-0.9921956,2
4.045487,3.7247436,4
47.635654,-36.63333,1
3.9973571,-1.5831089,5
2.4182537,2.8768349,4
-0.1477093,0.69557387,2
-9.665726,-3.7959557,0
3.3836422,4.184007,4
-0.3246912,-2.7009072,8
0.8148732,3.4855442,6
56.85846,-43.70631,1
2.5751717,1.2103093,9
-7.877854,-2.098997,0
-1.0074118,1.0488104,2
0.92731106,-2.336087,5
0.3319167,4.155425,6
3.3005292,1.4901762,9
-0.6835263,-0.93208015,3
0.5685759,4.0306034,6
-0.7852694,-1.0183579,3
0.6236893,3.8821423,6
-8.502114,-3.2887774,0
45.572376,-27.306711,1
-0.45890236,1.3148513,2
-1.7198246,-3.9480977,3
4.938773,7.8996944,4
-1.5290154,-1.5518227,5
1.0041921,5.5793796,6
56.30476,23.069214,7
-1.2956741,-1.5998974,8
4.37361,4.83801,9
-0.22892046,16.298292,0
35.96631,-21.862064,1
-1.8504219,1.5456331,2
-1.3502542,-2.9047525,3
4.7868123,6.731582,4
-0.32480812,-4.0800104,5
1.1887383,5.940856,6
45.48123,18.882135,7
0.4828973,-1.8908103,8
3.0272527,1.6798768,9
-1.118408,15.016703,0
59.21478,-36.872345,1
-0.9987179,1.3527305,2
-1.5194314,-3.4718018,3
-0.105898276,-2.0600924,5
1.6725789,5.5224905,6
52.57862,18.293144,7
0.11173394,-2.2315025,8
51.694798,-32.345684,1
-1.7756901,17.891031,0
3.1053524,3.3164418,9
-1.3663993,-1.8395658,5
25.460697,14.947203,7
-1.1708553,-1.502186,5
39.804527,-23.749397,1
0.8591108,-2.556635,8
0.7916515,5.1642704,6
5.1570616,6.6440964,9
-7.4500504,-6.1151085,0
3.569914,4.0988092,4
53.946632,-36.409794,1
4.7221284,6.520671,9
-0.39323306,0.21900946,3
0.6173284,-1.7886069,8
5.7716594,5.457757,4
4.902555,4.598026,4
2.9615958,1.1085515,7
-3.60187,-1.718163,0
49.805088,-30.78336,1
2.9035168,4.7634854,9
-1.9215329,1.4235188,2
-0.23938999,-2.8612452,8
42.179382,21.862473,7
0.8714384,-2.5574853,8
-2.163361,1.2908702,2
-0.8269736,-1.1307223,5
3.066154,2.850847,9
0.93403655,5.0644126,6
0.5085198,15.755589,0
0.5944759,4.2237644,6
-1.3477516,-0.62883186,5
-1.0025806,-1.0848877,5
-0.16875915,-2.0009272,3
-0.9330113,-0.9010322,3
-0.49293137,-1.5865296,3
3.7307048,3.9348912,9
3.7611375,2.3150983,8
40.534286,-27.987926,1
47.472694,-33.331688,1
-2.179161,-1.4627149,0
0.75946426,4.486938,6
49.496326,-33.496574,1
-6.9203076,-3.43328,0
-0.2295057,16.16606,0
0.9055621,4.3550625,6
-0.17557126,1.1568918,2
64.998634,-38.79142,1
56.720943,-33.283073,1
-0.8863521,-1.8439145,3
1.2906255,3.2236996,2
21.77079,8.473839,7
14.738243,5.763093,7
1.1548929,-2.8294578,8
0.015977502,-1.7157779,8
32.155468,15.377628,7
-0.24180706,-2.1077855,8
4.56695,6.4362445,4
1.0449505,4.564202,6
-7.8364706,-5.649975,0
1.3643844,3.4504466,2
-6.583359,-2.2334576,0
39.646263,13.587987,7
-8.290934,-5.0521564,0
-0.5423096,-1.8378091,3
1.2752845,5.633461,6
1.1689657,-2.9443493,8
3.154426,2.0273519,7
37.742294,-28.887028,1
-0.3933854,0.039717734,5
3.0584993,1.4586805,9
3.4690893,2.189308,9
-0.57961947,0.25229043,3
28.651299,6.628503,7
-1.2296838,1.0601368,2
5.2707195,8.448853,4
3.2765777,4.6677876,9
3.8684373,3.2434766,4
-0.12039265,0.21483156,3
1.3135617,10.501505,6
-2.4543052,1.9470237,2
0.35915798,0.68865716,2
3.9486308,-1.8823509,5
-0.6680894,0.036025286,3
-0.755134,0.79936814,2
3.9343464,-1.8352234,5
-0.0025875568,-1.1856447,5
2.7912247,1.2742238,9
5.046847,3.6392264,4
22.058125,-25.075272,1
51.101135,17.29081,7
-1.3668424,1.3096688,2
-1.2024527,16.59975,0
19.178734,-13.7416315,1
0.051146876,0.5082066,2
-0.96438366,-2.841939,3
4.6646357,6.510912,4
0.17758983,-3.8633664,5
2.221469,12.724057,6
6.9983845,3.7046223,7
1.3053933,-2.8484309,8
2.668457,1.6893032,9
-11.624998,-2.559286,0
34.73818,-23.87935,1
-0.44546992,0.99775285,2
-0.4242471,-1.5210468,3
4.681275,4.564801,4
1.3850393,-2.8371572,5
1.8904239,11.206169,6
15.701213,3.174994,7
2.2510636,-3.031893,8
3.413498,1.1071852,9
-4.677657,1.3706613,0
22.798235,-25.662504,1
-0.69432455,1.3200574,2
-0.8463916,-1.3606484,3
5.9297276,2.457305,4
8.802909,-1.7050899,5
1.1023569,4.6868763,6
19.36373,6.0482035,7
2.2064123,-2.9452057,8
4.8754854,0.28114915,9
21.449764,-17.704317,1
-4.350318,-0.9175873,0
24.4436,-20.641937,1
-0.57498044,0.47531113,2
17.27512,7.5339947,7
1.2325938,-2.562671,5
-0.6891068,-0.8356104,3
7.4219594,1.9959006,4
5.9314785,3.3083606,4
-9.218709,-4.92754,0
-10.190784,-1.5595598,0
1.1874771,5.229328,6
3.4623363,-0.3367982,9
0.6493073,4.160044,6
0.5488986,6.57473,6
4.6544256,-1.8334894,5
28.120846,5.597766,7
-2.6600797,1.6701907,2
0.47991386,-1.2111789,3
7.926638,0.8286438,4
8.258945,-0.8584647,4
6.5772653,-0.25352263,9
15.873455,-13.249457,1
7.0702085,0.20049763,4
-2.3802211,-0.14679337,0
41.4205,8.580389,7
4.619924,0.44935155,9
3.7159872,-1.5588744,5
40.377766,10.477324,7
-0.7454596,1.2002792,2
-0.69775844,-1.0449737,3
33.774857,-27.622381,1
6.235585,2.3107986,4
4.431627,2.5411515,4
-2.004333,-0.904191,0
3.3129213,0.25059068,9
17.560436,-1.2708607,9
0.7935005,4.6767607,6
13.118667,-13.776062,1
3.3492532,-2.883496,8
0.17200533,-1.4170847,3
-0.34793437,0.09769666,3
31.066534,-4.406936,7
0.30248007,-1.0090063,3
3.994124,-0.14999628,9
4.7458844,-4.037368,8
3.6760726,-2.8855724,8
6.69113,5.605547,4
48.45517,1.6948483,7
45.449337,7.5069356,7
0.6711649,4.9748316,6
-0.13614365,0.57205284,2
25.046816,-20.233059,1
4.986528,2.1356678,9
1.3677737,-2.2937996,8
40.462036,7.2414117,7
2.734704,-2.965199,8
1.8656884,-2.8608854,8
14.939119,3.882073,7
-0.3611127,0.5475526,2
-1.9650587,1.4719088,2
-0.76575065,-1.3967544,3
3.720324,1.2345861,9
-0.75599605,-0.99970794,3
-0.21865398,0.064718425,3
3.02945,-1.5217419,5
5.4926524,-2.5167222,5
-3.7003362,-0.3074646,0
26.013906,5.7413797,7
2.3735268,1.5551971,9
1.1132805,-3.1568992,5
0.7000613,4.986756,6
3.8307214,-1.6948252,5
11.339479,-12.60919,1
6.3261847,2.090568,4
16.909948,-16.809929,1
9.110011,-7.8456664,1
1.2972358,3.3137465,2
1.7280809,-3.5636015,8
-2.1948378,1.7553203,2
0.8763077,5.497243,6
16.55671,-13.715728,1
10.8000965,-4.580499,5
-6.3209977,-0.29094505,0
17.99103,-17.814014,1
-0.38926834,0.9142618,2
-1.5692097,-2.5321038,3
6.37442,0.8218601,4
9.860271,-4.254792,5
-0.63044244,2.0840397,6
66.752335,2.075602,7
2.629942,-3.8506908,8
8.0799265,-0.044476867,9
-8.038734,-0.15304184,0
15.546932,-23.581093,1
-0.9906888,0.49364692,2
-1.0527626,-0.44379234,3
5.4540167,3.6646519,4
6.669511,-2.749052,5
-1.3328047,3.5157027,6
53.527187,3.4757147,7
2.2322924,-3.8264918,8
3.3466196,0.40421438,9
-3.1946945,-0.73860216,0
14.7373295,-13.783584,1
-0.7568418,0.617999,2
1.5735332,-2.7580714,3
4.609585,2.3670406,4
6.437919,-2.9007044,5
-1.2184361,2.9080787,6
63.712196,4.489311,7
2.7994604,-2.8162756,8
1.6163856,-2.56723,8
-1.8999715,-0.28276777,0
-0.22940163,2.0449688,6
-4.359192,1.5666909,0
-2.5117764,-0.22528502,0
-0.2582116,0.86583173,2
0.029339012,0.53471947,3
57.08583,13.898018,7
4.520912,1.1321237,9
5.405243,1.2601359,4
28.474804,-3.202405,7
19.010422,-18.91205,1
4.36117,2.0843735,9
9.449357,-10.022316,1
20.435776,-2.7118683,7
19.722761,-25.169626,1
7.9703865,-1.5281081,4
-4.290237,0.29429913,0
-3.6897612,0.20407343,0
15.832708,-32.897728,1
76.04205,4.1067896,7
5.2169924,-3.2724292,5
87.40488,0.79331875,7
10.503007,-14.845228,1
-0.5451493,0.16033375,3
-0.5103609,0.4373622,3
-0.8348267,0.46016943,3
12.281181,-14.499144,1
-0.64801764,2.6498873,6
4.991274,-0.032648563,9
79.24649,5.398105,7
13.83395,-14.845383,1
-0.31261945,-7.4580803,3
-6.580159,1.3211718,0
6.901137,-2.9179187,2
-0.7382078,2.6462126,6
-2.289282,0.80691457,0
1.6163977,-3.0677485,8
4.4595995,1.7601345,9
7.1073866,-1.2313919,4
1.1384488,-1.5909914,3
5.843066,-2.3518949,5
6.9107285,0.1937356,4
2.528178,-3.7681317,8
15.675498,-18.432663,1
8.680981,-3.8898416,5
4.977522,0.55442715,9
-3.0726242,1.1713159,0
-0.98420477,2.8669043,6
-0.3727756,1.8182445,6
0.727623,-2.2152958,3
1.2156408,-2.1344492,8
24.869505,-22.157299,1
4.970832,1.4746035,4
63.51036,11.239353,7
6.398715,-2.9701767,5
-0.5229282,0.8610288,2
-2.0185683,-0.24338913,0
-4.143563,1.1860662,0
18.506727,-24.496634,1
54.075066,8.099538,7
1.8167074,-2.2979238,8
2.8611908,1.0950111,9
-0.054485343,1.9338146,6
2.7973518,-2.3885257,8
1.7011034,-2.5594962,8
-0.45825633,0.55921775,2
-0.8072431,-1.0366881,3
0.067281485,2.3113976,6
14.895803,-17.103594,1
4.012694,-2.0142426,2
4.013379,3.3557973,9
6.8372297,-2.6820602,5
-0.2080732,0.4255526,2
-4.043873,-0.150733,0
26.290016,-26.18566,1
-0.8533516,0.93737006,2
-1.2198808,-1.6847439,3
7.550601,-1.6570022,4
7.4961543,-3.3458104,5
0.13782859,5.3428836,6
35.48188,-0.97683024,7
3.3751807,-1.7362986,8
5.096341,-0.042165756,9
-3.6124892,-0.15952396,0
23.961735,-26.138937,1
-1.9798675,-0.5342665,2
-1.3321886,-1.5566292,3
6.04966,-0.4466226,4
-2.6443849,-1.4692974,5
-1.2140133,4.653951,6
40.20106,-2.4485269,7
4.678178,-3.8605857,8
7.5286837,-0.14871597,9
-6.643352,1.0633268,0
26.426811,-34.453346,1
-1.8922822,0.90526694,2
-0.7813753,-0.32780027,3
6.575332,-1.3925729,4
-0.7140211,2.3187435,5
-0.575578,4.1558642,6
50.08127,-3.227059,7
4.548675,-3.003479,8
27.561071,-2.9450054,9
14.7336235,2.3893633,7
6.1188517,-1.3543868,4
-0.39088503,3.6746504,6
28.93383,-30.119368,1
2.0487368,0.21003996,4
-3.6530077,1.2480016,0
7.3031077,0.066114664,9
8.152252,-0.87753594,9
-0.97837055,-0.38482642,3
41.13679,-3.440512,7
3.267317,-2.2415643,8
0.24760768,-0.00081323646,4
24.13739,-1.7242846,7
2.3305383,-0.79253924,5
3.695304,-3.1012535,8
-2.2420485,-0.073268175,5
-0.8771359,-0.5202534,3
-2.4414685,-0.6245599,2
-3.1659937,0.3665998,2
-5.432274,1.8965173,0
7.758987,-3.3514047,5
5.499603,-3.1379185,8
-0.07799238,3.858728,6
-3.544724,0.27468204,0
-0.9422024,-0.6952572,3
2.269321,-1.8483436,8
31.237946,-32.288483,1
-3.8420267,0.8181491,0
-0.6141116,-0.53553295,3
-2.9097567,0.66074204,0
2.707389,-0.04438722,4
30.090069,2.7412605,7
5.4529886,-0.5800333,4
5.0851703,-0.013984442,9
-2.9186282,-0.3427806,2
18.469433,-2.316132,9
-2.469513,0.43973017,5
34.148582,2.5916657,7
18.155731,-24.256844,1
43.64955,3.6245346,7
26.961628,-35.379414,1
-0.7692152,4.569461,6
-0.42732602,3.4945507,6
-3.4596865,1.1396874,5
0.36455554,5.0725074,6
-3.1471,-0.6672802,2
4.0096874,-3.1386504,8
65.40274,-6.5541563,7
-0.83518034,3.7912323,6
3.185928,0.5220882,4
3.720267,-0.03128743,9
4.653403,0.41695,9
-1.276213,-0.15962148,5
-0.7256522,-0.45754576,3
51.19148,-5.7644873,7
7.8153677,-1.879863,4
-0.35868102,0.04045683,3
-3.9293041,1.3904464,0
3.2577734,-0.17192578,4
-0.36491323,1.5251026,6
-0.49361417,5.901832,6
12.532401,-21.425632,1
21.298779,-28.98574,1
-0.35666364,-0.0045832396,3
-2.257,1.5738356,2
19.163502,-35.080544,1
-7.845036,2.9458606,0
-4.5789237,-0.2381382,0
25.46925,-26.432384,1
0.76361084,-51.70818,2
-0.81427526,-0.9568206,3
5.5547934,1.2842159,4
11.608533,3.2487159,7
0.8595778,-2.4003327,8
2.7623029,1.3282294,9
-2.7184258,0.35865307,0
25.610847,-27.319643,1
3.0340414,-18.62513,2
-0.7530952,-0.4522909,3
4.3992686,1.4276575,4
2.9348078,-1.3033724,5
-0.082178056,2.299673,6
14.500679,3.7336047,7
1.2702599,-1.1673038,8
-3.9061775,1.262161,0
14.049945,-19.24461,1
0.5006771,-34.670692,2
-1.2241061,-1.6527381,3
5.0370235,0.32556796,4
19.503862,3.5160806,7
0.90102744,-1.9130024,8
3.465225,1.3421245,9
-0.5158149,2.9716036,0
0.2597493,-1.9027593,8
-0.7197906,-0.6237092,3
2.7842572,0.9908563,9
2.7095814,-1.0799599,5
1.0968392,-0.56368065,5
-0.7318056,-1.3990694,2
0.09016135,2.4897933,6
0.23915973,-1.7193458,8
4.2228756,1.4114019,4
20.823994,-20.18338,1
12.540898,3.2511432,7
21.4613,-20.272957,1
10.491782,2.63178,2
-1.0374732,-0.5007839,3
2.1862516,-1.3781896,5
-0.30605352,2.265252,6
2.9969285,0.5795082,9
31.279638,-30.57529,1
27.920494,-27.903606,1
22.88341,-25.071997,1
0.44362065,-2.1787179,2
15.733106,-19.379301,1
2.4269772,-36.728455,2
-4.4858036,0.7606163,0
32.809814,9.858738,7
15.386831,2.1601956,7
2.20407,-0.89443827,5
0.82532704,-1.7005564,8
3.3869057,-41.946487,2
2.9865906,0.2948892,9
0.53991747,-1.3593135,8
-0.860435,-0.9643216,6
25.449274,7.3391633,7
-1.2830213,-1.3431339,3
5.50813,2.3240194,4
-0.034131974,1.9762994,6
1.0892267,0.40922308,8
20.675787,4.319805,7
-2.7872243,0.4579425,0
2.9370217,5.3724833,4
1.5864952,-2.9408226,2
20.62609,2.6076767,7
25.930824,6.366394,7
0.91025734,-1.8098719,5
4.325368,1.6016095,4
-1.286629,-1.7564855,3
3.0340447,2.8800452,4
3.4967232,-39.160484,2
0.8300625,-2.4856122,8
16.48533,-21.529448,1
5.6631517,-2.7877226,5
30.667004,-34.92429,1
1.6391172,1.0086561,0
0.05399704,-48.526752,2
-0.72457117,-1.2763152,3
-0.81552404,-1.6031173,3
0.3044336,1.693536,5
26.234688,7.7487288,7
-2.83138,0.3966875,0
-0.074221544,0.9211091,6
1.8332009,-0.8296819,8
-1.613858,-0.44328427,6
-0.028303392,0.16464904,3
3.5570216,1.2140412,9
3.3326488,1.5158234,9
2.5031185,0.08945823,8
1.145901,-2.4588068,2
27.41999,0.6965306,7
26.53856,2.5977082,7
28.574272,-31.874653,1
-5.868875,-0.7280369,0
30.841984,-30.640839,1
32.77703,4.270174,7
1.1971786,-1.2162654,8
4.7901106,0.720963,9
-5.772217,2.0933552,0
16.734646,-24.040869,1
-4.4481435,3.3907578,2
4.6725664,0.3187008,3
7.9373245,-1.7391164,4
10.328808,-4.4201097,5
-0.34042758,2.9111567,6
48.1692,6.2397375,7
5.4490786,-2.836791,8
-5.9887533,0.90966845,0
18.107824,-37.67075,1
-1.3368348,1.2863154,2
1.1963651,-1.7825451,3
10.795922,-3.0409298,4
56.128777,9.971321,7
3.1010888,-2.5114062,8
4.9995604,2.6953387,9
30.36094,4.9913597,7
1.3627377,-2.1446595,8
-0.49592507,4.0010424,6
4.5088825,-0.5772929,4
17.50108,-23.639547,1
7.5991287,-0.38814712,9
0.16307467,0.03457141,3
1.9957104,-1.9161618,8
9.016259,-1.1594839,4
7.470354,0.010118008,4
30.256716,7.213187,7
-2.3064477,-0.62581515,0
29.00613,-26.956196,1
4.737252,3.4499786,9
-2.3362453,1.9987694,2
0.24602471,-1.7729915,8
24.6223,5.0990763,7
1.2161074,-2.2688408,8
-1.7410924,1.1066043,2
-0.2811889,2.4680853,6
-8.412998,1.991044,0
0.41395032,4.789474,6
-1.4574585,-1.4568176,5
0.39288744,-1.4915301,3
0.46757457,-2.5758688,3
1.0483205,-3.0561464,3
4.543028,1.7186474,9
22.242544,-23.42149,1
-0.6013372,4.503651,4
-6.393717,-0.68857765,0
-0.40200293,5.001639,6
29.926315,-35.18654,1
-3.7791135,0.9368229,0
-5.8905244,-0.1389389,0
0.19300997,7.2589674,6
-3.4200797,-1.7726259,2
15.330401,-30.049358,1
20.960108,-27.795607,1
33.65765,5.423419,7
20.561916,2.0429397,7
0.13248014,-1.4988158,8
4.271987,2.050768,4
0.2231735,3.0355446,6
-6.2853894,0.044278145,0
44.06182,8.548516,7
-3.4082994,0.68762755,0
-0.32927346,0.029281974,3
-0.03325987,4.9166555,6
2.1951447,-2.0192695,8
32.812923,2.6672733,7
24.77879,-29.99598,1
-0.25068933,0.1309582,5
-2.5160246,2.3006508,2
4.119058,2.1535604,4
6.3933864,1.0562277,9
5.5227733,0.16780424,4
-0.690822,0.3121376,3
0.36850595,2.1355393,6
7.4231496,-1.4185433,4
26.446274,-36.62246,1
66.61977,11.907936,7
-2.185456,-0.9141519,2
-0.59087694,2.3946333,6
-0.6794825,0.8974872,5
-6.068543,-2.111577,0
22.89128,-16.523308,1
-0.24899063,0.4346999,2
0.15212369,-2.2408752,3
4.478715,1.8949258,4
5.921183,-2.630134,5
-0.37970325,3.1712348,6
19.995401,3.72043,7
0.3798327,-2.324844,8
5.153285,2.161357,9
-6.53052,0.37823725,0
17.944778,-14.368858,1
-0.22889833,0.632146,2
-1.1965349,-2.0142155,3
5.0525436,0.6471832,4
6.5666056,-2.9627998,5
-0.49063653,4.747972,6
