Dim1,Dim2,Label
36.149696,20.493774,7
1.8807275,6.8141694,2
15.600712,-2.9305696,1
-3.6701553,3.3093493,0
4.004977,2.5885339,4
12.545014,-2.4413733,1
10.115212,5.456694,4
2.9426687,1.1311476,9
2.775669,6.515037,5
15.973395,18.1939,9
-3.6881297,-0.3894385,0
1.0759135,3.4491854,6
8.058422,4.3000455,9
-4.014136,2.6809168,0
15.312869,-0.7697389,1
-1.840814,0.13294032,5
5.3847265,2.9755645,9
47.77732,22.472855,7
-1.8409992,0.45442525,3
6.7877564,3.1856465,4
15.276338,17.029152,9
0.8686485,5.7819314,6
1.2508942,3.5674353,6
-0.65421116,-0.5611934,5
5.478258,2.2925637,4
-5.8192596,4.3308873,0
37.196167,11.6348295,7
4.894853,2.606036,4
-3.390584,2.756966,0
27.699167,0.032524526,1
-1.2812388,1.5325646,3
17.54608,0.84687036,1
-1.0117911,0.65249205,3
-4.710348,3.0716913,4
1.1797972,-0.9089973,7
0.026743636,-3.6319916,2
30.432468,13.958153,7
22.160053,-0.637549,1
-0.7358027,-0.7313472,2
11.628864,-1.1853633,1
26.371513,-2.1462364,1
23.424261,13.198385,7
8.562641,3.8728995,4
0.12679629,-2.063945,2
1.4489276,8.158525,3
-0.82696885,-0.41285276,5
21.242867,2.1746917,1
2.0722651,6.468911,2
5.105249,2.719941,4
3.361227,2.3089776,4
0.0035939217,8.106844,6
-1.7899629,0.5677038,3
-3.9608526,11.336724,5
-1.7274177,0.8247794,5
1.0437675,2.381267,6
-2.6913974,2.4131799,0
4.0353737,2.8819373,4
18.024096,-2.8114383,1
6.00079,3.5610578,9
-0.7898296,46.011536,5
50.467964,12.620685,7
0.40619513,-4.3976426,8
7.700412,2.352982,9
-0.8659348,-1.6278553,3
13.357961,23.53376,7
8.191734,2.644991,4
1.2732282,3.9789033,6
4.246968,2.9236212,4
-0.4001524,-0.32163692,3
-11.695624,4.698346,0
48.094883,25.406471,7
-6.1968775,3.0003653,0
-1.4898585,-1.060226,2
1.837946,-1.48316,9
21.94104,-1.1929021,1
14.806186,7.2990847,7
-0.6836766,-0.4068554,3
3.511521,0.569257,2
14.65611,16.277224,9
46.51081,44.883125,7
5.884886,2.00677,7
0.2351079,5.9423523,6
-0.90777445,-3.5058677,2
26.696135,8.854936,7
-0.60202616,0.86481315,8
4.6687503,2.7856865,4
24.76525,17.746725,7
-1.1861128,0.97322834,3
0.75258744,4.064498,6
12.343418,-2.4497967,1
-1.3045727,-0.41156396,3
0.21685481,6.345211,6
1.9174076,-0.9987562,9
-0.92782044,-0.49259332,3
21.576458,1.5227773,1
5.1184225,3.171036,4
22.928637,2.3801117,1
14.142804,9.225319,7
0.37005568,5.8420477,6
4.1402535,2.1088943,9
1.0485295,4.292519,6
-4.5940604,2.6887405,0
-0.6722882,0.8683072,5
3.716459,2.689416,4
-0.4735384,0.15275888,9
5.082831,2.4198244,9
-2.3530927,-2.6070228,2
13.025406,-4.517438,1
6.9772625,2.4739695,9
6.936339,7.6426115,4
0.6146888,-1.3836583,8
4.139899,-0.9933138,7
-0.2100288,-0.3964742,3
6.821792,2.5593812,9
13.335274,7.164308,7
5.2886105,6.482888,4
1.6876103,-0.032523498,4
3.4714785,2.5050783,4
10.122911,5.5892067,9
7.808037,4.7691417,2
-1.0272285,0.9557115,5
3.9176803,7.4973197,4
21.349434,7.062869,7
0.34990108,5.5720515,6
21.130602,11.180738,7
4.6149993,1.5393654,9
-3.1949675,1.0810761,0
-1.0213482,1.4072344,5
0.11917298,-0.44273368,8
-0.5948552,-0.47594792,5
-0.7673786,6.400182,6
-1.4352037,7.4936876,6
-0.94379765,-0.21285635,5
6.4047966,3.2239566,7
0.37081224,-1.2179381,8
12.85204,-0.9962892,1
-1.7836944,-0.41571188,0
9.279163,-2.4566455,1
0.5183959,4.1503916,6
7.5262957,6.3497305,4
0.8378308,6.860489,6
39.896626,11.306351,7
-0.5919282,-0.015485078,3
21.43697,-2.9746468,1
11.697598,14.54664,7
29.79754,-0.4205783,1
0.36484525,-0.9922999,8
-1.5679839,-4.135368,2
-3.264841,2.8019288,0
1.5610119,6.41997,2
4.826124,2.264014,9
-1.0369186,0.3126098,9
-3.1856542,58.68328,5
-0.7606299,-0.2614267,5
14.262668,-0.2895262,1
-3.2613273,9.049012,5
1.2248386,4.234997,6
-2.4678216,2.2482574,0
-1.182179,-0.17022792,3
10.713264,4.464278,4
5.669074,2.1564875,4
-1.0292826,6.832131,6
-0.40886268,-0.42397332,5
4.3972464,2.8397257,4
0.9488901,4.575635,6
-1.6173743,0.045873016,5
6.888174,2.8148172,4
-15.785744,52.043987,5
27.138138,-1.2173305,1
7.564634,3.1925182,4
5.836072,2.119379,4
1.287279,-1.0027634,7
-1.1233375,-0.90294504,2
-1.6339427,0.37303355,3
-0.09354548,-2.0303202,2
2.985057,-0.2725495,7
28.112581,-2.659137,1
-0.29788426,-0.37827837,8
14.250418,-1.1904403,1
0.18264842,-0.8446146,8
14.266796,-0.8317295,1
-0.28858736,-0.42830306,8
-0.11743367,-0.4060066,5
-5.481077,-0.48184288,0
-0.7293887,-0.58294606,8
6.695491,3.7163906,9
-0.17968866,-1.180226,2
-1.0965272,-0.015955508,5
-6.7055383,4.4344087,0
30.13272,0.5097427,1
7.0894933,-2.1159909,1
28.022926,2.93594,1
-8.164496,13.048123,0
0.08661294,-0.0061759055,9
-3.5223846,2.7185478,0
-0.21786533,-0.08433731,3
13.862259,-1.0675056,1
-1.2585188,10.035082,6
7.771358,3.2720108,4
-0.05467692,-2.6284664,2
-1.1961691,-0.6740322,3
0.35473323,2.517557,6
14.961976,-4.6673903,1
21.475904,-1.0193458,1
15.013296,-2.905696,1
-0.6914134,-0.1847103,3
8.074859,3.3202405,9
-1.5791261,0.6679835,5
-0.55951184,-3.1639173,2
3.0517411,1.3073015,9
4.600611,2.850615,4
-0.796417,38.360058,5
2.4987168,1.1606771,9
3.3554275,-0.4178782,3
6.677357,2.3933783,9
-2.8232572,4.3592834,0
-0.64820653,-0.6085461,3
-0.2618327,20.0578,6
1.542386,41.54308,5
-3.2958803,7.8782177,5
29.906227,10.9570875,7
-0.25995418,-0.74254286,2
2.1650453,4.982413,2
36.37601,27.537144,7
18.19632,-5.0116673,1
0.15066066,-1.7831063,2
0.050737713,-0.24547638,8
9.484156,4.2995625,4
16.447712,-3.9439564,1
19.35276,10.666296,7
-0.9593455,-0.7028601,3
-0.5385495,-0.5749736,3
0.13493359,-0.50269216,8
0.3016004,-0.1428669,8
3.046239,-0.2949999,7
5.013468,2.6469083,9
-0.09818821,-1.0840559,2
-0.2712531,-2.144026,2
6.692858,3.9593334,4
18.990778,-0.5977175,1
-0.8450047,-0.24018645,5
-0.6528455,-0.00694637,9
9.27627,40.32389,8
11.975084,4.289237,7
0.14189745,-0.829675,2
-2.3094301,3.4707272,3
-5.113414,0.9221239,0
0.7565193,7.5190005,4
5.4756,3.6536021,4
0.039998382,-1.3549355,2
5.530116,2.1747532,4
21.805367,-0.6963978,1
6.6687126,2.6918414,9
-0.7959939,-0.43694365,5
25.306358,10.829621,7
4.1925163,-0.106659845,7
0.07206249,-1.3788754,2
-0.09437202,-0.797686,8
-1.1866404,-2.78886,2
-3.4497333,1.5477316,6
1.3875657,-3.7006469,8
2.790431,-1.6479448,5
27.418726,8.914553,7
21.686283,11.575041,7
2.2732797,0.11166787,9
13.522282,-0.18482317,1
-2.275562,4.413231,8
11.886855,-0.34843338,1
-1.3678586,-0.015740275,8
-10.969063,4.889655,0
-0.97560984,0.037206024,3
-3.1429436,2.408785,0
18.212893,-0.5533451,1
8.187979,4.4284277,9
3.3396177,1.6577864,9
4.749474,2.6191745,4
16.923485,-1.9914765,1
0.13110542,-0.4314736,8
-0.49982303,-1.0770544,2
17.47009,-0.7970123,1
0.044862226,-1.6282852,2
9.336951,6.544261,9
2.674859,-0.25489846,7
-2.4732933,61.15441,5
3.3778236,1.72404,9
-0.20091571,-1.4636909,2
0.48208213,7.4522233,6
1.7857507,1.834184,4
17.674276,-2.6490142,1
-1.1288477,0.68901,5
-0.076160654,0.040008727,8
-0.62946665,-1.2656319,2
4.11274,1.6578268,9
-0.143499,-1.2436562,2
-3.3161771,2.4293113,0
3.3858893,1.4699926,4
-6.785016,4.077526,0
-8.9673815,3.7567198,0
-0.36896116,-1.827371,2
-0.50932086,-0.5280429,8
5.3833075,11.801984,4
12.499319,4.939915,7
22.000525,-0.7820834,1
3.2232444,6.181153,2
14.347549,7.7332306,4
-4.4809713,0.24123311,0
-0.06385645,-1.2985198,2
2.9156358,-0.27538747,7
9.094958,5.762277,4
-0.64864826,-0.29350966,3
-0.90286666,-0.17917284,3
-5.061871,2.48418,0
-3.7177405,3.2428174,0
-1.5842791,0.70623446,3
16.428574,-0.2720384,1
6.1005006,3.9248118,9
-0.8574052,11.017065,6
-25.917866,97.80587,5
-1.7752564,-0.8085452,2
-2.0832243,0.5204798,5
7.011491,-0.3028494,9
1.0064124,-0.757738,2
5.1784573,1.793763,9
-0.50865173,-0.59018856,3
-2.6745732,3.1424255,0
9.666205,13.505638,4
-0.16734459,-1.3350383,2
-4.964987,4.257492,0
16.058064,8.679092,7
13.038289,-0.86297214,1
16.205877,-0.8656174,1
0.014919937,-1.2938436,2
11.869607,-1.0998497,1
0.09937538,-0.516824,5
-1.0673916,-0.3185492,3
-0.3960872,-0.45069408,3
3.7696605,1.6087013,9
31.23772,14.753191,7
-2.1739578,0.30908963,8
0.6397364,5.791817,6
-2.4709308,7.233777,5
1.2307472,5.137967,6
20.222433,-1.3573616,1
-1.8480856,-0.23649177,3
-0.23918001,-0.2010198,8
12.27505,-0.4626548,1
-3.1856966,6.6768327,0
-1.0250683,1.5695114,5
19.573984,-2.7119918,1
0.16907799,-0.045785747,3
20.22654,2.012629,1
-0.43891853,-0.0959166,5
-4.045381,1.3819312,5
0.064049244,3.588916,6
11.6931505,-5.8264327,1
1.5126442,-1.8910127,8
-1.4954803,2.0325518,5
13.234175,-1.0220613,1
29.32285,8.765828,7
7.4313946,3.2702293,9
2.0016217,1.7036908,4
0.81551325,4.238952,6
0.1128152,-0.013610415,2
-0.038873732,-1.0388907,2
-0.79146254,0.57035625,5
-3.1478407,4.873755,0
1.2601444,5.2087393,6
-1.2417022,0.5410925,5
0.96934664,6.5148106,6
-1.2213645,-0.51103365,3
20.08524,6.328908,7
-0.12021805,-1.154438,2
-3.0381117,1.1064954,0
0.10905412,-0.27581167,8
0.11744128,-0.37882626,8
-0.90738094,1.268373,5
9.13567,2.9816895,4
19.770927,-2.1943758,1
20.028858,-1.608033,1
4.5633736,2.4818602,4
-8.951774,2.5058026,0
8.911289,8.087808,3
-1.3277248,1.1474272,3
18.808361,10.023148,7
-0.69767106,5.030007,6
22.111263,-2.4519436,1
-1.9814786,5.1015987,6
-0.13186355,-1.3754231,2
16.063168,-6.083242,1
14.875617,6.274414,9
3.3494997,5.3798018,2
-0.3476764,-0.55217874,8
0.3119135,6.0533295,6
13.9820385,-1.5159851,1
8.86723,5.7000504,9
-1.0572498,-0.30886364,5
-0.52896357,-2.2789247,2
-0.8503713,-0.20454869,5
3.7617247,2.2992964,4
3.5766344,2.51719,4
-2.6928697,-2.9049969,2
0.21670686,-0.5616226,8
-1.9215038,0.8550842,3
7.4508533,8.203726,8
-0.3547191,-1.0633836,2
2.1326745,1.5587449,4
-2.0547574,1.1134434,5
-4.5395803,2.8169296,0
-1.7556155,-0.2401031,3
13.522156,-0.31195557,1
36.587433,12.403168,7
3.5353937,-0.7203001,7
-1.537784,1.1029816,5
49.860313,21.230856,7
6.5852075,1.960612,9
36.58501,14.961651,7
13.128811,-1.3159164,1
14.615182,6.936454,9
-1.014763,-2.2177074,2
17.09003,-0.6714373,1
7.403991,10.795931,4
-2.7960358,-2.360649,2
7.9963584,3.0783713,9
-0.18225746,-1.3921881,2
-4.246265,1.7797834,0
5.106891,2.1877143,4
15.740482,12.081053,9
23.171993,-1.0157777,1
5.0333,7.978278,4
0.12487925,-0.21516599,8
21.013113,-2.6297698,1
0.04392636,-0.39922225,8
0.09329723,-0.23484677,4
-2.607313,41.495766,5
7.663577,2.8395205,9
0.1530328,-0.552728,8
0.44976962,-0.9729064,8
-0.9281883,0.4323928,3
29.486301,15.083151,7
-2.1435745,6.6621947,6
-6.354695,3.1356862,0
-3.4348497,3.7152236,0
-1.5861276,1.1818057,3
-0.92669487,-0.41599607,0
1.0733938,-3.4208183,2
-18.655529,14.236541,6
-0.007854104,5.7901096,6
10.5558605,17.384768,4
-0.7041081,-0.6941711,9
-1.6657491,0.7432634,3
-0.81283647,-0.38565224,3
-0.61458594,-0.54818106,3
-0.021920994,-1.3476275,2
-1.5076423,-0.18445241,3
3.9535272,2.2780285,9
10.133818,-1.9135616,1
0.041227326,-0.67405635,2
-1.9866958,4.913132,6
0.32216793,-0.776054,8
-3.5372872,1.6257073,0
9.361339,4.3891096,5
1.2522329,3.4178925,6
0.7739749,3.7709274,6
0.14023733,3.513111,6
2.2885628,-1.1439989,3
-0.27058864,-0.43565884,8
1.1997346,-1.9863551,8
-0.030832395,-1.061744,2
1.599846,-1.4243165,7
-0.3053013,0.10502404,5
0.1724319,-0.8743651,8
10.6065445,5.3452034,9
0.9768201,3.585308,6
30.878515,-1.905877,1
-0.4669404,-0.46395597,8
1.5910039,2.0069613,4
20.882717,-1.560214,1
0.014629871,-2.9425886,2
-0.17026965,-0.39219207,5
-0.72876024,0.11593881,9
18.394522,-4.2917476,1
5.354662,1.9521681,9
45.049095,12.0198965,7
3.0644908,51.507805,5
7.683587,3.4376006,4
-3.224299,2.7970855,0
-0.36418754,0.98347104,8
5.9870286,3.0445447,9
14.833629,9.062002,9
16.665161,-2.4728997,1
-15.367915,10.878639,0
-0.6300695,-0.47964925,5
0.38223344,-3.7001731,2
-1.7110547,-0.03448215,3
41.17653,21.548927,7
-2.8493662,6.1288147,8
5.881492,2.0527542,9
2.979146,-0.111995555,4
-2.3097973,4.163477,0
0.6702101,7.9112988,6
-0.9457912,-0.28572828,3
3.3325121,2.368042,9
-5.0205092,13.703637,5
-1.2200847,-2.3005495,2
14.649486,-1.0537899,1
-0.38073862,-0.6788903,3
18.419178,-5.000318,1
-0.9343745,1.3760843,3
-0.6469377,-0.43420184,6
-0.7177,-0.39524728,5
5.671821,3.4585702,7
1.4603243,-0.9796441,4
-0.020334393,-1.2110171,2
2.2245803,7.43816,2
1.2110116,2.546627,6
-0.038104646,-0.4249532,3
1.8379037,6.4865036,2
0.26209712,5.08237,6
-0.409285,-0.29832304,5
12.136478,4.5309434,4
1.0685207,-1.5227616,8
7.2972383,2.0177765,9
4.110929,1.7459859,7
10.010464,-6.4413834,1
-1.5321261,0.61033195,3
-3.5705538,-0.36813146,0
-1.3728355,-0.17242068,3
-2.0854592,-0.08528012,8
-0.86048007,0.69296724,3
17.35196,-0.722822,1
6.529648,1.9240302,9
1.042537,7.833823,3
6.493049,2.2153096,4
3.730776,2.5286121,4
0.40059006,6.4159384,6
3.7192602,3.3162906,4
-0.047985464,-0.8776253,2
18.254704,-2.658925,1
1.051453,-1.4809189,8
-1.5860876,-3.3663557,2
-0.3649571,-0.32548264,5
4.7634506,2.8641706,4
-0.025986023,-0.49530086,8
0.17301668,-0.03069171,8
4.072041,2.109852,4
-2.8602295,-0.67555,0
-4.604754,1.8237908,0
0.5513942,-3.4688857,2
-2.94071,8.07563,3
-2.717954,-2.3433537,2
6.5703926,1.7551737,7
5.269156,-0.45076272,7
-2.0715628,4.566103,0
-0.65711945,-0.5206553,8
25.220573,14.931465,7
7.3215923,7.99975,4
2.752495,2.7774556,4
14.5406065,4.8672676,7
11.902798,5.2547026,9
0.90674055,2.4387977,6
13.4619,8.808563,9
-10.139447,3.9301133,0
5.616404,2.8108935,9
0.28840917,-0.8805743,8
-2.769962,1.9077873,0
14.33622,6.893362,4
0.8041177,9.349197,6
-1.7827668,-0.285304,0
0.6215838,5.660985,6
-0.6565633,0.20468952,3
-0.60118777,-0.1969166,5
8.107846,3.776968,4
-0.092979744,-0.48015496,8
-2.0206754,1.3515663,3
-0.9302303,-0.8441472,3
9.38258,3.421515,9
-0.67613417,-0.4667342,3
0.07860929,-0.30362415,3
0.41887265,-1.3996316,3
18.669428,16.998978,7
0.43982893,-1.300459,8
-4.188064,1.3944823,0
-0.2878147,-0.9735014,8
0.4652815,-1.1136092,2
18.34166,0.740175,1
26.311337,8.897144,7
-3.2197416,-0.3804254,0
0.8819932,4.5186095,6
-0.9646193,0.29209593,5
5.7986126,2.0159338,4
-1.6559036,-0.15470877,3
-0.9586967,-0.4606914,8
-4.5976725,3.3444138,0
15.328728,9.405403,9
0.42445397,6.6709223,6
-1.4563607,0.8533322,3
-0.6770651,-0.5583629,8
-16.55571,10.912179,0
14.46559,5.8623486,9
3.6460834,1.5355632,9
0.41112792,5.394822,6
1.2956203,-1.0100403,8
0.97429276,2.4189901,6
-0.23632748,-0.47028202,8
-0.5833113,0.8923414,5
2.6190386,-1.26279,7
-0.8016161,-0.6509104,8
0.82877743,4.7735023,6
-3.4076614,-0.18611431,0
-0.029987067,-0.854211,2
0.30273652,8.194176,4
-5.455204,2.3643494,0
3.5675502,1.7799294,2
0.5842966,-1.159521,2
5.374884,-0.34525463,3
14.053272,-6.7833614,1
5.7538943,1.9222956,9
13.753067,12.86974,7
-1.1626512,0.7844626,5
0.57086366,-0.16972233,1
-3.6664944,2.4120965,0
0.17092328,-0.4504557,8
5.3489485,3.1186755,4
-0.12379563,7.449344,6
0.23894751,-1.2421454,2
-0.8996907,4.4564586,6
31.899654,26.453072,7
3.5379388,0.17221442,9
3.8780065,1.2577811,3
2.3063812,7.900591,2
4.7362604,1.9236324,9
0.25362468,-0.65323627,8
-1.0447817,-2.0098243,2
-0.25220644,-2.606945,2
3.232225,1.9451687,9
0.7266051,-1.2662991,2
52.67893,20.286255,7
-1.4076784,0.63651395,3
-2.029063,64.79716,5
12.789867,7.3862276,9
19.600716,1.2526072,1
-0.62197244,-0.4576629,8
-25.058668,21.529783,0
-0.122400686,-1.4116712,2
-3.4322674,3.2858543,0
-2.5403562,6.8129177,5
0.8625814,7.598137,2
15.853583,0.16579595,1
-1.2664148,0.4561488,3
20.383484,7.6097097,7
-0.63022256,9.041952,6
34.289673,13.357361,7
18.423887,-0.9669594,1
-0.09656729,-1.0638026,2
-2.4948218,0.7055843,5
0.31661555,-0.97475743,8
-5.932962,2.225773,0
-1.223406,-0.08242485,3
39.70041,19.381824,7
1.3111637,-0.10578871,2
6.874385,3.5255723,4
-2.692988,6.8582478,0
5.120521,1.8271567,9
16.338667,-0.8366618,1
1.650504,-4.2644463,8
0.95112014,2.478928,6
19.413437,12.056223,7
3.8550382,-0.44908035,7
6.0697775,1.8493319,4
-0.014706306,-0.3546766,3
13.05006,28.691418,4
1.9314805,1.7948146,9
16.534067,-2.1428742,1
9.460129,15.918782,9
-0.88925326,-0.60436225,5
20.95267,-1.5579345,1
46.907196,37.13971,7
-2.143525,0.79238325,3
4.1186457,2.0297902,9
4.038399,-0.20347846,7
0.6140654,3.9778385,6
4.0698595,2.0626416,9
16.094551,-0.6646875,1
-0.6896018,-0.45407102,3
3.7187352,1.0996082,7
1.2030282,-1.7726657,8
-0.29026145,-0.3330741,3
-0.5276001,-0.01742351,3
0.18192673,7.9550714,6
12.595524,5.89055,7
-0.028400734,-3.4201198,2
0.15469095,-0.02549205,8
9.800875,17.70852,5
-0.523349,-0.58455014,8
1.306987,-1.8610158,5
12.760885,-1.8988173,1
20.505613,-0.87832236,1
5.4832945,2.5990763,4
5.57525,3.8963385,4
0.11423079,-0.25446057,3
27.90459,2.204505,1
-6.990419,5.914649,0
1.4185963,-0.549832,7
18.144932,5.671458,7
-6.284782,6.739002,0
27.213877,10.940307,7
5.2320194,1.7821776,9
12.446192,6.0105968,4
5.6895556,2.4437656,4
0.32941157,-1.1080198,8
-2.0043206,2.1267583,5
-2.0281382,2.058276,5
6.23173,2.0511656,4
-2.8229527,-0.17687774,0
-1.202409,0.07657549,8
0.14097762,-1.910945,2
17.570354,-2.30719,1
-2.2307718,1.7974894,0
0.2795524,-0.8920554,8
2.302836,2.127111,4
-1.7536,0.2841866,5
-4.366049,0.063661814,0
3.913831,2.4383783,4
-2.5950918,3.955326,0
0.91759753,5.290568,6
19.259768,-2.4839935,1
10.971384,4.256582,7
-0.10333842,-0.18881711,3
0.14816596,-0.4597652,2
-2.262906,7.7789464,6
62.858044,16.430885,7
2.3160129,6.525956,2
0.7883775,2.6339047,6
3.544187,1.2718832,9
-2.5297496,6.5830235,3
22.240862,-0.66225445,1
3.0741825,2.4931312,4
0.038965225,3.1224036,6
0.088328816,-0.94364476,2
-2.7584906,6.091674,5
5.6988897,1.822912,4
0.64125335,-0.43917683,2
-7.934408,5.1897078,0
0.23126078,7.8522882,6
-2.878575,-2.3445718,2
10.886537,-2.9981394,1
18.121212,8.036178,7
-0.42005286,-0.109675676,3
4.9385653,2.1147704,4
25.212318,-3.4673207,1
-3.124561,-0.29757458,0
-1.2526302,-0.01739642,5
8.834123,4.4016657,4
-0.58984375,-0.5160697,3
15.526172,-2.1511164,1
26.28201,-0.9608548,1
5.3692408,1.0626721,7
7.4676466,3.3571045,4
10.870909,6.63688,9
1.2795748,-0.15962467,9
11.284357,10.868664,4
2.2457123,8.873,8
2.4948423,2.1759498,4
-9.1831455,-0.059616804,0
2.825594,6.7987404,2
8.397833,3.7476974,4
-0.606219,-0.028129295,5
15.761747,-4.547109,1
15.876336,-1.3596697,1
0.29893303,7.217541,6
6.1859474,4.8003044,4
26.10041,8.980156,7
16.16742,-0.2942524,1
6.7811127,2.4343312,9
7.0053535,2.090173,4
-0.08113454,-1.2204424,2
2.431273,1.3581642,4
17.491398,0.34208187,1
-1.080573,0.7161694,5
-0.11521077,8.398103,5
-2.0411973,1.3373398,3
-1.1127394,0.76489496,8
-1.5713203,0.59172046,3
22.780653,-1.5144631,1
2.9718466,1.6156499,4
-1.4908342,0.6014565,5
0.7663069,5.696412,6
-0.38029122,0.12630135,8
7.698141,3.0670598,9
3.9080787,1.767887,4
14.810902,-1.7703089,1
-0.09659579,0.20765716,5
-1.3606107,0.06418377,3
-0.13938029,-0.14031827,8
-4.956544,4.9988246,0
13.819108,3.6543643,3
-1.2538782,-2.9788482,2
0.59327495,-0.55039096,5
23.338535,1.584852,1
-0.4696709,-2.4936254,2
-1.0979056,-0.11862129,8
-1.333028,1.0167794,3
5.1570024,3.1687598,4
3.1163673,2.1747026,4
-7.7242694,2.1698682,0
0.3473566,-1.0599006,8
-0.42270312,-0.087680176,8
-1.0944371,-0.12543064,3
-2.120739,1.4274709,3
25.80371,-2.2187705,1
2.962193,2.4600859,7
-0.7674675,-0.49381086,3
-1.7200046,1.4613461,5
10.720546,7.757043,9
0.7949736,6.972845,6
-0.9665567,-0.34683934,3
-0.059170663,-1.2925731,2
0.2495985,3.14013,6
24.004536,-1.4545755,1
-1.1560434,-0.60969687,3
-0.36445415,5.724573,6
-2.9313173,-0.12768418,0
66.38429,24.461601,7
0.117724925,-3.3230689,2
24.939976,-3.7137299,1
33.018303,13.130174,7
17.921486,-1.58943,1
11.265963,19.084665,4
0.20558158,-1.5364257,2
7.6997657,24.7198,4
-0.9155458,-1.962739,2
10.616528,-1.1040918,1
15.324714,7.0072937,7
10.730663,5.5263133,9
0.44309187,8.67121,6
14.914091,-2.4026742,1
15.665543,-3.8968384,1
-0.04938093,-0.882973,2
3.938158,1.8827214,4
-1.4211745,-0.62768567,8
8.927835,-2.220615,1
42.497993,14.897971,7
2.1226132,-0.6598012,7
3.2719202,2.1259146,4
-0.85129446,0.88480777,8
-6.7011614,5.4510646,0
38.46083,30.724865,7
-0.2460008,-0.20272674,3
16.484856,-4.657485,1
-1.3613142,-0.0761624,3
16.147675,-1.7504611,1
-3.7981336,5.670465,0
29.41048,11.90448,7
1.5016506,-1.189779,7
-4.3697376,2.3741207,0
-0.40610254,-0.082133204,3
-5.957979,16.950474,5
-0.9044093,-0.72740376,5
-1.7920002,-2.6480267,2
16.671432,7.9608746,7
0.22668755,4.1236043,6
0.93902886,4.5759544,6
5.443103,2.120776,9
-1.6334177,-3.0748377,2
-0.12412216,0.05361711,8
-0.6563868,-0.401462,3
-0.9247364,1.0808917,5
-0.051037446,-0.88932115,2
-0.82619655,-2.250227,2
-0.70111406,1.0059638,5
0.16463284,-0.5600994,6
-7.5929537,6.168493,0
-0.0106155425,-0.4497345,8
-0.70219564,-2.4266298,2
15.11022,17.95289,9
-1.8901267,-2.4686482,2
-1.4503516,0.026657999,8
-1.8462799,0.6949339,8
-1.0483942,0.31586584,8
0.20410074,-0.69808775,8
22.766735,30.905294,7
3.712281,1.2599518,4
13.112581,8.39855,9
-0.9055929,-0.4630144,3
-2.8192568,1.9742256,0
0.8083625,6.1112294,6
0.36961484,3.727157,6
-0.8503889,-0.58986354,3
-0.99018323,-3.0073872,2
15.670758,-1.034235,1
-0.8002902,-0.35763246,3
-0.0002477765,-1.3295991,2
-0.29987442,-1.5148928,2
4.432882,2.3219175,9
-1.7993801,0.75960886,3
-2.4326382,2.091754,0
-12.142399,10.873479,0
-0.3953903,-0.20712869,5
1.3046863,-0.3349135,7
-0.7769072,0.058072254,8
6.03098,-0.4116144,1
2.3497057,1.5488138,4
11.447596,3.2530327,4
0.7784455,4.0512686,6
-4.8249254,1.793936,0
2.6897154,7.1785603,2
5.6523657,2.8306684,9
14.64426,-3.5659184,1
8.656607,8.736558,4
34.60111,7.38931,7
6.182564,3.799184,4
23.38149,13.653152,7
-1.6486878,-0.45778063,3
2.8198066,1.5155329,9
1.111141,-1.6002449,8
-0.09117041,-0.53578657,8
4.779996,3.4590874,4
28.249477,11.709926,7
21.54376,-1.2540334,1
2.2833323,5.4409757,2
13.091584,-1.5712309,1
-1.02751,-2.9699206,2
0.16256835,-1.5266235,2
-1.0697389,-0.21844271,3
1.1327945,-1.4215189,2
-1.1538961,-0.17022032,3
-1.1569777,-1.283836,2
-1.1749777,-0.3367478,3
0.7114292,0.2306918,9
16.229982,-1.9938201,1
13.598181,16.063463,7
6.3358884,1.9931117,4
-3.5201142,0.00589931,0
-1.6927694,-0.13430753,3
-0.40899223,0.7082566,5
-2.5457542,52.7203,5
-0.879205,0.9980109,8
1.2487676,2.4023037,6
-0.9458147,-0.14734203,3
-0.92728114,-0.4224848,2
0.34002507,5.9923997,6
33.860516,15.771103,7
0.6541507,4.9960628,6
-2.0214138,14.348752,6
0.119830936,-0.23451234,3
-0.08094005,-1.3406125,2
4.5630226,-0.13495807,7
6.543828,2.5423183,8
18.844963,-0.6967041,1
27.568342,-0.85590005,1
0.9809818,-0.73555267,7
5.915367,2.5396628,5
1.0763723,3.9501688,6
11.393861,6.8044424,4
6.798101,1.9723175,9
-1.1243019,1.3707685,5
16.163773,3.3657875,1
-1.5411144,-0.21340951,3
-1.3667904,0.3466384,3
4.7050796,1.3654511,4
13.405328,14.316128,7
0.8165686,-1.6384141,8
12.554979,5.3004284,9
13.840675,-1.9514563,1
17.277796,-3.9882128,1
-4.29456,6.6967115,6
16.305698,10.650112,9
23.000422,-2.9061785,1
1.9698509,0.09141603,4
5.211154,4.1536117,4
-0.33361897,-0.19626611,5
3.7586799,1.8466796,4
-6.400521,-0.55817485,0
0.970654,3.1574352,6
-0.15533556,-1.3210682,2
1.7557244,6.9995546,2
0.07843557,-0.16603462,3
8.482831,-2.2159057,1
-0.57894707,-0.33081794,5
23.67144,-0.39369902,1
-0.3794813,-1.7540319,2
-5.203872,3.627567,0
0.16265476,-0.51508063,3
1.0271139,-1.5746843,8
20.612114,-1.3324187,1
0.21873732,-1.9404196,2
-0.35916567,7.0271516,6
26.409342,10.934664,7
29.062832,-0.568349,1
0.5717745,5.116129,6
-0.4543996,-0.95868015,2
-0.018805183,-0.25870654,3
7.962307,3.0593047,9
-3.930437,6.688007,0
23.049644,2.169,1
-3.361198,-3.7201416,2
-0.17743836,-2.150358,2
-6.8346286,5.8233166,0
1.944982,5.845188,8
6.6027303,2.760852,9
15.447603,16.85633,9
-2.6173742,2.4144993,0
0.17836499,-2.1357222,2
-1.2943377,-0.20245263,5
24.090427,1.4026024,1
9.627123,3.3969169,9
23.295792,8.409506,7
-0.018830612,-0.35560268,8
27.409056,-1.3195043,1
-3.131276,0.10513121,0
6.694364,4.9126043,4
21.6643,-1.1347528,1
12.8912115,4.975622,7
8.30241,3.0749474,9
-9.849461,27.032166,6
1.6240612,-0.56643295,4
-1.3758171,-2.677961,2
1.2506306,4.1414814,6
-0.21833712,-0.33378077,8
11.949882,-4.444062,1
-0.63148516,0.0091409385,3
46.349655,46.236572,7
-0.3477663,0.69727874,5
5.4876924,2.3698893,4
1.1672841,-0.89808095,4
16.324917,-3.3983283,1
-0.114258386,-0.37467825,8
15.098169,-2.0124316,1
-2.1308305,0.7979754,3
0.62370574,-1.077521,8
21.16085,-2.8915796,1
3.4743462,6.9872756,2
0.19298296,-0.95270735,5
1.2560396,-1.7963964,8
-4.532091,5.089249,0
0.90274024,3.4458003,6
-0.06389141,-0.9385807,2
25.943363,-2.137439,1
31.171564,-2.2966,1
24.70743,5.401486,7
28.19168,-2.3758655,1
-1.1508601,1.7317702,5
-1.1913514,0.9828672,3
5.466052,2.553857,4
0.08945657,-1.1369967,6
10.978981,2.3917706,9
-0.2977033,-0.35843116,5
-14.779608,8.064691,0
4.036479,2.3086555,9
2.4980228,5.689142,2
2.239543,7.47441,2
3.1769843,2.5865839,4
2.4309387,1.7757113,8
-1.4589198,-3.319252,2
20.483494,-2.153633,1
23.510405,10.48934,7
0.038375527,-1.202582,2
8.312464,7.260115,4
15.228779,9.730631,9
4.749493,3.342578,4
2.5289648,2.5361905,4
-5.4282136,1.999861,0
13.238625,5.537304,3
13.907591,18.776371,9
-0.30786783,-1.8735573,2
-0.068274066,-1.8683339,2
0.12130155,-0.22887658,3
-0.22746037,-0.3320589,3
1.6617584,-0.6796,8
-1.6857606,0.41139418,3
-1.8606952,0.6467656,5
31.452671,15.112576,7
2.06401,-0.11731358,3
3.879093,14.947405,5
0.12909073,-0.5876671,8
24.189434,-2.0868278,1
0.014493898,-1.3340914,2
10.188532,3.3456397,4
3.9182916,0.75861466,4
-0.9261286,6.2926126,6
6.6412034,2.5667617,4
2.1953125,0.68622434,9
-0.87236565,-0.56674266,5
25.39265,-0.95292395,1
-12.172408,4.8974986,0
0.9252988,5.76161,6
3.5321524,1.7535464,9
0.81672704,-1.1763145,5
8.002965,4.316685,9
-2.1824896,4.849689,5
5.0650334,2.0438406,9
13.8819685,6.656945,7
4.7882705,-1.2362595,3
0.067710586,-1.2228107,8
-3.0705218,4.759494,0
-1.4686339,1.7046287,3
5.6996565,3.3317528,7
24.101917,-2.310988,1
-0.85413444,-0.56914926,3
-0.4681859,9.667101,6
33.301846,17.336905,7
-0.7685869,0.77258074,8
-1.7096187,1.4441248,5
3.9361467,1.4802793,9
23.390032,15.569836,7
7.6246657,4.692224,9
0.9922432,4.0285716,6
-1.8110055,0.839479,9
0.6140684,6.238984,6
-2.1768458,1.0820974,3
39.93338,17.027487,7
7.905311,4.6357675,4
-0.38049746,8.227636,4
-0.6152575,-0.3930117,5
-0.26231447,-0.34108132,3
-0.0372865,-0.3323605,5
9.743453,4.949794,4
1.524995,-1.2101445,7
0.27459407,-0.83549654,8
0.21428415,-3.2722077,7
0.4675362,-0.95486313,8
-3.0729585,5.678526,0
19.452293,9.89624,7
0.91511405,3.7129526,6
0.81616634,-0.5732852,8
0.17301668,-0.03069171,8
58.384117,30.377148,7
2.4446726,-0.23667185,3
1.2321919,4.3450546,3
8.612635,-2.1047726,1
3.4303832,2.0036154,9
-1.2536553,2.0080652,5
-1.1557324,-2.206648,2
18.701994,11.096548,7
-0.9863633,-0.48041862,3
3.1536448,-1.3110878,5
15.911484,-2.1903484,1
20.443512,-1.2401679,1
-0.4305675,-1.3579572,2
9.64753,-1.3024828,1
4.7680583,2.2624376,4
4.7940283,-0.16015103,7
5.44682,2.4606588,4
11.889709,12.004998,7
-1.275925,-0.088457495,5
2.1486006,1.5037243,4
-0.44053474,-0.14792109,5
8.877168,3.2444077,4
-4.2831964,3.2640078,0
0.13836965,-0.16346754,8
-2.3202314,1.7515609,3
0.46622592,8.449709,6
7.1164474,3.6581612,9
-2.9933715,7.700907,6
-2.1399834,1.2462602,0
-0.48927355,-1.5495205,2
5.4692597,1.5254201,7
7.554332,8.8157425,4
5.226078,3.7459357,4
6.7918677,14.277705,4
3.7189846,1.9883127,4
-0.08764529,6.5005593,6
0.9755813,2.3594017,6
11.085108,7.759679,4
5.4007454,2.83069,7
6.5927296,2.3655434,9
-0.8711916,-0.4674818,3
10.291699,10.354078,4
-4.5882297,74.47398,5
2.7796946,30.68464,5
-0.13420843,0.056478936,8
22.61148,9.411435,7
-0.9366592,-0.3365633,3
6.730462,2.6172032,7
-0.1437078,-1.5392101,2
21.66629,10.525097,7
-3.6834226,7.8010836,0
-0.07044156,-0.9636824,2
3.8048334,10.881307,4
27.00446,-1.3090348,1
15.977877,0.054254964,1
7.3545275,-3.016634,6
-0.15204254,-0.28834003,6
10.304068,7.4053917,9
0.08091642,-1.8488898,2
3.8906322,14.537046,8
76.0206,22.395327,7
-0.016654417,-2.2037091,2
-4.322955,6.097522,0
25.268333,-2.2157266,1
-0.9900447,-0.16981363,5
-16.42713,10.722451,0
2.6066098,0.26276672,9
13.897032,-1.3578112,1
11.236611,21.140705,7
-4.4458666,6.8312445,0
-0.65719175,11.037323,6
-2.7483966,6.292959,0
-0.15232025,0.21764287,8
0.5340761,4.6111536,6
-0.5575341,-0.40611055,8
12.284242,-0.55851364,1
-1.2242744,0.77699447,8
-5.3539557,3.239638,0
0.13601069,-0.1725076,3
-0.75593877,-0.64157796,3
1.3426124,-2.2001748,7
-0.6719383,-2.801555,2
0.33069754,-0.22039522,3
-0.45964432,10.666481,6
-0.43357384,-2.659147,2
9.76721,-3.6058025,1
0.7841561,10.093763,6
11.156828,-0.892969,1
10.664297,-1.7947745,1
-0.121401235,-0.2717901,3
15.491827,7.8787694,7
19.47464,15.150941,9
-3.5394611,-0.080994606,0
-0.5177859,-0.45062634,8
-3.2957423,0.23870212,0
-0.014781997,0.022593431,5
6.1448526,3.5775054,4
-5.813234,2.0893764,0
3.587934,5.4770017,2
0.23349912,-0.74249405,8
-0.052625895,-0.8954085,7
-0.12541567,-1.1743566,2
0.08207314,-0.5209872,9
-0.20439707,-0.3457724,8
4.726194,2.602701,4
-3.5133915,3.1323252,0
3.3313735,-0.10530697,9
-0.2047163,-0.34468234,5
-1.131274,-0.500201,8
-0.60099137,-0.04942572,5
14.495784,-0.07821593,1
0.036534354,-1.2379953,2
13.01244,-1.0732712,1
-0.6889989,-0.3629976,3
7.6369476,-1.4757131,1
21.387724,42.397667,7
11.5289135,4.9410043,4
-0.22667305,-0.32980192,5
19.448982,10.077986,7
-1.1527679,-2.2881298,2
-3.0669734,1.7864175,0
-2.6878138,1.5293308,9
-1.2858571,0.77739567,8
0.28964403,-0.8873064,8
2.992672,2.667707,6
1.4923091,6.3392386,2
-1.7321432,0.5577692,5
3.1607103,5.032365,4
24.082253,-1.6726336,1
8.112398,2.5425208,9
-1.0098474,-0.33412835,2
18.478376,-4.9518137,1
-0.65275276,-0.5387694,5
-0.09722246,0.04598471,8
12.707566,-0.078360334,7
-3.8747683,4.131653,0
-0.10604851,-1.2323884,2
2.2360396,1.3739973,4
6.7847958,2.7958336,4
-0.4299515,-0.06804149,3
1.2326713,3.4395196,6
0.07443333,-0.0027201176,8
0.34809208,-0.8589938,8
2.1438656,6.6684065,2
12.839609,6.587393,4
-3.6856818,0.83899313,0
-0.73215973,0.22613892,5
-2.344246,4.485326,0
7.321746,2.4478605,4
7.463408,2.4419003,4
9.703323,3.3893828,7
5.9526067,3.265117,9
-0.95883644,-0.07312596,3
8.832223,10.034017,4
14.808382,-1.9099258,1
-2.506866,3.1476007,5
0.60863,0.13979302,9
0.6179775,-0.7080645,7
-1.1317255,-0.12812331,3
-1.3008003,1.8236502,5
0.14124538,-0.7456172,8
-0.54487777,-0.44558486,8
-3.162952,7.456414,0
5.857177,2.4597523,5
-0.7275235,-0.3647646,3
-1.8035563,0.47028047,3
0.74546576,5.823662,6
1.2471306,3.988029,6
-3.5692348,2.9785357,0
16.396246,-2.8556051,1
0.014593899,-0.63780606,6
-3.638934,-0.5298234,0
-1.1475585,0.5660717,3
-1.5622175,1.174233,5
9.090401,3.8438108,4
6.285385,2.0109513,4
18.384895,1.0732601,1
-1.3198688,-1.6123719,2
4.1719837,1.8161814,9
14.461467,-4.0105715,1
4.258417,1.9462957,4
0.88935244,4.536746,6
2.310637,1.6809721,9
6.1431713,3.0115123,9
-0.51781934,-0.070719644,3
6.759992,3.013874,9
2.5567875,8.363804,8
7.6225677,3.4723005,4
3.0258057,1.5805695,4
-1.3128711,1.1528021,3
20.666273,-2.7470922,1
-0.42159694,-0.1160375,3
9.91946,-2.5068011,1
-1.4952612,0.7160877,8
1.7271564,-0.7498549,8
23.961649,10.928438,7
10.025221,7.062049,9
6.240931,3.0447917,4
1.4966885,-1.2343259,8
3.0762405,5.5217004,8
3.4821243,-3.0270517,7
4.0809956,1.8750834,9
7.616438,3.399059,7
29.307812,-2.5010781,1
7.4465904,3.1032572,4
-0.2900661,-0.10955605,5
1.1715548,2.6054904,6
-5.1040907,2.7302918,0
-1.0733964,0.8116678,5
-0.15934448,-1.30438,2
-0.109317765,-1.2165359,2
1.8180447,5.4525175,2
16.029293,-0.3023227,1
-2.1117473,1.0672748,5
0.11050031,-0.2702695,5
-0.48134392,-3.109695,2
3.3795462,1.6800256,4
10.54127,3.870376,9
-1.0455618,10.953937,6
4.2279778,5.677241,2
25.493006,13.481241,7
32.52292,13.458286,7
2.4988208,6.0125837,2
0.034094572,-2.0172389,2
14.350437,-1.0142646,1
9.434816,-1.8285457,1
2.646556,7.166065,2
0.14150691,-0.26398656,8
-0.4814359,-0.0402617,3
15.744148,14.096048,7
0.030011252,-0.96781164,2
3.7077825,1.571358,4
14.509867,-1.5969169,1
22.885334,14.626835,7
18.339415,-0.4716459,1
21.996733,17.320438,7
1.2545499,3.1590104,6
23.325653,8.851644,7
1.8377612,6.614423,8
3.949289,0.4975072,2
23.849049,12.7839985,7
-1.1032109,-0.19495097,3
25.415737,-2.0103307,1
39.655937,19.46291,7
-0.42417133,-0.33265764,5
0.07697372,-0.39875153,8
-0.44307494,-1.4273872,2
0.23195767,5.262304,6
-1.9383929,-1.8875906,2
-0.05305198,-0.8970414,2
-0.58158743,-0.44022065,5
0.16712773,3.1995997,6
-0.5180383,-0.5747448,5
-5.423719,-0.54489803,0
4.7912545,2.0625267,9
-0.03772059,-3.5825977,2
3.4643393,2.722921,4
-2.1217217,4.831592,3
0.182441,-0.29998314,3
5.678957,1.9062089,9
64.47498,62.48327,7
0.43075776,5.78784,6
0.04730642,3.791201,6
0.34572455,-0.98127204,8
-6.05455,3.6719742,0
2.452378,1.1419342,4
13.710678,-1.035268,1
-1.4423231,1.2865677,5
-0.88884956,0.12091358,8
-1.1590627,-1.661343,2
12.872414,11.072792,9
16.279514,-0.31970942,1
-0.45493186,-0.103961825,8
-3.2898605,1.3381416,0
0.16077924,7.772784,6
29.414465,14.371781,7
6.09577,7.6534033,2
9.821196,-4.6357956,1
-3.1693826,7.919189,0
-1.4118408,2.5544064,5
0.23150682,-0.45421773,5
-0.7634924,-3.3605263,2
-23.928135,20.380615,0
0.20507549,-0.45637938,2
1.5848651,6.7059984,2
-2.1226504,2.2168448,0
0.07399932,-1.1476003,2
6.05682,2.0112174,4
5.588925,1.8015184,9
-1.1291257,0.6843914,8
-3.1961122,4.2720666,0
3.9315512,1.8117183,9
4.0286555,2.3446317,9
1.8500872,2.1676598,4
0.474298,5.412127,6
-3.8957033,7.5156555,5
2.7251956,2.4466329,4
9.353031,6.4261436,9
21.525942,-1.855483,1
3.6039128,11.711296,8
-0.3991183,-0.29775608,3
3.0387921,2.5910425,4
4.006458,1.4291382,9
5.344008,2.073368,9
24.2108,-0.7914581,1
0.4596625,-0.28075877,2
-0.06390832,-0.93864554,2
0.01875101,-0.25383174,8
17.083223,-1.2780423,1
3.6435435,1.3128289,9
0.36366367,0.48959023,6
6.4942107,1.8922228,4
-2.6072793,2.6201038,0
14.783003,6.8407755,9
6.8284216,12.992659,4
0.20795584,-0.061172284,8
-0.6883023,-0.5216407,3
0.33160597,-0.9227106,8
1.2300336,2.8657722,6
-3.9143324,2.4501987,0
-0.45636445,-1.1715333,2
-2.5482004,6.5753474,5
12.979609,-2.0547354,1
3.8790226,1.5338109,9
0.77259016,2.2618368,6
-0.548854,-1.7620797,2
8.005064,3.846912,9
6.2136073,1.8615191,4
-3.786531,9.076157,0
11.303591,6.7500772,9
0.7531495,5.005477,6
-6.6101255,2.24155,0
0.32286298,3.753208,6
-0.34373194,-2.010997,2
-0.22961646,-0.2136993,5
7.1160383,3.2375922,4
-2.73478,-2.0028162,2
-1.6127557,0.7130815,3
0.13683249,-0.22345626,8
5.385298,10.955759,4
-2.0509727,-0.081349134,5
-1.4806585,0.95963544,5
-7.811208,3.2585006,0
0.5865662,8.174989,3
1.0480473,-2.9200854,8
-0.7314464,-0.44807455,5
-0.99539226,-0.18227446,3
-0.92534566,14.450161,5
1.6625193,-2.5698647,8
0.8587518,8.044123,6
-1.1021166,-0.46201482,5
26.158268,12.681723,7
0.15101779,9.490438,6
-0.9312286,-0.14664426,3
-1.1966425,0.77528673,3
3.2658708,1.5262384,9
-0.7114653,0.7898744,6
26.68771,-0.9833293,1
25.177046,-2.6007104,1
2.837006,6.448538,2
6.583583,2.4796174,9
-3.8607168,-0.2255193,0
3.0704823,2.9778981,4
-1.920168,1.1686065,3
-0.9724906,-0.2591477,3
0.30758798,4.11726,6
4.270369,1.4477177,9
-0.44660184,0.8768027,5
5.0502152,1.971503,7
-0.47241068,-0.8307639,3
14.915394,4.3002033,7
54.845177,23.857693,7
46.613346,26.836926,7
-1.1424627,0.34255642,8
7.439805,-1.2718204,7
3.1420305,1.9207966,9
-0.24777822,-0.29514724,8
-1.0963001,-0.3420397,3
-3.2914898,2.339037,0
3.4552379,-0.30470616,7
-0.086961076,-3.1187916,2
2.3309903,-0.6572508,7
10.000768,6.5187464,9
5.2478604,3.2970304,4
-1.4014397,1.1380912,5
6.185858,4.3747053,4
5.561938,1.9985821,9
-1.3507409,-0.14130184,3
0.01573643,-1.0616252,2
9.3567095,-0.8191439,1
4.8737335,2.061207,4
-4.7172403,3.1836512,0
-0.12958471,-1.3345428,2
-1.3654021,-0.34170538,3
43.223534,59.69906,7
-0.8296157,-0.33013532,5
4.2018275,0.3800673,7
-0.25251186,-0.32518184,8
0.44697255,-1.3730916,8
-2.7579215,-0.024591506,5
-4.594204,0.034394383,0
0.9079541,6.381148,1
29.168419,-2.4222345,1
1.683527,2.4883265,4
19.638176,9.81641,8
-1.1020366,-0.33517572,3
10.780483,7.7452517,9
-4.0383873,4.7009616,0
-3.5463738,6.901903,0
-2.5237591,2.2881324,0
1.2513611,3.515295,6
-1.7865052,5.9453297,6
-0.6915807,-1.9060954,2
-0.6625454,-0.49000862,3
56.856964,16.71856,7
-0.41037202,-0.40655288,8
5.66689,2.659997,4
9.190726,6.3779163,7
27.868528,10.908592,7
2.093306,1.621275,9
-0.036265932,-0.921924,2
9.633377,5.1540523,4
23.362045,-1.1314846,1
0.33242655,7.2148237,4
-2.6838892,44.820915,5
-0.0091652125,-0.9684341,2
8.1390295,3.4846797,4
-0.7564094,-0.7771654,9
13.301172,5.0583,9
21.357807,-3.8263617,1
2.5777197,8.8644,8
7.509861,7.499295,4
-1.630165,1.275044,0
-0.2556523,-0.38978955,9
0.7629826,-1.6536901,8
3.837847,1.8048373,4
-1.2951745,-0.034651935,8
27.006681,16.253922,7
18.749382,10.513833,7
-3.282726,3.4693165,0
16.84374,8.11187,7
-0.16055204,0.06395355,8
-0.13188702,-0.15655665,8
2.1863942,2.8680305,6
-5.0520144,6.635259,0
7.495402,2.6381135,4
0.50170475,-0.8652523,8
0.06186977,-0.70983654,8
-0.17168207,-4.5986543,2
7.7192645,6.2522316,4
24.131744,12.68413,7
0.5253267,5.2026577,6
0.7351221,5.5571814,6
-0.4966383,-0.37567896,6
9.802065,12.75816,4
1.5287837,-1.1927499,7
19.490631,-2.6749744,1
-0.12979567,-0.21874462,8
-0.5668727,-0.55853295,8
-1.2755871,-3.1910574,2
-0.67510927,-0.69045794,3
-2.193324,6.9987617,6
-1.3908811,-0.20693016,3
-7.598474,-0.085391045,0
-4.4068594,5.522559,0
-0.17849661,-0.562969,3
22.468348,11.886255,7
1.1367123,6.5469484,6
7.209992,4.0411134,9
13.240619,3.989252,7
5.9543686,2.1678178,9
16.232975,10.146042,9
-0.47612184,-0.43409625,5
6.1083646,2.702769,4
-0.97040236,-0.312971,3
1.8577496,6.603358,3
0.6294687,6.430296,6
26.680489,0.28242436,1
-0.2521064,-1.1887803,2
-1.0123425,-0.12484273,3
28.938614,11.007398,7
1.6507795,-0.16656776,3
-0.79072505,-0.46383005,3
-2.4326344,8.472586,2
-3.62028,0.92708486,0
-0.70508224,-0.24372815,3
-1.3077129,-0.65050566,3
-0.25278702,-0.13894929,8
10.603362,4.969083,4
-1.5385766,0.07139936,3
0.19747472,3.8255467,6
-1.3045977,-0.097364426,3
3.0010335,19.771902,5
-1.5050873,-0.34120923,0
-0.111446515,-1.4898643,2
-2.7868898,1.5075483,0
4.180468,1.7903844,9
-5.2980466,-0.34371626,0
19.986858,10.139284,7
3.2724636,1.4806039,4
-2.4177074,6.8544016,6
2.1945405,2.3369975,9
-0.83715254,-0.48185015,3
-0.6377489,-0.54111636,5
25.405075,-3.219107,1
7.224669,2.675126,9
-0.071578145,6.887578,6
16.900272,-2.4289653,1
1.4949646,-0.8082118,4
0.9785713,-1.4072663,5
7.630198,6.6139145,4
-3.4710536,9.722959,5
-3.9844947,8.69304,0
-1.0847529,1.4674414,5
3.2517366,1.8844867,9
-0.55922663,0.17707166,5
-0.81745476,-1.7340119,2
18.106834,-2.3569627,1
-0.03319432,-0.8688786,2
3.4373481,1.4489669,9
11.081753,-3.9250135,1
12.37414,7.4084325,9
15.151493,7.0900273,9
6.2016015,3.6741147,4
-4.239988,-0.8311553,0
0.3014062,-0.79641074,8
3.4293172,1.8286209,4
-1.7354153,2.7079039,5
3.8294768,0.7732644,2
4.1677856,3.524263,9
-0.117116824,-1.1425533,2
26.37173,-2.0488405,1
-0.3261868,-0.7073294,2
13.661447,-2.0679092,1
1.1290609,-0.8219785,7
-0.16328041,-0.35248137,3
0.5313065,5.2059836,6
0.006189361,0.016643114,8
-0.15140983,-0.44438443,8
6.0000877,2.1729093,4
5.5408883,2.5198007,9
17.846056,-0.52664775,1
7.8474464,2.6594841,9
-0.07441092,-0.2877215,8
-1.2036855,1.3198098,5
48.64811,9.410439,7
-0.665644,0.9216431,5
11.75726,-0.2942694,1
22.989779,-1.133998,1
0.3849979,-1.5857853,8
-2.0485063,5.741683,6
-5.411168,27.46751,5
3.0213292,1.3519071,2
3.4410906,2.191229,4
8.863688,10.287962,4
38.86405,20.31847,3
-1.6558832,-1.8619804,2
-0.97816366,-0.23936492,3
1.5211082,-1.2605041,5
0.3129933,5.0702724,6
-0.7420636,-0.048052654,8
2.2590737,-0.5339454,8
-0.05537319,9.298224,6
-0.6197003,-1.3448735,2
-0.9776626,-0.32415876,3
14.215744,1.4679499,1
-4.9304457,-0.12725031,0
-0.88352734,-0.5704259,5
-0.02299463,-0.71780854,8
19.955528,21.203959,9
2.2077513,5.5997844,2
10.144403,10.824179,9
1.2526875,3.3670678,6
34.401756,12.86485,7
-3.758259,1.9120713,0
4.701698,0.35605627,4
-0.11766538,-0.19687337,8
1.465601,-0.5162554,7
15.400616,-1.7799348,1
21.943367,11.40446,7
4.347225,2.4419591,4
33.521233,0.4922533,1
-5.617756,2.0430067,0
2.5479217,-0.555366,9
24.184464,13.351219,7
0.13192436,-1.6005871,2
-3.662662,-0.4344303,0
-3.7246861,2.2232475,0
4.218285,1.6916417,9
25.472288,-1.6747258,1
2.780559,-1.0456647,7
-2.9330115,1.6851346,8
4.784025,1.8780254,7
0.31708774,-0.9938718,8
3.390647,3.2478585,4
16.015512,7.8405504,7
6.0429626,6.6530046,2
-4.612497,3.2114844,0
4.353352,3.600891,4
3.1958365,-0.70921844,6
-7.5090456,-0.20941246,0
1.8385799,-1.483713,3
16.483992,-0.36603898,1
8.570042,-2.1409707,1
0.44701052,-0.34129176,3
-1.460724,-0.07250196,3
-0.4228865,-0.1390873,9
1.1346676,2.3337488,6
74.548065,32.260315,7
7.288144,2.5553143,4
20.180668,-1.0178009,1
-1.4105278,0.65465283,5
-0.7206314,-0.32671583,3
-3.4490292,3.4293764,0
0.923733,11.103686,8
4.672714,-1.1446382,7
-0.61732423,-0.40830642,3
7.04823,3.4882214,9
0.79700756,4.9219055,6
11.916834,7.1919684,9
-0.8384096,2.4799871,3
-5.158297,78.409004,5
-4.8672347,4.733369,0
0.43089306,-0.25566056,2
13.432535,6.196826,7
3.9943883,0.56942105,4
-0.6703058,-0.23904914,5
24.882849,-0.9615499,1
1.4816369,-0.6628953,7
-1.3076549,-0.7608016,5
0.4264133,-0.9807561,8
-2.662939,4.6362586,0
0.17301668,-0.03069171,8
5.1833863,29.090445,8
12.013379,-0.31295943,1
6.491269,16.666475,5
-2.5892217,1.5385306,0
-0.40868616,-0.46650356,3
-3.312994,3.1088283,0
-1.2443008,0.54835016,3
12.31115,-4.0696716,1
5.742103,2.0244136,4
-4.299373,3.7821867,0
-0.19123316,-0.5752266,3
0.8846287,-0.65149516,7
0.07440639,-1.1586993,2
47.16649,12.242802,7
8.063443,-1.2104774,1
-1.5311514,1.3371713,8
-3.0782983,1.6748892,0
21.962234,13.126993,7
-3.092625,-0.29722804,0
3.7307334,1.9952053,4
-0.5314991,-0.3047725,3
25.51216,-3.2445052,1
3.3170967,2.6455727,9
3.1176543,8.962034,8
42.82229,14.865498,7
24.05575,14.0566635,7
21.660734,2.2191837,1
9.075476,10.673983,4
4.6863294,2.5022106,9
8.459174,3.1883125,9
-0.5616285,-0.20059176,3
22.70934,8.566925,2
24.081831,-2.8326912,1
15.679159,7.506695,7
1.8093218,1.6693274,9
-4.822804,6.231934,0
-0.81945074,-2.3200788,2
-3.7220647,-0.3700518,0
-1.6755627,-0.2336314,3
-1.4554884,1.0016668,3
25.791828,12.840969,7
2.9022388,3.4857402,6
1.844266,1.6677402,9
-0.0796269,-3.235624,2
-1.0400147,-0.149816,3
-0.44744492,-0.26153392,3
46.040436,16.648119,7
3.7084146,-0.24972983,7
-10.63877,3.9526417,0
-4.2788005,18.682396,0
3.5832524,-0.23611711,7
-1.9493881,0.17383766,5
-1.0455003,-1.4314092,2
5.1492944,2.1180203,9
-2.054308,-0.2877195,8
25.251495,22.596844,7
3.8930542,2.1812603,4
7.2764544,3.5073066,4
-0.34811926,-1.1790497,2
0.4732604,5.9054046,6
-2.4383848,6.0794888,6
12.769211,-4.9788647,1
4.1021166,2.0839758,9
1.5716965,4.949671,6
0.27668312,-0.44200057,8
-0.02029173,-1.1517388,2
8.211079,2.4218464,9
-4.254292,-0.8529328,0
0.03057541,-0.6246004,8
-0.60637,-0.049107656,3
11.8683405,-0.66055167,1
17.551266,-2.3593454,1
-0.13482833,5.8001466,6
-0.9774803,-0.7512951,3
-1.1857994,1.3081176,5
10.295261,-0.9603342,1
33.026794,-2.1081228,1
13.177876,-1.7512457,1
-0.7502855,-0.48441997,3
12.794361,-4.5148716,1
0.07542292,-0.40469456,2
-1.7459117,0.08680913,3
-3.7662325,1.6483734,0
0.29208076,-1.8346659,2
1.9059284,7.3462076,0
12.729014,-1.3477153,1
-0.5395936,-0.18205155,3
-0.4910925,-0.18785182,5
-2.275694,1.1867615,5
25.98381,27.93153,7
8.429502,14.490041,4
0.0883683,-0.3947336,8
10.983895,3.3934622,9
0.0647676,7.5369263,6
4.494327,2.3955035,9
1.2260227,2.945106,6
-0.023442537,-0.1727955,8
-0.12694599,0.05441833,3
1.2543792,4.2719774,6
0.27176952,5.4427156,6
1.5442739,-4.2487245,8
-0.5047132,-0.34241796,5
22.262177,1.2366502,1
7.122568,2.549953,4
-0.4061889,-2.4499586,2
8.622942,3.6135173,4
10.432492,13.537095,4
-0.7064055,-0.17146811,5
16.832132,-1.5090435,1
4.156172,-2.4432054,1
6.0386276,1.9568651,9
-6.73423,3.7352939,0
0.0718486,-1.586568,2
7.737539,3.4078317,4
4.649071,2.0572958,9
-0.8661379,0.003235057,5
46.917435,14.108361,7
12.343147,-1.375907,1
0.7264965,-1.055669,8
-0.56548,-0.18808794,8
-0.04475286,-0.38844198,5
0.06438017,4.0304613,6
14.529272,7.045552,9
-0.46609902,0.15064806,8
46.54719,10.650051,7
12.149061,-1.4387293,1
14.028023,-6.713946,1
-0.29369712,10.895313,6
26.480202,9.692827,7
0.6245816,8.11139,6
-1.2075363,-0.10212168,3
-0.23325442,-1.6897858,2
2.076873,6.242416,2
-4.798056,0.105519295,0
-0.4762288,-0.13965155,8
2.9454517,-0.2188184,9
2.46616,6.0221004,2
-1.5222446,0.450314,5
14.543582,-1.8675716,1
-4.125023,0.10770488,0
-0.07931478,-0.18246615,8
6.942379,-4.193255,1
2.1561074,-0.26460624,9
-0.7607581,-0.20246367,5
4.795089,1.6842425,7
12.913724,4.899898,9
0.17760932,6.516993,6
8.579755,4.335787,9
-3.264802,2.78836,0
0.58469653,7.6393576,6
8.279957,-1.3391262,1
-0.4890085,-0.22931139,5
-2.6041906,51.712643,5
1.819768,-2.3518338,8
-0.34556088,-0.72755367,3
0.27911544,-0.9041054,8
0.2101106,-0.78719014,2
-0.71514535,10.456115,6
-0.08369313,0.042145964,5
-3.0904012,5.032808,0
21.503922,10.791422,7
9.878983,3.7282043,4
0.17743862,3.1050882,6
19.259085,-2.886962,1
-1.3615338,0.03347978,3
2.7841392,1.0139761,4
24.986721,11.225431,7
-1.4313354,0.65500015,3
-0.011692479,-1.2192258,2
-0.9483395,0.80990076,3
8.787578,3.3713875,4
1.6875811,5.9629183,2
-0.78275615,-0.19057289,5
-0.33943623,-1.994535,2
3.8411522,0.03808433,7
23.789038,-0.8119991,1
28.06428,14.798234,7
-0.10381989,-1.0915962,2
0.42404008,7.3989086,6
1.7049762,3.3532417,4
30.86849,-1.656039,1
-7.482309,81.535095,5
8.371011,16.074131,7
0.20997134,-0.8617319,8
-0.279665,10.163114,6
-18.218918,11.630517,0
9.677457,-2.3546188,1
0.8369399,-1.8604496,8
2.9805138,5.9900556,2
4.636294,2.2029455,5
31.433035,34.67571,7
36.1759,14.839583,7
0.94962645,6.619564,6
-0.35270172,-0.48475516,9
-0.6099224,-0.3259562,3
-0.61217546,0.19209512,5
-0.110454395,-0.8363048,8
4.876027,6.906313,4
-0.8605128,-3.037694,2
4.457736,2.4992046,4
-2.9808989,5.656642,0
0.19764273,-0.72088194,8
0.7601016,-1.2353886,8
-0.65247655,-0.37736315,3
4.783872,2.3180447,4
8.670507,2.955223,9
-0.015825935,-0.970024,2
56.474297,30.133171,7
-1.0424719,1.4741604,5
5.3540573,-0.6497183,8
1.5451764,6.310655,6
-1.5273312,1.0852821,5
-1.1018255,7.7767005,6
-5.9523115,5.062857,0
-1.1632934,-0.16215312,8
0.35703707,6.140975,6
31.637747,17.039352,7
-0.94680166,-0.49304384,3
1.2151337,4.2571,6
5.4849186,3.0632644,4
4.9981117,2.3602085,9
7.306355,4.276281,4
4.4771667,1.8772882,6
-1.5095477,2.3774626,6
-0.4883263,-0.5139085,3
1.6905878,4.478696,2
8.175752,3.709794,4
17.672956,-0.28567502,1
-11.889503,6.5753675,0
11.106668,-0.5839203,1
5.335387,1.5071735,4
-0.19068766,7.772728,6
-0.38312858,-1.8779532,2
15.33644,15.430511,9
10.627044,-6.1109266,1
15.190081,-0.8877955,1
-3.9140816,-0.2817551,0
0.29161036,5.3835897,6
-0.7871429,-0.31146356,3
6.539702,2.1507993,9
-0.8051279,0.8987022,5
0.5952501,6.7361736,6
-0.3444779,0.11613983,5
0.40472734,6.044898,6
0.5882753,-0.8682905,5
4.1311665,1.21924,8
3.008872,2.5596,4
0.55951595,4.7683754,6
4.333753,1.7822083,4
-0.48274675,-0.2860068,3
2.5842662,2.3622415,9
33.019497,0.9321132,1
0.1307279,-0.12225732,3
9.673405,3.9407198,4
28.715406,-0.32283264,1
7.6885834,2.8026607,9
21.46869,-0.54920363,1
0.11807466,-2.8605533,7
11.962888,-0.67149097,1
3.5460427,-0.46575174,1
10.163961,5.2261705,9
-1.0334306,-0.27091426,3
-0.5697083,1.2209654,5
6.078386,2.4114008,4
-3.2805774,-0.04730183,0
10.164558,2.905459,7
-0.5077237,-0.44441235,3
-0.30563688,7.838682,6
24.71843,-1.6843662,1
14.361042,28.953861,7
-1.127599,1.5963879,5
0.07700131,0.0684859,5
-1.324452,0.9578794,3
-0.75348336,-0.21003464,3
-6.1669855,7.001096,0
20.867514,-0.7130261,1
-3.7755466,9.766859,5
31.743614,13.331146,7
-1.7284842,0.4605507,5
0.39601427,-0.418914,8
0.9798356,3.534845,6
2.9095488,3.4089034,5
16.216797,-0.6176309,1
-4.309031,3.5731373,0
1.8422389,-1.2051711,4
17.762152,27.530867,2
-0.7888731,-0.44401085,3
7.9745545,3.5747495,4
-2.4246192,7.1742563,6
52.476135,14.581526,7
6.362035,1.8862647,9
0.22029354,-0.5646753,8
19.06645,-4.4102364,1
5.1952567,21.376558,8
12.618706,6.437022,4
12.277652,15.234857,9
-1.5488491,-2.438752,2
-0.6587813,-0.61620104,8
1.3268886,2.7591364,6
0.3343503,-1.5994058,2
17.270939,8.407803,7
-4.8107476,2.3619955,0
-2.7030938,3.712136,0
1.1403363,3.344039,6
33.48693,8.089624,7
-0.056456707,-0.20925166,5
-0.2627893,-0.36440426,8
0.8090205,6.2782865,6
-4.0757356,7.9543858,0
2.3819442,1.3038635,9
-2.2899306,1.1975802,3
12.325658,5.850984,7
17.651272,0.6945121,1
-1.1074306,0.45093456,3
-2.322426,1.3657395,5
6.2752476,4.961266,4
-1.0224873,-0.076327145,3
-0.40352613,-0.25032794,3
-1.3474691,-0.3792717,5
-0.22016394,-1.1424507,5
0.5653703,7.9138684,6
0.3430205,-0.9294237,3
-3.7732303,5.4551835,0
-0.032403782,-0.8179125,2
-1.1237878,-0.14550662,3
2.1745622,2.0091612,4
-0.068755746,-0.957222,2
-0.09649149,-0.2559173,3
-5.2993746,5.8300734,0
3.9065819,1.7191286,9
6.535796,1.8398688,9
13.18432,4.719714,4
64.506905,16.24745,7
-0.0516811,-1.1276382,2
6.9760485,-3.63348,8
12.4187565,6.3002987,4
1.4216133,-0.0116261095,7
-4.5607805,3.1487148,0
0.66204023,5.9225307,6
-4.2850924,-2.041126,2
-0.5278378,0.16816553,8
-0.87447745,-0.1607315,5
-0.043966904,-1.8482658,2
0.5817886,-1.2838079,8
-0.9877245,1.7454338,5
29.161633,8.702865,7
-1.7489976,1.0671098,3
-5.95335,6.687965,0
-3.1635704,0.75467837,8
-0.13989116,-1.2298301,2
9.433391,3.0112565,3
0.05606141,-1.2878803,2
0.16837025,-0.6288779,8
-0.4450677,-1.4758348,2
-0.5915191,-0.42181438,5
-0.77881557,-0.440993,5
-1.0150019,1.1655351,7
-2.6082168,8.613306,6
6.112827,2.0078073,4
-2.0604553,-0.28530294,6
1.5222074,-2.3474836,8
9.196716,10.55326,4
1.347507,-0.5552962,8
-0.08660634,-1.0256299,2
23.616192,30.845787,7
3.9557076,3.2881503,4
0.30557626,-0.22442792,5
-0.2878852,-1.8069483,2
-5.9315667,5.3405585,0
-0.8862699,-0.066782385,3
-1.3286036,-1.4039272,9
8.34318,5.145056,4
1.5870273,6.0669575,6
19.953194,10.073067,7
-0.058754504,-0.9188948,2
-2.6253579,52.790554,5
9.51493,-3.4843173,6
23.171532,2.2810214,1
24.952496,-3.5700889,1
0.13490693,-1.2172058,2
-1.6149833,-0.2722277,3
1.0659972,2.4226809,6
23.398144,9.533435,7
-0.43709612,0.14241892,8
2.6237435,-0.76408476,7
1.2480212,4.2714515,6
2.14914,2.3582792,4
0.1232039,-0.22158629,8
8.522991,3.755014,9
4.0548806,1.9224389,4
7.502265,17.685682,8
0.51275826,5.5878015,6
-1.134367,0.5323322,3
-0.6474505,-0.4668178,8
-1.0919185,-0.752064,3
11.633263,-2.086418,1
-3.9009702,3.2094085,0
0.5545461,5.7889934,6
-0.044088006,-1.6639142,2
-0.21913388,-1.7856092,2
-3.9796772,40.86089,5
0.9240099,6.0552125,6
4.6018157,2.5217612,9
-1.825698,1.1987208,5
0.022071213,-0.25249544,8
15.918468,-1.078343,1
6.349101,4.0545306,4
22.573915,2.3166375,1
30.392239,29.803413,7
-0.6776513,-0.28970492,8
8.033504,3.3895159,4
1.242545,2.4056244,6
25.81684,-0.2384688,1
0.1783758,-0.6552113,8
7.5581493,4.2173424,4
-2.5286944,5.4533234,3
18.307804,-2.4156158,1
-0.9220083,-2.8693843,2
-1.3520746,0.52635956,8
-7.093694,5.1062117,0
0.20040216,-0.832555,8
-1.5140233,-0.081047565,5
3.2216733,1.5336279,9
-0.025424957,-0.791168,1
2.2849514,2.556765,4
-0.3454587,-2.0176146,2
-0.7611573,-0.14074229,0
-2.12573,-0.47802138,2
26.73928,14.60961,7
-2.668732,1.6609251,0
3.9935398,-2.1981113,9
-3.2174358,4.7409577,0
0.082288004,-1.423862,2
-1.68343,-0.3244062,5
1.247253,-0.9678451,7
-0.79618436,6.2308593,6
41.537254,35.267902,7
8.665985,3.3289022,9
5.1929016,10.172508,4
-0.09660068,-0.8862447,2
-1.5982978,12.237468,6
1.8824067,7.310012,2
2.2995007,1.459296,4
13.919753,13.799115,4
0.075078174,-0.20298551,8
-3.243184,5.3265214,0
10.19534,6.9087267,4
9.114652,3.357494,4
-0.92022634,1.283313,5
-0.043979734,-0.30354613,8
-3.5160499,6.803496,0
0.8293047,6.029211,6
0.11586647,-0.35402316,8
8.948344,4.9255295,9
0.27173948,-0.98048156,8
-1.9611495,0.079340965,5
-1.6370374,0.72035503,6
5.181298,2.0890446,9
-4.966801,-0.20162475,0
11.554785,4.615889,4
0.21403575,-0.41115355,8
41.069847,20.032887,7
15.217623,-5.9728765,1
-2.1664371,1.4303237,3
10.959116,6.7859344,4
-1.3833387,0.80661076,5
-0.26854464,-0.44796,8
-3.61622,3.9495459,0
4.274294,2.1274428,9
21.910225,-3.7678924,1
-0.4075954,0.13404852,3
-0.80540013,-0.4662696,3
-0.012277603,3.9878683,6
9.046473,4.924207,9
-0.6124979,0.66962904,8
24.800611,15.4324,7
11.981213,-5.282811,1
-3.434156,-0.31985486,0
-0.7018092,0.72761106,5
2.3201954,-0.54569644,7
22.204208,-2.855587,1
50.051086,15.62359,7
-28.010822,96.25716,5
0.094468586,-1.4272908,2
22.128408,10.74268,7
13.942833,7.2910166,9
22.560596,-2.4282017,1
0.2744781,-0.73883164,8
-1.3185561,0.81660473,5
-1.0226839,-1.9791774,2
4.029926,2.7754087,4
14.113456,14.95674,9
2.674291,1.6821964,4
20.511538,11.608345,7
-0.019200325,-4.6588497,2
-1.0714936,-2.2470655,2
-0.51497567,-0.25211763,3
2.1743445,1.755796,4
4.060661,1.4381143,9
10.04001,-3.0418684,1
2.6692197,1.3906629,9
-0.98535496,-2.0016904,2
9.809269,-2.9290562,1
20.360483,12.615931,7
2.302789,1.7195235,9
2.8354795,1.9230876,4
7.8098955,3.4012623,4
6.868821,3.6848388,1
-0.25185478,5.8002534,6
56.362938,30.484682,7
0.003937006,-0.6786458,2
21.722414,16.88475,7
0.25730178,-0.7812762,8
-2.9611773,1.126889,8
12.853381,-3.3667986,1
7.802565,3.49141,9
24.400143,12.640709,7
23.92743,-1.1760036,1
18.633595,-3.5079799,1
34.629753,20.919115,7
-1.6944964,-0.07489553,5
-1.1308153,-0.078768134,3
-0.5448878,-0.3721568,3
-0.5800592,-0.46465653,5
12.410271,-1.4382172,1
-0.9242612,-0.1668981,3
30.472906,13.88079,7
1.2491233,3.4934196,6
18.467283,-0.12189779,1
-1.4553031,0.0374206,3
0.24239592,-0.5701288,8
18.3128,10.746668,7
-0.9174312,0.45215836,5
-0.45899254,0.14863169,9
0.5954251,3.01559,9
-3.6495519,-0.13648945,0
-3.5967653,-0.018195033,0
-0.078040265,-1.2241977,2
0.06827673,-0.6411714,8
-3.4031444,9.040847,8
0.6585872,-0.45429873,2
-1.1927229,0.32070386,3
22.570183,14.349634,7
11.339592,-2.152417,1
-0.93259305,-0.30643487,3
-7.9227695,3.2603018,0
3.3225775,-1.3069401,3
10.8327675,8.416837,4
11.9116,7.232193,4
-1.6297127,-0.69609535,3
-0.48960543,-0.46672738,8
7.9139667,2.5749025,9
-0.16781174,-1.0145881,2
-0.49081877,-0.3976733,3
3.5223863,1.4255004,9
26.96577,46.741165,7
15.1280985,-1.0665008,1
15.650439,-0.5333866,1
29.709398,8.991763,7
-3.734568,2.5887764,0
3.2624402,3.4288535,4
9.244839,1.8155992,9
0.6596259,3.7515323,6
-0.93915534,0.6399567,5
5.3128433,2.1770554,9
11.320817,-0.55830634,1
3.3967736,1.4658427,7
-5.3230195,4.098433,0
0.0073731393,-0.9636405,2
-5.2719445,4.1527047,0
-5.1139264,-2.7490842,0
4.757022,2.6396492,4
1.1563538,4.600381,6
30.044746,14.220743,7
-2.3548276,-0.82732993,0
22.842066,35.910618,7
17.71695,-0.5018004,1
6.9096756,5.5576153,4
1.1121769,2.4751909,6
2.673391,1.6145854,4
-0.15738767,-0.1116633,5
4.8893833,3.603546,4
3.1456149,1.8330741,9
2.9726694,1.2806603,9
13.08797,-1.826654,1
31.218884,10.371595,7
11.633041,5.1939926,9
-0.7698969,0.9964693,5
-0.5258763,-0.45319352,3
1.7732869,-0.12757634,3
0.26499015,-0.8921804,8
-0.7194164,-2.9568474,2
-2.6168494,6.2745523,3
0.83304274,4.1278143,6
-0.22819988,-1.7548895,2
-0.008479819,-1.5080781,2
8.385313,-0.9743666,1
27.271019,-0.27162576,1
16.696651,-2.454169,1
-0.40690428,-0.7760217,1
23.030645,-2.8727016,1
1.020756,4.493041,6
12.1194725,13.846301,9
1.5455227,-2.0976853,8
6.598045,4.654963,4
-0.79839885,-0.28982943,3
65.43472,32.394325,7
11.021543,-1.316985,1
0.976738,7.2387266,6
7.5297236,3.3640084,4
-0.84544957,0.25828323,5
-3.1191916,1.0388819,0
2.8916516,2.3531485,4
29.764061,12.100812,7
9.1001835,4.779573,4
-0.008391067,-0.7258899,2
2.2192335,1.3996825,4
-6.512561,7.228357,0
23.91511,44.983818,7
-2.5971205,0.51284516,0
11.543653,-0.92020094,1
2.3700387,1.4794335,9
1.8283921,-0.3269092,8
-0.7545493,-1.0082695,8
0.45100975,6.449382,6
-2.705789,2.4749594,0
-14.339853,16.448847,0
10.352215,3.5491095,4
14.612499,1.0497544,9
-2.0619688,6.1120067,6
-0.3341817,0.05739313,8
-0.074940756,-1.0401891,2
-0.34352493,-3.4302142,2
-1.4998449,1.2229097,3
-1.8132302,-0.13817433,8
3.1128664,1.6834068,4
-3.2272997,6.692677,8
2.6515026,7.275106,2
0.08505011,-0.7272426,2
15.985557,1.1827719,1
33.77728,16.75605,7
-1.5107157,0.44704285,5
6.1198115,3.6207275,4
6.4401283,2.8004584,4
-3.9338753,2.6902459,0
2.3068798,6.408896,4
-1.4232241,-0.37425047,3
3.5891967,-1.483189,9
29.959942,10.484793,7
-1.4322642,0.42478335,3
14.065477,-3.7805748,1
-2.7005446,2.4816086,0
27.899387,-2.5483756,1
-0.13591017,-2.1399732,2
-1.947065,0.061681926,5
4.3361235,-0.8109405,9
2.205456,6.5956554,2
22.057854,-1.7393267,1
-7.894874,6.0970497,0
19.04761,-4.415925,1
-0.6162633,-0.6617534,8
4.1645837,2.849472,9
18.689255,0.3740128,1
6.4479284,6.266369,6
0.060669947,-0.00214765,8
-0.8700443,-0.5747912,3
-0.6400249,-0.0074162483,8
8.078541,3.43419,9
-0.47490916,-0.059747174,3
0.29287207,6.44362,6
0.092000924,-0.96160483,2
-0.14991923,-0.4355828,8
-0.93444943,-0.8088075,3
-0.0031725615,-1.0867932,2
0.17153428,-1.2303714,2
13.454135,0.17210595,1
-4.037731,-0.13819873,0
1.9952146,1.6280799,4
0.57713574,-1.7660173,2
15.8419285,7.817334,9
-0.6038773,-1.2365289,2
4.5231566,3.157249,4
-0.009453092,-0.1479361,3
42.33863,26.942194,7
7.954377,3.2351837,9
21.832438,-1.256326,1
5.628909,2.6650267,5
-0.14373516,-1.2505357,2
12.4911,6.99302,4
8.591746,4.015094,9
-1.0713975,-0.393389,0
-0.41223383,0.3091521,3
0.2500982,-0.7760825,8
-1.4651697,0.02070424,5
-0.19273356,-0.34305048,3
-1.1743194,0.7935668,6
-8.015158,9.196147,0
14.238079,6.4650173,9
1.0069195,-0.7581804,4
0.2898078,5.6602616,6
0.052057184,-0.9013738,2
0.09437804,-0.008379139,5
-2.8871088,4.865673,0
2.6736588,7.7866516,2
20.217228,12.793775,7
2.2297573,1.27891,4
0.5133786,4.576937,6
0.7854481,5.148764,6
0.15559079,-0.3618448,8
0.79107547,4.474304,6
0.719666,5.8724165,6
0.17301668,-0.03069171,8
0.83560896,5.159132,6
14.096899,8.198862,9
9.318119,-0.2428563,1
1.1907126,-0.9185198,7
0.0011660755,-1.1959018,2
-2.0305016,0.48776245,5
6.8967094,4.065109,9
3.8987608,1.5754888,9
-2.6784453,-0.34870583,0
22.514322,26.492947,7
-0.098307654,-1.1572456,2
26.633749,12.454145,7
0.88853264,5.838116,6
19.933395,11.688166,7
-3.5837033,-0.021752477,0
0.44151068,4.7772903,6
-4.287999,67.64726,5
2.837172,6.3900585,2
2.7373064,2.329031,4
21.484806,21.430368,7
-0.60476005,-1.6539404,2
-6.179025,6.0125084,0
6.974115,2.6707072,9
4.4691577,1.9907264,9
-0.32674456,-3.2481978,2
-0.20951416,-1.6995744,2
9.197622,6.4757214,9
3.6384916,2.4009535,4
3.876806,1.7925675,4
-0.04507795,-0.866483,2
-1.2584758,-0.7033047,3
-1.353851,0.20147495,3
-1.401685,-2.804161,2
24.627678,1.0732324,1
59.82004,19.555717,7
-3.3453035,3.2602916,0
1.4262891,-0.7171846,7
1.3281307,5.772626,6
6.4471555,5.3880014,4
15.979336,-4.9085474,1
-0.78084743,-0.18217033,3
-0.6296671,0.000843361,8
2.5326695,-0.9261357,7
6.4075346,1.8838795,4
0.41734242,6.5893726,5
0.17301668,-0.03069171,9
-0.18430814,-1.8602736,2
-0.69452894,-0.38125828,5
14.379484,-1.7221179,1
-0.057588562,-0.50448257,8
73.29537,42.196182,7
-1.1579034,1.0315044,3
27.435715,10.339108,7
11.38015,-2.1208496,1
-0.70817935,-0.6211271,5
-1.2730058,-0.20560363,5
-3.1630957,3.341419,0
5.7611303,2.2755742,9
11.2610035,-1.8534429,1
6.2552156,2.0092437,4
-5.3254642,3.2393153,0
3.6935048,6.5385866,6
2.4864464,-0.040381294,3
-2.0972192,1.3706647,3
1.0901365,2.3480742,6
-7.1984305,5.3817296,0
11.7003765,6.073674,4
7.1218057,4.1490254,9
15.431757,10.627889,7
-2.76615,0.6544646,5
16.0192,-0.6789078,1
-1.7486427,2.8728018,6
1.7151176,-3.2419114,8
11.079829,5.789119,9
-1.018954,0.89660054,5
-1.8012214,37.623974,5
17.084372,9.058612,7
10.412535,6.9312983,9
-0.114531346,-0.39755064,3
-0.57567036,-0.31490844,8
-0.16435033,-0.33477798,3
0.07715771,-0.23555483,8
13.2184305,-1.7374367,1
-17.397173,75.63681,5
-1.1325775,-0.48740888,3
-0.88077784,0.26830712,5
-3.1632476,3.9615965,0
-0.8413293,-0.53365827,5
-0.9339236,-0.34626457,5
1.512615,6.0816965,3
0.5309945,-1.2552896,8
-0.7080982,9.403951,6
22.173683,11.936806,7
2.886559,-1.0918264,7
42.385124,13.784749,7
-0.07425696,-0.3620271,3
27.256802,13.96064,7
-3.3501225,0.7937856,0
-1.6719382,1.0928041,5
2.1175914,0.13132635,9
-2.4034395,4.588434,0
-1.118128,-2.0997787,2
1.8979932,-1.1444027,5
-1.1829866,0.54114544,5
-0.32902306,0.11175476,3
14.741519,-1.0599226,1
19.384039,11.023785,7
3.017694,-1.200844,7
0.269805,-0.88114166,8
0.72083545,6.8242254,6
-4.232632,74.2734,5
0.15007931,7.229543,9
-0.5306259,-0.061199084,3
0.29870874,-0.9907752,8
6.4126987,3.104775,9
-0.81543076,-0.5039842,5
-1.49586,0.716427,3
72.73437,17.746323,7
-1.0853955,0.3263644,9
9.242025,-0.8515279,1
23.044556,13.729135,7
-5.728272,5.023586,0
-4.9149103,3.8260565,0
-1.8071235,1.5713816,3
42.823975,15.593542,7
-0.40550172,-2.017261,2
-0.7554675,-0.038294837,5
1.0295166,-2.0217695,8
21.23314,-1.724072,1
-0.10757171,-0.19438611,8
0.31604743,5.0744247,6
-0.13518266,-1.317209,2
12.3002405,6.2567725,9
-1.1164163,-0.12012109,5
31.347664,11.516034,7
-1.1369705,-0.38401031,5
0.84205353,-1.7990918,7
2.9942513,-0.53908175,8
1.2510903,4.1574864,6
0.07739003,-0.6956752,2
1.3402562,-1.1251041,5
26.349123,0.5000193,1
3.6074502,2.207763,4
0.25514442,-1.2323468,8
9.79632,7.7310596,4
-0.84933984,-0.15342203,5
1.0712776,-0.81432587,8
-1.1603618,-0.5007921,3
-4.2320995,4.8123164,0
-1.6785512,10.402586,6
2.3386714,6.982359,2
17.674814,8.616568,7
-0.62527335,-0.27422684,3
-0.07329729,-0.13991743,3
-0.057007566,-1.102595,2
19.374619,-1.6650347,1
-6.7360573,3.649909,0
1.3131614,-0.5151884,7
-0.6366572,-0.24299802,3
2.9664958,2.0198135,4
1.4054935,6.5083632,0
-0.9721266,0.055363983,3
12.402307,8.377538,9
-0.9623662,-0.26296565,3
3.0811493,5.850149,2
-1.544396,0.14472789,8
2.3199224,1.7777452,9
-9.378437,3.312839,0
-0.688821,-0.34883338,3
0.45182186,-1.0160979,8
-9.28036,3.4218233,0
25.408792,11.800362,7
0.24833393,6.5819316,6
-0.69491625,-0.5523575,5
6.15333,2.8621798,4
21.50965,12.107775,7
-0.46173844,-0.61194104,3
-3.0348516,3.4032736,9
-5.8722754,5.190585,0
0.33368146,-0.7723477,8
-2.4837496,6.566817,6
-0.20881644,-0.8337689,2
-0.94502354,1.1784388,5
5.271285,-0.5875891,6
16.256054,-3.857915,1
-3.3458402,1.802568,0
-4.445342,2.8437428,0
2.6058059,0.009649992,4
1.5853513,-0.79501283,4
-2.0322492,-0.31807917,0
18.451458,-2.6385276,1
-1.3585247,-3.0148299,2
-0.96620196,0.12968783,3
-0.31816947,-2.1083405,2
2.209138,-0.27529347,7
18.570581,10.275393,7
0.2781485,-0.9213679,8
-2.1235073,0.5023371,5
-0.37594813,-2.5969293,2
-1.77172,0.54369384,5
29.415836,46.15711,7
0.62595916,5.638459,6
5.1303377,1.6407996,9
25.162746,-0.8071636,1
4.0653453,1.9557772,4
20.235273,-4.036999,1
-0.39910054,8.235845,6
8.056831,2.4679298,4
-0.48017627,-2.2765148,2
3.8214357,2.9304981,4
0.4172983,-0.62862504,3
0.9047358,10.333228,5
6.673499,3.0247576,4
8.841566,0.043905318,3
6.5252404,1.8864915,9
-1.3182061,0.392421,5
-4.28601,1.9306177,0
21.783628,-0.60268784,1
-0.66696924,-0.34623456,5
0.043143664,-0.24896544,3
0.11654492,-0.24710517,8
7.9308453,2.8674457,9
10.206877,-1.6194588,1
7.5965548,2.8158827,9
54.961678,13.149226,7
4.7808394,2.2249446,9
-0.31059605,0.48902974,5
3.0908992,-0.17128827,5
-0.45013207,-1.434626,2
19.905708,6.4123373,7
6.8842607,3.364603,4
0.7471783,3.2100306,6
-9.432027,3.6458035,0
24.479406,-1.5997937,1
0.7905584,-0.29086053,1
23.17772,-1.3184428,1
-4.8850904,3.7373717,0
6.1713653,1.8328326,4
5.7199755,1.8133408,4
20.507673,7.1981425,7
1.2164607,2.4195433,6
-0.9883667,-0.3124303,3
2.7423866,12.974948,0
-6.431435,3.7244477,0
12.185728,6.012802,4
-0.75412065,-0.3948487,3
-3.9571784,2.8851736,0
0.07918382,5.973604,6
14.57682,-3.865075,1
2.1022785,-0.2632001,9
-0.8263056,0.86496687,6
33.069275,-0.06763303,1
-1.1018513,0.13222241,3
-0.42291602,-0.34023196,8
12.725609,-3.1184106,1
-1.6533334,-2.470011,2
-0.72952837,-0.29042894,5
0.8563726,2.4649177,6
-0.4385148,-2.4573648,2
6.186687,10.244015,7
-2.5168846,5.9167595,3
1.1049333,6.8328547,6
-3.5534053,6.785354,0
4.458233,-1.7119762,1
7.3760448,2.8483095,9
26.601124,29.571579,7
0.4640652,5.01627,6
0.9576062,3.2320893,6
0.2052225,-0.54854065,8
18.978947,17.433544,9
-0.899189,-2.4678004,2
2.9433205,1.2377342,9
4.547569,-0.4424417,5
0.38054958,-0.733247,8
-0.53922844,-0.23229225,3
16.050596,-5.1964064,1
-5.412156,2.681272,0
-2.370344,1.7033828,0
103.2873,25.139065,7
-0.55884194,-0.5691453,6
-2.4268494,6.464241,6
2.8057182,7.4880486,2
11.609673,-5.9750214,1
0.45547748,3.7628534,6
11.511375,5.190701,9
-1.6374762,0.6105317,3
24.768927,-1.1758943,1
-1.8979279,0.51168376,8
0.47543573,5.4064136,6
4.8744035,-1.6061332,9
-3.7089837,3.3871362,0
0.8136139,6.09396,6
-3.478212,2.7776089,0
-3.252493,4.2015347,0
-4.8862534,4.1076126,0
1.0423853,4.8099346,6
-0.94204384,-0.061513454,3
-0.01212012,-0.1961671,5
13.337361,8.414356,9
1.2717085,4.581486,3
11.349205,4.1809435,4
-20.762613,69.54507,5
-0.82541144,0.8082634,5
0.09616859,-0.47146347,8
-0.5533777,-0.09275146,5
0.122305244,-0.22503018,3
-4.1247168,3.9905581,0
2.6844156,7.8208966,4
-4.4114437,0.3706395,0
-1.8725476,-0.44941172,2
5.114961,2.0932155,9
-1.2869724,4.832295,6
0.4733045,-1.048991,8
-0.20673819,-1.2430071,2
-0.8218418,-0.43416533,3
27.868279,-2.1436183,1
-1.0430436,-2.426584,2
20.702488,-3.0557568,1
14.927123,-7.253299,1
0.20145468,-0.5597489,5
-0.1416285,4.2196093,6
6.5109015,2.6442811,9
0.4567842,-1.0199245,8
-2.3760083,1.9435562,0
0.46607125,4.484443,6
1.1079588,6.4505987,6
-1.5408533,1.3003592,5
-0.30369356,-0.45963,5
-0.9810249,-0.42476228,3
-0.45006964,-0.51880187,8
0.29068017,2.1245327,6
-4.6958385,-2.6639333,2
16.040762,-0.17548399,1
8.898714,3.6736615,4
2.4432807,2.1261435,5
6.3633556,2.8270223,4
-1.0989943,-0.294636,3
18.821632,8.898715,7
0.12346553,-0.22058368,8
-2.2731464,2.1509452,5
-17.147099,9.286595,0
6.002696,2.0483952,9
-1.0619311,-0.32467854,3
-1.1249732,-0.047511786,5
30.476923,3.1029363,1
17.695492,-4.501625,1
-4.1980267,3.401359,0
8.454591,7.775299,4
7.88703,4.2751694,4
12.271431,5.919237,7
-3.4120517,3.3960693,0
13.255071,-0.11256017,1
19.409718,8.028746,7
-3.0074866,2.8638253,0
26.869902,1.8371426,1
1.2189885,2.3870792,6
15.174049,-0.7838334,1
8.228216,6.342696,4
-0.18984386,-0.159573,5
1.2549994,3.1087594,6
-0.35206234,6.118775,6
-1.0137651,-0.5812824,5
95.16001,26.54457,7
-1.743942,0.08037028,8
7.805339,3.3581057,4
-0.26593447,0.09385429,4
38.928642,23.276049,7
-0.054919824,-1.157329,2
-0.54878175,-0.032395467,5
-0.35582954,-0.3958205,3
19.329456,8.831457,7
-5.0410533,1.7680929,0
24.837345,40.744495,7
29.529491,15.307557,7
6.9224906,4.5244465,9
0.87855434,5.461463,6
7.370923,3.185832,4
0.19643514,-2.7317638,2
0.37676555,-1.177257,8
-4.408006,4.612925,5
60.92943,14.851921,7
-0.053367835,-0.76649284,8
-0.113025084,-0.2572725,3
13.567383,11.757145,9
-4.274602,66.69965,5
-0.16169003,-0.43834174,8
5.2682214,2.8323693,9
3.6418316,1.205471,9
0.15330549,-0.92347664,8
0.41892374,5.8271465,6
2.0073075,5.5478773,2
1.4865388,-1.0389507,8
3.0308356,-0.1819404,9
-0.083284095,-2.3169634,2
-1.3112298,1.0335114,3
1.4109293,5.8905354,6
19.54111,-1.6620226,1
23.602734,-1.1513022,1
2.143009,-3.803578,8
5.684612,2.4609473,9
-0.888062,-0.56424093,3
0.17301668,-0.03069171,4
-4.3136497,2.8446481,0
33.910557,18.429396,7
11.512962,7.022661,9
0.41937864,4.470826,6
8.524868,2.7414494,4
11.937412,-0.65830296,1
8.07645,10.451802,4
13.690975,-2.0068042,1
-1.5962727,-0.275829,3
-0.19776087,0.07451102,4
10.27666,7.2335615,9
-0.7780723,-0.45951357,3
18.94593,-3.9218447,1
7.1029625,3.0183697,4
23.176868,14.105944,7
1.2626146,-0.98124635,7
3.005068,2.7050076,4
25.849567,14.897512,7
-0.12473862,-2.4178517,2
4.4320393,2.4770896,9
-2.031798,0.90347147,3
-3.481405,1.0318524,0
0.24801995,-0.8732695,8
-2.4235814,0.6977138,8
1.5544479,-3.0230806,8
11.7424755,4.606766,4
-3.5307624,2.1083024,0
3.3570375,2.3363051,4
5.621661,-0.16480342,4
26.976574,2.6863973,1
-1.0039378,-0.26750165,5
-0.52050257,-3.2009478,2
-0.021709282,-0.17059425,8
-1.7097888,1.1799743,3
3.8655844,1.9310415,4
3.5438135,1.9113705,9
-0.8321478,-0.5778736,5
-0.9540938,-1.8051808,2
1.3339051,-2.0811057,8
14.681056,-1.2302082,1
-0.48053443,-0.261904,5
0.6177962,-0.17996703,3
6.731398,0.54052883,7
14.649784,5.875433,9
5.3090606,1.5321826,4
-1.827339,-3.4539385,2
-0.121148065,0.05277325,5
1.0374225,4.6105804,6
-0.7752639,-0.9812882,3
-0.66559744,-0.32942575,5
13.568167,6.295847,9
-0.7524002,-0.002478093,3
-11.28282,51.985493,5
7.497934,3.0098534,9
-1.516259,0.16947097,3
13.09675,-2.9595103,1
1.8522464,1.6418278,9
-11.072135,54.636585,5
-0.5540916,-0.4350571,3
-4.4850264,0.01188612,0
0.8869952,5.2481675,6
4.9593234,1.7383759,9
0.1995894,-0.645827,8
2.5779185,1.8501841,4
-4.098986,8.266207,0
6.265587,9.447073,4
-1.2813545,0.38196495,9
0.012547612,-1.7251252,2
6.5849504,3.365631,9
-3.6658053,2.5485399,0
22.402578,-1.6785612,1
-1.767003,-0.3840507,0
18.29717,16.548656,3
12.39267,-7.0401444,1
0.53801155,7.117104,6
-1.037722,-0.065617144,5
1.0875674,-1.3165711,8
12.655538,-1.2976314,1
-0.47495648,-0.4472243,5
-1.4902635,-0.4239659,3
-0.033608522,-0.2742026,3
-7.248069,13.687054,0
-1.4821537,-0.7795163,3
-0.4744065,-0.19012344,5
-22.36438,77.13165,5
9.112201,4.8662567,9
2.5860128,5.6362424,2
0.3985021,-0.44077125,8
15.185798,6.2966394,7
-3.397911,4.169996,0
3.0972857,2.9695168,4
7.770662,2.446546,9
12.345297,-1.4396455,1
6.971606,2.292392,9
28.074343,13.819248,7
34.752525,19.78236,7
-21.513668,80.771965,5
-0.6842206,0.07305357,5
-0.1470218,-1.2288431,2
-3.7878041,6.198501,0
5.556927,2.9350936,9
23.03386,-3.7999854,1
1.0541269,-1.9653893,8
-1.5615735,4.028259,6
-0.9122472,-0.93354064,2
-0.9128438,-0.55489033,3
11.144131,5.4941244,9
1.2506521,4.142231,6
-1.8166481,-3.3183422,2
20.610575,-1.5170567,1
5.2200236,1.9373424,9
12.724413,-0.8716335,1
-0.4322211,-0.4269709,3
-2.3013663,7.0089273,5
-0.5450777,-0.35041714,5
-3.2643397,2.4590678,0
3.989898,-0.44470033,3
0.17301668,-0.03069171,8
-0.25436884,-0.20271538,3
-0.8091659,-0.586067,3
30.86077,22.86633,7
1.2108419,5.5416255,6
-0.20176701,-0.32379425,6
-4.4998503,0.18660843,0
13.499845,-0.8573246,1
4.120417,1.6161101,4
-3.5516696,2.1261117,0
0.9380522,6.472331,6
8.348047,3.6073377,9
0.23298265,-0.5322926,8
16.20726,-0.039113954,1
-0.15397339,-1.2837967,2
9.302955,-0.6213356,9
6.491765,2.8192735,9
1.0834265,-1.5548716,5
8.408527,3.639275,9
1.4101604,-0.79594576,7
-0.41451946,0.0060600117,3
88.55054,20.460972,7
1.3359221,-1.0451993,8
-6.7556186,3.348073,0
26.061352,-2.0614364,1
-0.6885262,-0.18547694,3
-11.530867,3.3568652,0
8.787243,3.9778721,4
-1.0662646,9.4865675,6
18.438305,-3.4177291,1
-2.9058464,0.1130023,0
1.3646433,5.058035,2
-5.096654,15.695132,5
-0.27625692,-0.19848411,8
2.3053148,2.3104913,4
4.3142824,1.9398881,4
15.2791195,-5.7857804,1
27.162172,-3.8506236,1
-0.48901904,27.412382,5
7.9689665,3.9379253,4
3.7023199,0.9081305,6
1.4767244,2.6834507,6
-4.187956,3.7192788,0
1.2720768,3.7719078,6
5.97515,2.7872815,9
-1.3395078,-2.4065115,2
0.42140698,5.1677256,6
-0.89163435,-2.2958522,2
10.854004,3.6297417,7
18.362507,-0.611,1
22.186672,14.947521,7
7.8798223,2.8058329,9
8.643209,7.9268374,4
-2.5774305,-0.2176835,0
-3.0643988,-0.18435407,0
-1.2341498,0.12555987,3
-0.29227924,-0.060840473,8
-0.13187401,-1.1991065,2
-1.2738823,-2.213089,2
-0.7629703,-0.70325094,3
19.008808,-2.2769847,1
-1.5122931,11.838876,6
-4.345554,3.1238303,0
-0.43440813,-0.24008036,5
30.780245,21.493843,7
1.354447,-1.0613602,7
4.5136895,2.3837864,9
2.5194445,6.6557026,2
1.1214287,3.9445038,6
17.204857,9.088254,7
3.1614866,-0.8674897,9
2.0056238,-0.65093064,7
-0.26948434,-0.52644265,8
0.4282503,6.9520893,6
0.24862152,-0.81892776,8
-0.060957126,-0.34900266,8
8.005989,7.795255,4
1.2520086,3.4429622,6
1.7521263,-3.4879024,8
2.4381642,2.1153548,4
16.177856,-0.64578915,1
2.6173143,6.6684513,2
0.45702398,-1.2102023,8
-0.88835526,0.57339,1
-0.5975994,-0.24290706,3
4.4336004,2.3747516,9
7.091102,4.163679,4
-2.2738612,-0.27523917,0
2.8052258,-0.54974186,3
32.05445,17.484665,7
-0.5712459,-0.3348081,3
-0.20201488,-3.8063822,2
-0.947359,-0.58227354,3
-1.6493895,0.4959749,3
27.226442,14.173785,7
-0.85457975,-0.044660836,3
16.194927,8.18718,4
-3.3476398,4.224096,0
0.8201318,4.980332,6
-0.0241407,-0.78624636,2
-2.7762642,2.179513,0
-0.7558316,-0.3252223,8
12.11795,-3.3366914,1
-1.1418345,-0.11134997,5
-0.815742,-0.4340851,3
0.3287253,-0.961941,5
7.680845,10.716211,4
12.472851,-3.9680192,1
26.055084,13.44458,7
17.536354,-8.439196,1
-1.3491102,0.40118963,5
43.82718,28.29574,7
-1.0218973,-0.71911716,5
22.744987,8.276775,7
-0.29942456,-0.22960387,3
2.218236,6.631862,2
-0.5312103,-0.9565152,2
22.199245,11.621053,7
-0.23050617,-0.08160418,3
5.43032,0.25479302,7
-1.5176251,1.1193779,3
34.96586,35.145676,7
-0.8684638,0.02251634,8
-0.79128474,1.5634655,5
2.4478498,5.8535056,4
-7.6909904,25.86361,5
-0.22617851,-2.5918849,2
9.215916,12.982559,5
0.59610975,5.288996,6
-0.61695236,0.55295575,5
-1.467278,-0.6310002,3
0.7958875,4.999083,6
31.202637,9.001451,7
11.845358,4.673654,4
21.808483,2.2129319,1
24.79061,26.210396,7
17.433668,-2.1036315,1
-0.36687613,-0.5493548,5
-0.21956038,-1.1020803,2
-0.5267103,-0.5362231,3
-2.613924,5.4477763,6
-1.5024904,1.350206,3
0.26263896,-1.0121133,1
12.795044,16.49676,4
-0.5257703,-0.97649,2
0.86064124,5.874436,6
9.091678,16.480982,7
6.0076914,3.6231341,4
-2.4350517,-0.31294572,3
-1.117072,-0.9348649,8
-3.891466,6.808809,0
0.29642248,6.671379,6
-0.27194804,-3.2405028,2
19.53984,0.21512935,1
1.2585133,2.7161355,6
2.441077,1.3297473,5
0.11099,-0.18765403,3
3.2891269,1.7005726,9
19.430021,-2.7070494,1
7.1734266,2.7891603,9
1.1481345e-05,-0.1969681,3
0.1220005,-1.0949444,2
16.005388,-0.64329594,1
-0.7655117,-0.18253954,8
6.0402193,2.7104735,4
8.556058,4.0758977,4
0.16623557,6.804184,6
-2.0258768,0.5932123,5
-0.06836478,-0.7249107,8
0.32092452,7.4676228,6
6.258019,2.3391237,9
31.460155,22.083279,7
24.96829,12.259414,7
-0.5277365,-0.5510789,8
0.6071805,4.0744,6
6.89472,3.1177082,9
2.1843119,-1.2482231,7
0.81088233,8.772636,3
5.3150496,2.272148,9
6.9207983,4.158101,4
-4.192662,0.55196327,0
-0.5049277,-0.10280211,5
-0.22979487,0.08360021,4
1.2367717,5.5609226,6
3.8056083,2.7541833,4
18.17605,1.0416837,1
-0.020572059,-0.61326355,2
-0.31376946,-0.42588335,3
-3.7968528,1.3264072,0
-5.4091544,2.6036065,0
-0.12630488,-1.1777642,2
1.2517037,3.3007889,6
0.96891713,2.4032636,6
-0.7055455,-0.53150123,5
28.323502,10.439238,7
-2.8592699,2.5348775,0
-0.1417953,-0.6113143,8
-0.023577094,6.0529776,6
7.314974,4.938074,4
33.408783,22.91555,7
3.8025904,1.548824,9
-3.5343266,6.1317225,0
21.307255,6.591836,7
-0.098502755,-1.3271501,3
10.234327,13.095098,4
-0.0770732,-1.265347,2
10.051277,-1.8077374,1
1.0861893,-2.3495777,8
0.2588008,-0.91966414,8
-1.1390127,1.2520905,5
3.8550858,2.016048,9
-0.29397404,-3.9623823,2
9.824455,6.155717,7
18.61228,-2.6594658,1
0.05981247,-0.4335734,8
-0.7316541,-0.11172882,8
-0.87273496,-0.9477782,8
1.47318,-0.9594114,2
16.346241,8.551268,7
0.18520117,6.762534,6
-4.7058387,9.424389,0
11.868427,-3.7023132,1
-0.41616094,-3.2055867,2
18.737766,14.788694,7
14.429171,-6.518945,1
-4.2585573,3.9140909,0
0.11941041,-0.2361239,8
-1.6884924,0.6983913,3
-3.0498624,10.987658,6
-2.979762,4.7455106,0
-0.75178766,-0.3757531,5
-1.6644871,0.630972,3
2.5868273,3.4704108,6
-0.46260223,-2.756802,2
0.72154135,-1.127089,8
3.3727527,-1.0033444,7
-4.3115096,1.9454104,0
24.906868,-2.3747048,1
4.4739532,2.503124,4
-0.10583834,-1.0993315,2
13.562219,0.061093226,1
21.9345,-0.18598521,1
3.4014816,1.6385283,4
10.344765,3.3321853,4
3.2222562,2.0748634,4
3.6238608,1.2451499,4
6.95321,-0.09262127,7
20.16366,-0.8616906,1
0.7325311,6.4766383,6
-0.31221834,-2.1494322,2
-0.64995533,-0.12611406,9
5.081056,1.9451858,9
-9.324138,3.5280437,0
-2.8004277,2.5693703,0
21.188345,-4.116965,1
2.06564,-2.0205677,8
-0.85764414,-0.46260455,8
7.924423,3.654909,4
-0.6214058,-0.38630468,3
7.710871,5.030659,4
-0.14690979,-1.9369015,2
-11.67949,5.251165,0
-0.9252758,11.867899,6
23.678528,-3.3143406,1
-2.778111,7.4954214,6
11.8145075,-2.0333834,1
-0.18046002,-1.5306419,2
-0.60100675,-2.073452,2
-0.096125945,-1.0621113,2
22.310629,1.0680152,1
1.2285548,3.7560785,2
-1.4514091,6.8496013,3
12.749402,24.51525,7
-0.2803071,-0.61135745,8
7.782899,-0.9139891,1
-4.616591,3.2089539,0
-2.814076,3.3643541,0
-0.16662018,-1.7067714,2
32.33612,-2.1752596,1
1.2292826,2.5885253,6
0.912048,3.355179,6
-4.6824083,3.1282406,0
15.138919,-4.190824,1
0.27232552,5.617905,6
-0.31248862,-1.469774,2
-1.696033,0.646637,5
24.460949,-2.6464298,1
18.418707,29.441734,7
4.009456,2.3464046,4
0.2561839,-0.74596435,8
0.21170238,-0.6764384,2
16.289148,-1.3495947,1
4.6037683,2.0787895,4
-0.15512638,-0.36222172,3
0.40617105,-0.9006933,8
0.9139445,-0.66872483,3
7.8514366,3.0113196,9
3.0481644,2.0126386,9
3.2194839,1.7254148,4
7.9443364,10.645767,8
-1.5000287,0.38827166,3
5.5093937,2.1986177,4
29.200588,10.5662155,7
-0.2326741,-1.7322662,2
24.155079,11.973582,7
-2.289753,1.1170894,5
45.906525,31.151386,7
-5.264144,3.7096832,0
9.256197,4.5934854,4
-1.1825913,-0.12681651,3
-1.5441687,0.9360469,3
-0.12763815,-1.1828736,2
1.36411,5.950018,6
14.51987,7.6243086,7
0.14468813,8.831463,6
-1.2102784,-0.3760712,0
-3.4136548,1.2831799,0
0.7400663,2.5779767,6
59.894722,49.695076,7
24.133846,20.46108,7
-3.3365693,2.5899472,0
-2.3088577,66.806854,5
-0.8311532,-0.05531141,5
0.28834146,-0.63584226,8
12.729589,-1.792524,1
-4.1037254,1.3688949,0
19.542868,7.3690863,7
-2.6184924,1.6925068,0
-0.14228143,-2.276793,2
0.19269216,-0.22208017,8
13.372291,-2.3149261,1
-0.43339202,-0.37077025,5
-2.8679888,2.192874,0
-1.6929599,-0.29736114,8
0.023323946,-0.27458397,8
-4.171834,3.2770772,0
-1.4617316,-0.26433682,3
-0.17387772,-1.0164418,2
54.27561,22.789042,7
1.3874933,-0.5144219,7
-2.3752596,-0.9200105,2
-0.20771861,6.600206,6
4.837164,2.8295166,4
6.2458286,2.0932763,7
7.872741,9.267456,5
-7.1165733,21.632256,5
11.004718,6.040811,5
-0.15229362,-1.2269243,2
4.448034,2.2891521,9
-0.49508283,-0.73627484,2
-0.4197466,-0.5470973,8
7.2911034,17.10947,4
-1.5846524,6.8358393,6
0.2736672,-0.8697669,8
1.4797053,-0.9888222,6
-2.0401196,0.48946372,5
-4.779125,3.7848248,0
-3.0110195,1.0873482,0
-0.99089074,0.8857262,8
0.84943056,-0.40386397,7
0.7266556,5.6580195,6
13.200789,-6.6318727,1
10.506798,3.4378502,7
25.812626,-0.21767884,1
10.372476,-0.6904827,1
-0.51588124,-2.9300315,2
41.04178,11.098518,7
2.5953867,1.8530424,4
-3.3838599,9.397288,0
-4.108788,2.4862056,0
29.856615,13.710465,7
62.22993,32.346775,7
-0.17373776,5.645051,6
-0.52842385,-0.4810506,3
-2.288542,0.027808487,8
-1.3834162,8.454547,6
9.923108,4.730015,4
-0.29340526,-1.7489796,2
-3.0141876,1.8824667,0
8.506578,0.16824307,9
3.39543,1.5937252,4
-4.273348,2.6892626,0
-1.0637332,-0.5288915,5
73.106285,18.562548,7
0.27734485,-0.87692434,8
0.08448939,-2.749004,2
14.455528,6.3695135,7
3.8989215,7.804206,4
28.006783,15.103664,7
17.463587,-0.09262094,1
25.317055,-3.52275,1
-0.10706431,-0.72011876,3
-1.0966029,8.934647,6
0.08910692,6.1754556,6
1.5142641,6.4710584,2
2.3768065,1.7702221,9
15.044931,-2.8298178,1
7.677291,2.3397646,9
10.7403755,5.968835,4
2.1571002,-3.6599205,8
-0.64908653,-0.40519196,3
-0.15962124,8.185155,6
8.556306,4.4199057,9
-0.67022324,-0.2982244,5
1.9215372,1.6971672,9
0.47998607,5.2431116,6
-0.27568656,-3.3217113,2
4.0782228,2.4958653,4
-0.28828526,10.5004225,6
17.635954,9.492408,7
30.846092,15.901985,7
-7.6871014,-0.41734076,0
-0.044646263,7.1532817,6
0.27028608,7.326641,6
3.695349,2.2676582,9
11.4306135,19.391642,4
0.40313038,-1.1257129,8
-0.48671454,-0.32004863,3
-1.6413318,-0.30193505,5
-1.1137652,-0.94589734,3
4.006187,1.7559936,4
8.652189,4.570609,9
-4.2505355,-0.2938515,0
-3.79497,7.23673,0
-1.5767617,-0.11431497,5
-1.0793818,-1.9545203,2
-1.1555147,0.88187647,5
-3.62198,2.4834747,0
16.399578,7.284872,7
30.148571,-2.0044184,1
13.313682,-2.470677,1
14.968455,-2.4568017,1
0.32742393,3.8453674,6
31.630594,24.341105,7
-2.141172,7.158365,6
28.503222,14.802099,7
7.710705,4.5379896,9
-2.5389252,7.1781645,6
0.12962985,8.329313,6
16.60737,13.14183,4
12.774797,-0.21937849,1
10.380894,4.371631,4
-2.8641334,6.741106,3
12.969118,-2.7828798,1
25.688553,-3.592637,1
-1.0394503,-1.9176662,2
2.2745771,4.964037,2
7.5835514,2.2188268,4
20.504503,-2.953254,1
-2.852075,3.1344662,0
-0.86016977,0.00658451,8
0.85552317,-0.62610376,7
-0.73670554,9.649155,6
-1.6844648,1.2959749,3
6.459775,4.991662,4
-5.1777453,2.71804,0
-2.6212788,-0.4312374,0
2.139229,3.3147016,6
-1.9801936,1.1132507,3
-0.9948806,-0.24897325,3
-3.2934752,10.490339,0
21.894598,11.523972,7
13.047975,-2.832483,1
4.9939733,-0.5841955,7
20.919943,-0.751297,1
15.057043,0.06850095,1
-1.7475629,1.2377069,3
10.1071205,-1.6573426,1
-5.0528264,3.492198,0
2.5603166,1.9090241,9
3.005845,2.350824,9
40.99799,51.582504,7
-0.9375172,1.5490966,5
8.156518,4.406059,4
28.150795,2.3593771,1
3.4953792,1.6780053,4
0.13201168,-0.37632158,8
14.139129,15.664999,9
-0.0044816136,-0.2208052,5
-0.27259976,-0.11070262,3
-1.0107303,-0.80325353,5
8.842649,-2.2090912,1
4.2364087,2.1262603,9
-0.989921,-0.32166076,8
0.02577342,-1.2698983,2
1.0385356,-0.785762,3
-0.04364378,-0.38560602,3
16.092434,25.928785,9
5.776804,2.6447854,9
-4.3306346,-0.30968738,0
9.651871,-1.544288,1
-3.2802384,3.0779877,0
-0.07303339,-3.0422335,2
3.04407,2.0654178,9
-0.7233083,-0.18128006,3
4.437459,1.9151615,9
-1.5404351,-0.3583267,3
-0.9154681,-0.80383706,3
-0.952337,5.3563066,6
-0.20423041,-2.425844,2
0.40108785,-0.148613,4
3.8837545,1.9888359,9
-0.43831956,-0.43473724,8
-1.3129451,-0.20275012,3
1.3403406,-1.0490539,7
9.315602,3.50521,4
-2.1304617,0.28539306,0
3.4102159,1.855216,4
6.8271976,2.3585482,7
-0.11778997,-0.3011381,8
2.4869876,1.6831062,4
5.4974685,2.6701894,9
-0.23560566,-0.34715927,8
14.907717,1.6066527,9
14.344488,14.273136,9
16.307077,6.1297674,7
-1.1873012,2.8396919,5
4.769794,2.863659,9
-0.06436624,-2.2265263,2
-0.9767961,0.03087011,8
-0.038776934,-0.842336,2
-0.42079479,-1.1760302,2
-3.6114388,3.4063628,0
-0.24365704,-2.8762784,2
0.0456402,-1.2127959,2
-1.2741685,-0.022433907,3
-0.22777982,-0.29700488,8
1.6227732,1.9255719,4
0.6090212,7.2594213,6
-0.27492517,-0.32196796,8
4.080842,3.8731623,6
-0.9726805,-0.026988417,8
-0.109992996,-1.1152532,2
7.675241,3.0376546,4
0.28864884,2.6559224,6
0.799995,-5.049826,7
8.3041935,3.428668,9
-1.3132976,-0.1384978,3
-1.0326736,-0.32742032,3
12.4949255,6.4201183,9
7.7258663,2.7511044,4
-0.505835,-0.35702074,3
28.190567,-1.6018422,1
5.539129,2.2067196,4
4.4350896,2.1576807,4
73.721565,20.859919,7
-3.7172542,2.379516,0
0.60798967,-1.1483682,5
7.378541,2.3760333,9
0.26562393,3.7756484,6
-20.546276,13.214055,0
3.8601978,2.6873474,4
3.2461772,2.6114092,4
2.8729358,5.769913,4
5.7465005,4.377417,4
0.036836624,3.9163566,6
22.981522,-1.609626,1
2.005246,5.888566,2
-1.1216431,-0.90859115,3
-0.58816814,-1.0486355,3
-1.9686253,4.993916,6
9.603913,10.55412,4
-23.23909,78.32445,5
12.31711,7.645606,9
0.341738,7.375145,6
-0.7034083,-0.6297151,8
-12.796282,95.331955,5
-0.29817963,-0.54674745,6
-1.8748426,1.2037779,5
-1.5889761,0.80282086,8
0.21015799,5.2257013,6
3.3897662,-0.05347553,4
15.988278,-3.1996422,1
-0.94118226,1.1516117,8
-2.533773,6.973364,6
-1.4787866,0.42150655,5
-0.067897305,-1.1114162,2
-9.056818,62.827328,8
4.038509,2.219941,4
-1.4910896,0.091811806,5
-3.2620223,54.031033,5
8.856193,3.4841125,4
25.801994,16.379457,7
1.0731514,-0.50547713,7
-2.553521,2.0476086,0
41.747234,46.17798,7
0.27016044,-0.8417156,8
0.013784751,-0.668003,2
2.091319,4.801466,2
-1.6638459,-0.19837606,3
2.7131557,-1.8951427,7
-3.6739078,3.2235172,0
26.787973,0.15479857,1
-0.08019958,-0.2944706,8
-5.960943,-0.3475262,0
34.878696,9.682788,7
20.330685,-0.40483335,1
7.7568345,5.2568893,9
0.3501132,-1.0172968,8
28.864967,10.288636,7
0.84506613,-1.1563983,5
-1.7353579,0.5107818,5
5.554044,1.9799836,9
13.026093,-5.685604,1
29.824184,9.657249,7
-9.1407385,96.67244,5
2.075849,1.7773329,4
-1.2692257,0.045975357,9
24.813248,2.6399882,1
1.1533176,-0.62263453,2
-0.12744753,-1.1941231,2
23.888252,0.30644983,1
-0.20574516,3.9222374,6
0.92723763,2.9963176,6
4.329485,5.6099305,7
9.742329,-2.289693,1
16.764637,-2.2377887,1
4.8713923,2.6111536,4
-6.1791797,-0.16049767,0
23.28389,14.971102,7
6.4253316,3.6696796,4
-0.14166687,-1.2543248,2
5.252922,3.069315,4
-3.6329005,4.5876794,0
0.94112575,3.1054933,6
5.108512,2.9755354,4
28.939613,11.75325,7
0.091929674,8.791889,6
12.793896,7.7083607,9
-3.3576756,7.59546,5
-2.3424623,2.1231089,3
4.7765164,2.6140637,4
-0.8383436,5.0923185,6
-1.3585334,54.04871,5
-7.295709,5.299909,0
22.996656,-2.6888146,1
-0.5091882,-0.019174308,8
2.1849933,-3.4299219,8
-1.8896592,-3.373877,2
-1.491484,-0.76230526,8
-1.13967,1.1512088,3
-0.9270879,0.8572556,5
23.051937,11.753927,7
0.3472414,-1.1632587,8
-3.6901991,4.9196863,0
-1.3130728,-0.052978665,8
-0.64379233,0.48749682,5
23.981407,14.059109,7
11.691647,-2.4520953,1
16.213566,-0.8367274,1
-1.8756026,-0.37546542,0
16.066545,-0.24990642,1
-1.0155052,-0.029636443,3
2.5538454,-0.330004,7
1.2064503,-1.6971335,8
5.964606,2.8916633,5
-2.8853805,6.8840785,0
18.88908,5.966456,7
13.059314,-1.0475231,1
19.82276,-0.13091576,1
-4.414965,4.8341627,0
17.551664,0.22035417,1
27.882513,-3.1380885,1
6.2591333,2.2248113,4
0.71452844,-1.0070615,5
-0.06871088,-0.9741471,2
8.064428,3.3269546,7
0.89259076,2.831891,6
-0.10048555,-1.0788183,2
-1.0272906,1.2253315,3
-6.3424816,3.545385,0
-0.7306493,-2.1944993,2
-4.0201383,9.671923,8
8.192065,18.687593,5
5.841348,3.128052,9
0.9719293,2.7646322,6
10.807426,6.0039835,9
20.194706,11.194084,7
-0.7924067,-3.1691704,2
29.492819,-1.8747995,1
-0.78247863,-0.5088985,3
0.8168,4.641692,6
6.6637325,8.663308,4
13.954362,-1.1752801,1
-0.152607,-0.19899404,8
-1.1311879,-2.6481216,2
7.5149193,3.2225003,4
-4.2776103,2.71679,0
-1.2881061,-0.0048237443,5
12.39166,-2.0352886,1
-5.789292,3.3251414,0
-2.6900735,-1.2318952,2
2.2277598,7.0412974,2
1.2374946,4.5924997,6
4.053466,2.287586,4
2.9208062,3.070951,4
-0.2386975,-0.51663446,3
11.271479,6.544034,9
1.1145504,6.682202,6
13.253223,-1.8616838,1
0.8959122,5.9381814,6
-0.78944516,-0.1880323,5
44.324444,24.394642,7
7.372352,2.1576815,9
-0.11726765,-2.2925637,2
-8.512355,11.913968,0
-0.019799724,-0.7696107,2
0.1404655,4.6720715,6
-2.9731085,5.0956635,0
16.886793,-1.0888058,1
8.249651,4.599865,4
-0.40978608,-0.50548446,3
0.56696856,-0.14045529,5
-0.037089884,-1.1317203,2
0.2971641,-0.83219,8
0.23701489,-0.69477767,8
-3.8835258,3.5115929,0
0.49947822,-0.58922106,8
-0.4595365,0.14878604,8
13.592085,3.3729367,9
-2.622054,-0.2771479,0
7.3443003,3.9049087,9
-0.61260736,3.546785,6
12.0114,18.985031,7
0.21192908,6.317683,6
-0.6477694,-0.18108594,3
-0.54509246,-0.502254,9
-0.32708344,-0.39605147,3
14.455832,12.319775,4
18.254827,8.01662,7
10.378072,3.8056886,7
6.3109045,-0.07533021,7
4.7728763,2.142757,4
4.43781,6.544692,9
-4.325815,7.32402,0
1.2239265,4.956943,6
11.621212,5.0978513,4
-2.1105955,0.68470144,8
1.4688565,-0.17669731,4
-0.13502409,-1.6237912,2
6.646182,2.9152048,7
-1.9140786,-3.3297176,2
1.1301603,-1.4872124,8
12.032784,-4.1016045,1
-3.9198337,0.5004776,0
-4.151147,0.4063726,0
2.22531,-0.6946611,7
4.3564963,20.16328,8
-2.1321688,5.176833,3
-0.3108784,-0.5296201,3
-1.7262566,0.7352495,3
14.850817,0.00868696,1
-0.24419668,-0.103280574,3
26.418558,16.55197,7
-3.402649,10.7113,6
31.13653,-1.5339584,1
-0.64993584,0.11819679,3
31.350712,-0.25815153,1
-3.3952641,9.553389,6
1.249342,3.740944,6
-2.5885086,7.748946,5
6.5525107,-0.65633065,7
3.0627553,3.679698,4
20.842129,17.367142,7
-1.17427,1.6501244,5
4.641293,2.248584,9
-1.1167008,0.11408095,5
4.2214475,-3.5625038,8
5.597331,2.3670664,4
4.0251455,2.059195,9
16.404726,15.799024,9
28.987757,-1.993459,1
3.8035975,-0.14714405,6
4.659394,2.3172648,5
-2.9955835,1.1583924,0
20.512615,-0.48460093,1
-0.4713097,0.14410432,3
0.0924463,-2.3909273,7
-6.837471,2.927013,0
3.5176134,-0.7346243,3
4.095289,3.1042235,4
-0.217477,-0.544924,8
0.0887898,-1.0072936,2
0.20338693,-1.1055701,2
-3.5265846,1.2048054,0
-0.24855359,-3.100625,2
0.30688903,-1.0029612,5
28.988214,-1.6993356,1
1.8016852,5.8011093,5
20.123991,-0.14394793,1
0.19190335,5.7661457,4
0.14277466,-0.49530467,8
-0.98979247,-0.6700187,8
3.8447013,2.164456,9
21.042965,-0.64527637,1
0.57541287,-0.78594154,2
21.2673,1.1878743,1
-0.7803649,-1.1204185,3
-1.5633907,1.7408302,5
10.74801,0.13078444,1
-11.18837,3.657744,0
2.9839046,1.7924912,9
3.3060012,1.7355465,4
4.872058,2.201554,4
0.15159829,-0.11277218,8
-0.680366,0.21144319,3
1.612083,-1.2861193,2
-1.146882,1.5683854,5
8.663209,3.4846463,9
22.39087,16.550493,7
1.0112857,11.977741,6
-2.0813231,3.6495,6
-0.48563993,-3.085886,2
-5.0667806,3.7678785,0
-4.799806,6.652168,0
-3.0695019,2.2361352,0
8.929005,19.50411,5
0.7746638,-2.2134917,8
2.0861466,-1.8657906,7
21.62867,-3.838901,1
-0.74226576,0.22900635,5
-3.1118903,7.1279974,2
-1.3606838,-0.45721686,3
-0.3319431,0.112583265,8
-2.6667008,40.071606,5
15.256424,-1.8204136,1
-0.3220841,-0.42473692,8
2.7009864,7.1715293,2
1.1821957,2.7565641,0
2.7818234,2.0058446,4
3.555077,2.7717602,9
2.4077992,1.6356194,9
0.943117,3.245418,6
-2.2862852,-3.0597887,2
-0.2817192,-0.41225907,3
-0.5919708,-0.501142,3
-3.7668355,54.432827,5
0.7462168,3.4054496,6
2.0935283,1.5613823,4
-1.1523398,-0.7875533,8
-4.0980854,2.3713746,0
1.4821332,-0.39175054,9
0.8414745,-0.27802205,2
-0.54862463,-0.5932269,8
0.023254074,-0.7833079,3
1.018451,2.380124,6
43.233326,9.009569,7
0.6791309,-1.2658179,5
3.2412705,-1.4590678,7
0.076923706,-1.5793704,2
3.2691195,1.9067762,9
1.3341273,2.2443914,4
7.4033093,4.0843625,9
25.742777,-3.09551,1
-0.82979673,-1.8161664,2
0.422805,-1.4938563,8
1.5492194,3.485891,6
-3.1709168,-0.44529307,0
1.0692259,-0.58310944,7
-5.0409007,1.1063838,0
4.152656,2.4743109,9
22.877806,-2.0178392,1
15.795666,-3.8548493,1
-0.15472598,-1.4134172,6
58.905083,14.66491,7
-16.607504,53.055805,5
7.784563,2.2540472,9
12.373373,4.6316395,9
15.501105,-3.2400203,1
2.489724,1.5709953,9
-0.8731507,0.04151301,5
4.6792974,1.5338403,9
-0.23848756,-0.8328416,2
-0.8986777,-0.5517217,5
-4.0093718,3.0827475,0
4.897872,2.666182,4
23.612392,1.1282464,1
-9.118217,4.2122564,0
0.36101842,-1.0167565,8
10.068628,7.505989,9
-6.8620787,4.273741,0
-0.81863153,-0.66191536,8
8.701767,5.5543747,9
0.27050593,-0.78804415,8
11.99134,7.5204306,9
2.2693691,2.2938645,4
-0.8116293,-0.3232807,2
-11.5372095,37.125965,5
18.719755,8.8702965,7
2.6367106,2.7211556,9
0.18303284,-0.37360966,8
5.4396014,2.3434565,9
0.10379763,-0.29595584,8
-6.497629,3.4908507,0
1.9901589,1.6291966,9
2.1574512,1.7399802,9
0.32212853,4.5776515,6
-0.6671589,-0.093783945,8
3.2222793,1.7431607,9
10.568821,6.304861,9
-4.1207347,57.80405,5
16.54308,15.282802,9
1.0195245,-2.71043,8
1.2022812,4.4617667,5
16.48547,-2.1419327,1
-3.3612947,3.5636208,0
-0.39836705,-0.46317554,3
-0.088310905,-0.24035716,3
-0.3595058,0.06545487,5
-0.2901752,-2.143587,2
10.740831,-0.9903357,1
1.2126936,3.4183054,6
-3.134742,7.5332384,5
-3.8538966,3.718822,0
0.10327192,-1.3556452,2
-0.009038925,-0.22703487,8
-0.66994953,-0.3217424,1
-5.202254,55.29417,5
-0.23186326,8.393026,6
-0.30414432,-0.7829548,2
-1.4080689,-0.45300257,3
-16.937044,13.72446,0
-1.2689912,-2.7474782,2
2.6556087,8.137625,2
0.112286806,5.514776,6
7.879276,4.269434,4
-0.12468081,-0.12105119,3
-1.5550795,1.1545484,5
0.6278062,60.238808,5
15.933479,-0.5581973,1
77.001236,23.142029,7
-0.10838248,-2.9108467,2
15.68405,-2.549356,1
0.564162,5.41354,6
6.7147985,3.3813272,9
10.672337,-6.425155,1
-0.19699419,-0.3841219,9
8.533663,5.077658,9
-1.2249386,-0.37481734,5
-0.8954203,-0.04374224,5
11.493011,-0.9207481,1
0.7936299,7.242144,6
-2.2058616,-2.3181105,2
-0.590507,-3.1829891,2
0.18502693,-0.6355141,8
0.6347443,4.6450677,6
19.077816,10.02228,7
27.43906,-1.5501013,1
10.859867,3.9582405,4
1.2481418,2.4228745,6
-13.218302,4.7472777,0
0.8438904,8.048834,4
-4.0513053,1.7413386,0
-0.6511512,-0.044981673,3
-1.3536791,-0.023246646,3
-0.9624711,-2.4214084,2
0.17301668,-0.03069171,2
-0.87046564,-0.33902162,3
1.2142066,3.3086987,6
-0.6879237,-0.29966086,8
9.435256,2.8185368,9
-0.3759004,-0.5093839,8
-0.93471754,-0.66825426,5
-0.74799955,-0.43265614,3
0.14349265,-0.17982651,8
0.44268,1.721001,5
4.8238983,3.2847714,4
-0.69308364,-0.2719711,5
-1.0296057,-1.5706016,2
-3.6478746,3.3728542,0
-10.252505,70.30531,5
-3.1250339,9.58475,6
-1.1788222,0.35287288,3
2.2790666,7.7360916,2
0.15029547,-0.2924274,8
-1.9377636,0.66740173,3
1.6276448,1.9781964,9
12.974863,6.1086564,9
-1.453031,0.5538754,5
16.92423,5.8970423,7
13.142893,7.321288,9
3.7600203,3.6271262,4
-0.19053459,8.076367,6
23.839394,11.117121,7
25.056225,-2.249377,1
-2.5054228,4.969322,3
8.517774,0.044764455,7
-0.31231773,-0.37869325,3
-1.7190435,5.9185195,6
0.6778854,5.7232847,6
-6.8244934,4.237259,0
4.242432,2.361571,9
-4.8960757,1.5648756,0
14.944025,-5.2102194,1
5.1178193,-0.33320317,9
10.250299,4.1039934,9
0.010780871,-1.2074219,2
-0.27237976,-0.29929787,8
-1.2701994,1.2632439,8
-3.7685466,9.40473,0
18.50701,-2.646165,1
0.65580845,5.7039633,6
3.4177797,1.2009562,9
27.190092,14.784156,7
0.28489277,-1.368653,5
-1.0739285,-0.45221737,3
2.8010027,1.9007235,4
47.784348,22.673298,7
3.200376,7.1117253,4
3.9882524,1.9057169,9
-0.41405517,0.13588138,9
8.81996,4.504519,4
-1.1612221,-0.8769535,3
-2.1556683,9.762483,6
-1.9063201,1.2894424,3
17.402958,-1.0296884,1
12.92459,-1.300933,1
9.423933,3.6167853,7
-0.046265185,3.7794776,6
9.575461,3.3110578,9
16.349876,-1.1225001,1
-0.9223695,0.599529,8
1.9560628,1.7601893,4
-0.09205693,-0.42675358,1
15.940413,-0.71427923,1
5.281398,7.6394763,9
15.965082,15.110151,9
11.871918,13.399237,4
-0.3513391,0.11808659,3
0.081031084,6.914241,6
0.19388238,-0.5997038,8
17.566107,-2.0127845,1
0.12615073,6.5078497,6
-6.0906754,2.4449325,0
9.37547,5.3023534,4
17.22258,0.22429904,1
-0.5068758,-0.116122365,3
13.14901,5.3807464,7
26.797163,11.507481,7
1.9690288,-0.26389882,4
10.098665,2.7590852,9
-0.9159929,-0.2719338,5
8.878863,-1.9827437,1
-4.768555,-0.16543257,0
-4.55361,-0.20861518,0
11.134281,-0.48361945,1
12.014448,-0.49208796,1
-0.0778358,-0.71293426,6
-0.022581965,-0.9541389,2
17.142475,-2.6323948,1
5.881427,3.1955717,9
-0.5684321,0.17968357,8
3.6157627,2.2479095,4
-5.9782777,2.0553565,0
-2.559541,1.2488201,3
0.5082487,3.4017324,6
5.387689,3.1321697,4
9.349899,3.0266225,9
-3.387061,-0.111627996,0
32.05879,17.724628,7
19.856295,-1.3959081,1
1.2562732,2.9664073,6
-0.7146265,-0.29150277,5
14.64921,7.273101,7
-1.1129007,-0.51041275,5
-1.1769813,-2.701587,2
10.126487,6.2185097,5
19.005312,-0.3119154,1
-0.61259025,-0.6213827,8
-0.29095638,0.10095389,5
3.4725134,2.205479,4
29.425056,18.75565,7
-3.3654242,4.148824,0
-2.4521244,5.614548,6
37.910492,24.882433,7
1.3890748,4.5750566,0
0.042934105,-2.3370671,2
-1.7525961,2.4765818,5
-1.1658918,-0.007604271,8
13.63087,-0.11563115,1
-5.371609,2.6710224,0
6.501088,5.2363753,4
0.5621664,-0.9366217,5
36.135773,17.918457,7
23.862965,-0.80601954,1
-2.76301,2.0088596,8
5.9899693,7.597988,5
26.231724,1.0247235,1
-1.1633087,-0.8412743,9
-3.4678934,0.1614067,0
-1.6724787,-0.2588649,0
-3.3214417,9.226445,6
-6.125073,1.5626028,0
41.521286,20.707262,7
-0.42270124,-0.41245812,3
15.873445,-0.36460322,1
-0.9718964,0.2941607,8
-1.2583051,0.44726348,3
3.3080864,1.5438677,9
43.102234,20.70409,7
-3.0014205,2.223413,0
-10.8035755,5.011578,0
0.8562974,-1.3151388,8
4.3183727,2.2948895,9
0.72486496,7.2650285,5
3.797378,1.7613081,9
1.4752282,-3.0295227,8
-0.9335237,-0.4214633,3
-0.44018257,-2.6031413,2
34.41791,37.04782,7
0.069160655,-1.6836964,2
10.411737,4.018058,9
63.352932,13.893977,7
-0.2644167,-2.1812897,2
10.50283,-1.197895,1
12.184267,-2.1026545,1
0.35949117,-0.7318953,3
22.462952,11.096876,7
-1.3565619,73.55416,5
-1.3188524,-0.14293617,3
12.183687,-2.0407014,1
1.9189385,1.7228684,9
1.0891742,-2.1046758,8
-0.12530021,-1.1739141,2
0.17703792,-1.8916802,2
-0.97781074,-2.2642784,2
-1.485686,0.52550054,8
0.3271048,-0.9662372,8
-0.70933306,-0.31059292,5
23.17346,12.462581,7
-1.4763677,-0.15811709,3
-0.598431,-0.69403905,8
3.3085258,2.2146463,9
0.11110764,-0.34281024,8
-0.5339651,-0.3158531,8
-1.0393677,7.46786,6
-0.3830967,-0.62670434,8
-0.02899322,-1.2150078,2
-0.9694387,-0.21340695,3
11.148967,4.3317156,9
25.69822,11.881683,7
1.6605165,-1.6218282,5
-0.33132792,9.0188465,6
-0.39494294,-4.634492,2
9.974943,5.0599413,9
-0.4526152,-1.2507888,2
0.15975642,-0.5787269,8
0.2726367,-0.7016214,8
11.105724,-1.721966,1
1.5300026,2.7062745,6
1.1344209,4.856425,8
0.5423087,-0.41735205,8
26.023533,49.11772,7
10.906639,3.637511,9
15.310184,-0.058002442,1
-1.1912252,-0.38213515,8
-2.5086277,4.3111014,0
13.126883,-1.8437564,1
23.002064,7.728525,7
-0.73737925,-1.7540401,2
-7.5795393,4.869901,0
72.34868,28.001043,7
5.0844955,-2.0629528,5
14.250735,-0.57915366,1
3.1253917,2.5498161,9
-5.121016,0.112564206,0
0.014535591,-0.63802946,2
-6.1018553,5.790702,0
4.164883,2.461282,9
0.15197222,-0.02472065,8
-1.8872609,7.059265,6
2.3648224,6.0172224,2
-0.9407583,0.51915836,3
-2.594002,2.6140788,9
-1.6311821,0.8495573,3
-0.12848209,-0.36609402,8
-3.1660552,5.4351225,0
0.1783889,-2.1291852,2
15.311892,-1.8683454,1
10.406197,-0.8036289,1
36.229137,0.17128801,1
19.469486,0.83454883,1
7.702812,3.7990136,4
-0.8138201,-1.850874,2
11.439904,5.6253004,9
24.075748,23.68492,7
29.368057,15.858485,2
-0.25383386,0.55413324,5
12.1781845,-4.136239,1
15.829583,-0.61288106,1
-0.6040736,-1.0393381,2
19.524784,-0.58803034,1
6.2623687,3.2705636,9
3.4968996,1.7627504,9
11.798405,5.074238,9
14.08153,-6.287226,1
-4.006256,3.9337013,0
4.175679,5.62997,2
-7.4932723,5.9338365,0
-1.0384446,-2.256748,2
16.501842,-0.12590694,1
14.881483,-1.4840765,1
3.8471737,2.1698234,4
0.7365339,5.376211,6
8.186003,2.6149561,4
14.246197,0.022016004,1
-1.2767426,-0.50264937,5
4.1872206,1.0925984,4
8.913185,5.8286505,9
14.844467,4.808079,7
31.788746,10.816363,7
11.385029,0.80524343,1
0.10076803,-0.43157744,5
1.294179,4.548354,6
2.2067654,6.2457213,2
-1.225812,0.5911809,2
-1.1327786,-1.9688802,2
0.16008489,-1.1646293,8
-8.28556,3.3141704,0
-0.3293748,8.66931,6
3.6343122,1.9248621,9
-6.163251,24.759525,6
-0.59032315,-0.52265525,1
7.543215,3.7523527,9
24.21056,10.303066,7
15.481801,6.3684597,7
15.013867,-2.0844727,1
3.2264209,1.4103938,4
0.6215466,-2.1227171,8
-0.73496693,1.0600314,5
-1.3643761,-0.08641434,3
5.5973606,1.7123806,4
-1.2444123,-1.0890794,3
1.6199865,1.9190991,4
21.567825,7.1334977,9
16.47775,7.2149963,7
-0.74716306,0.6291622,5
-2.5478485,2.0669827,0
6.661939,5.891905,7
3.751991,2.470285,4
8.099152,38.843563,8
0.20822954,-0.45508853,8
23.608967,-1.0462164,1
1.3395746,-1.6956415,5
-1.3028302,-0.67989415,3
3.1675153,1.6518719,9
-4.742012,15.941474,5
4.83858,1.9855185,9
11.352385,6.285886,7
-0.8077487,1.6938633,6
2.9512944,1.324759,9
-4.1863894,2.4780717,0
-1.0313315,-0.48526964,3
-0.48843813,9.65499,6
-1.1452316,1.1764339,3
4.3975806,2.3793442,9
-0.36672032,0.1224508,8
-0.13298227,-1.3279147,2
-0.5720351,0.00027106702,2
28.718409,-1.6330489,1
-0.6360122,-1.671479,2
0.25159228,-0.6171969,8
-0.016999006,8.174235,6
-0.35707223,0.11971329,8
-0.98728436,-0.7747471,5
-2.3605723,1.6856632,5
-2.4444826,3.8833349,3
4.615426,2.9775662,9
7.2786117,3.3754694,4
6.473635,1.9338595,9
0.012787744,-0.6447277,2
-1.0735716,0.31255555,5
10.534555,-4.127778,1
-1.1120718,-0.15685564,5
19.94973,-0.6886891,1
3.50229,-0.22933495,4
7.569039,3.7745104,4
11.0644045,-2.1475058,1
2.6529062,2.2238925,4
2.5952563,2.3688126,4
-0.80431616,-0.7372918,3
-1.5217046,-0.2533388,5
4.978676,2.108308,9
14.685909,-1.0120999,1
-0.06968604,-0.9607871,2
-0.31897342,-4.8587294,2
-0.7414149,-0.37195215,3
-1.8861436,0.74407136,3
-5.383762,2.8232265,0
-0.8679357,-2.6661637,2
14.254795,6.3562584,9
-3.8286738,6.486367,0
-6.7394695,5.9483466,0
5.363199,3.5660462,9
-0.14743881,-0.3842856,9
-2.0670254,7.928881,6
-4.4984155,0.19899929,0
3.0519342,1.8270475,9
-0.9836297,-0.30475602,3
37.888847,38.34868,2
0.10873419,-0.27703774,8
2.9794464,1.5924544,4
26.107018,-2.8217452,1
3.5087018,1.9920931,9
19.158594,5.18851,9
16.582642,7.121274,7
-1.110961,-3.002992,2
1.9516249,-1.5823324,7
2.4721665,1.677607,9
15.018827,10.814026,9
-0.12828013,-0.65390885,5
5.483618,4.324398,9
6.187014,-2.8843198,5
18.514551,-5.708603,1
15.831287,-1.1589124,1
0.5246654,-1.7869251,8
22.8074,23.200016,3
1.2107575,-1.2461644,5
16.475607,-4.2558594,1
7.562249,3.4891462,9
-3.0106487,96.95966,5
-0.81593436,-0.33368397,3
1.7540923,-1.4100069,5
13.72497,6.0054035,4
8.846192,3.5211787,9
-0.7556776,0.23281175,5
15.622301,9.164198,9
-0.19358918,-0.1115372,3
21.021166,-5.308689,1
4.5021,1.953022,9
-8.965442,9.111736,0
5.77136,3.1397986,9
45.969093,19.376228,7
3.9364371,20.012436,5
6.3181353,2.2983117,4
16.217651,8.366663,9
-0.6070956,-1.7571591,2
-5.648596,0.14082038,0
24.13538,-2.2002015,1
-2.9312117,1.6166203,0
-0.56598973,-0.34911358,5
20.68086,-0.9117808,1
9.631311,4.822562,4
5.153454,2.0603366,9
-1.9945867,1.0600085,3
3.2612805,-1.0135617,3
0.70593476,5.6440744,6
22.851233,-0.6624473,1
-1.3035882,-0.09538251,5
-0.002270475,-0.9594438,2
-1.3362747,-0.3641718,5
-0.64222074,-0.7907375,2
-0.16522826,-2.796726,2
-3.3034728,-0.46593082,0
5.6967525,6.083855,9
-2.7278588,-4.376306,2
1.1045415,5.251875,6
0.5839727,6.868366,6
-7.8385377,6.32955,0
5.276197,-0.49551013,1
0.19466099,-2.518734,2
-6.2911763,2.9390175,0
-0.6638517,-0.5664329,3
-1.4425322,-0.33409745,0
-0.08379404,-1.1120597,2
-1.8999072,3.7176208,5
-0.52315557,-0.6122607,5
70.06463,15.500237,7
16.423058,12.081982,9
-3.0654001,5.94609,5
-2.0839565,3.097103,5
-2.2406957,1.6879364,0
0.14608131,-0.45947868,8
3.7118518,1.8923464,9
-4.6597767,77.29257,5
-3.5211477,3.162368,0
-0.8410882,-0.5776273,3
-0.22194956,-1.5442978,2
0.59678227,-0.60091615,5
11.602119,16.53417,9
-3.2873693,5.7058706,0
1.6633458,-2.3804498,8
0.08679846,-0.51201725,8
5.0181847,1.7640791,4
1.3260777,2.8137057,5
-0.40108258,-0.74700713,8
-0.45536256,-0.15913297,8
7.3349113,4.2541966,4
-0.6004751,-0.25532886,5
5.2610493,2.3704662,4
-0.75112313,0.90772855,8
-0.87786114,-0.0999755,5
10.8364,4.4536505,4
3.619918,1.3791472,9
0.03794223,-1.9481409,2
0.001915276,-1.2935106,2
22.269983,-2.36783,1
-0.096996054,-2.6255596,2
0.7882601,4.665593,6
0.011740696,-0.18996938,8
0.2402241,-0.74552286,8
30.744728,6.883527,7
-5.515497,-0.057430148,0
-1.1610928,-0.2890657,3
0.46831,4.9004283,6
1.3582714,2.4616315,6
7.456991,8.983853,4
-1.5489638,0.71263814,3
0.77563316,-2.3179686,8
-0.87283784,-0.15890086,8
5.1389513,1.6555804,7
-0.6447586,-1.8423886,2
-0.009997338,-1.160395,2
-4.9180727,1.3482876,0
-3.2958255,1.8002003,0
2.1305215,0.31282166,9
-1.1300689,0.1747081,3
13.939264,13.057181,9
3.0867348,2.9965966,9
17.948013,-4.015642,1
14.81002,12.614761,9
0.24577805,-0.6871371,8
0.4667971,6.8178225,6
0.35069036,9.975644,6
5.5497065,3.0710096,4
-3.791985,-3.9247653,2
1.0104607,3.675573,6
4.970234,2.1434896,9
-0.5792647,-1.6766553,2
4.2804217,1.5623397,8
-1.1734866,-0.29670224,5
2.973033,1.8088558,4
-0.7418617,-0.38836354,5
11.167505,15.030293,7
9.977007,3.6365976,9
5.9378796,2.248987,9
13.488115,7.527518,9
0.17301668,-0.03069171,2
22.891138,-2.7856607,1
-0.24849415,-0.27621013,8
-1.2243211,0.43293303,3
11.398178,4.19912,4
-3.297152,3.0275507,0
5.4071054,1.7001317,7
-0.17447437,-0.0971632,8
6.544469,0.41540596,3
6.8267417,2.630362,9
-0.47381938,-0.6976445,3
5.2846065,10.809248,4
1.5802916,3.7530715,6
-0.5210246,-0.088987395,5
1.2571267,2.8710773,6
-0.041071564,-1.7052985,2
-0.043134317,-0.64357877,3
5.725957,2.5367713,9
-0.27931625,-2.4187822,2
0.82213914,4.3168964,6
-3.304857,3.844341,0
-5.1505303,3.9575107,0
-3.8094382,3.03657,6
27.159225,-1.7021585,1
0.31543252,-0.60149854,2
-0.12419954,-0.2326419,8
21.153156,15.70524,7
1.2952255,-1.0096958,9
5.05324,19.984251,8
0.012595564,-1.3322655,2
-3.653211,3.041342,0
3.3684916,2.1794863,4
29.91671,12.858971,7
4.1942754,0.12389773,7
2.5101187,8.853978,5
-4.5462565,1.5782459,0
-0.3787052,-0.41309038,5
1.2600112,2.5487828,6
4.038497,1.725765,4
0.9652735,4.783106,6
24.945065,28.82212,7
7.752365,10.979178,4
-0.26567873,-0.41998115,3
-3.0940938,3.173432,0
47.998177,22.955088,7
-2.7155454,24.997911,5
-2.6470208,4.266965,0
32.079384,10.796685,7
3.3486822,1.9360889,4
-0.15872155,-1.0393898,2
-2.073666,5.1216574,0
-0.09124887,-0.28454718,8
12.958338,3.9926429,9
5.9804215,3.5154128,9
6.7351117,8.980509,4
-1.6420257,-0.5451448,2
12.428389,5.5180426,4
-0.0021762848,5.23924,6
48.291206,33.977722,7
-0.726259,-0.08649033,8
1.7355556,-1.3938357,7
0.972988,6.049868,6
0.62140185,-0.5230298,9
4.7150254,3.0976102,4
38.86753,1.9565296,1
-0.21152456,-0.13156615,3
19.9377,10.902825,7
-2.734331,6.60405,3
-5.3235044,7.4957876,0
0.12640442,-0.20932117,8
10.035978,2.879764,8
6.4425488,10.476416,7
1.2131135,4.040419,6
12.545589,0.7259717,9
-1.57281,-0.729954,3
4.9166527,1.7123733,9
-0.0137872845,-0.7465696,2
2.3594427,7.2547836,2
-0.68698126,0.21332018,9
-2.4649754,-2.2519143,2
8.847143,-3.681306,1
0.16038023,-0.079117656,8
0.16977037,-0.09799823,3
0.016878963,-2.5986757,2
1.7234919,1.9115573,9
0.45367074,7.5934887,6
0.7235171,-1.1742109,8
10.696424,14.15708,4
-2.9864807,3.348837,0
22.411634,-1.7702308,1
-1.2658616,-3.0353844,2
0.36100268,-1.0955657,8
8.123813,3.5546827,4
-2.1614401,26.541494,5
3.841575,0.6709428,2
30.606428,10.018177,7
1.5934137,-1.2169254,8
9.687857,-1.2873517,1
16.434488,-0.62174773,1
-1.0083371,0.30450022,3
-4.597642,3.5166957,0
-0.99640214,-0.3516784,3
-3.8929105,58.874218,5
54.97812,13.60636,7
-2.9445086,1.8822038,0
-1.2666175,-0.41839868,3
19.015575,-1.5313811,1
7.3833857,5.045017,9
-0.56849664,-0.49282494,3
-0.9036948,0.77999985,6
-0.9536647,-0.22838739,3
25.443687,2.5043347,1
41.549,16.609642,7
1.5716097,-1.2508109,7
-0.6164837,-0.610651,3
-5.3151746,3.5536714,0
0.01687529,-0.2637863,8
4.595751,3.703918,4
0.22021064,-0.5528199,8
0.067017585,-1.2572575,2
2.5377593,4.8542876,6
-2.2889338,0.6687864,5
-0.100710794,-1.154472,2
5.327849,2.2107136,9
22.090282,7.7210684,7
-1.8811113,1.0621481,3
6.7444406,4.057125,9
-8.038166,3.4578478,0
4.3891764,1.4723929,9
9.501435,2.731174,9
0.68006337,4.645364,6
3.8978004,3.069411,4
-1.7008978,-3.0545986,2
3.4659414,2.183507,9
18.291323,14.435952,7
-2.41106,-2.9470978,2
10.19306,-2.6086388,1
10.243407,-1.8303555,1
0.69212246,7.104455,6
13.315765,5.7253213,7
16.290005,13.622238,4
17.285378,13.897279,7
-0.5504175,-0.17306657,5
11.604145,20.06665,9
-2.5549822,0.5596126,6
-0.75377506,-0.5821574,8
-0.56922776,-0.9964969,2
9.495784,-1.0717558,1
3.5611885,7.2870474,4
4.851198,2.2536993,4
-28.497328,95.360374,5
18.450552,5.6772575,7
0.036434457,-0.5985789,6
10.858973,-2.2505834,1
-0.64679646,-0.75397706,3
-0.12862842,-2.3901665,2
-4.2248535,29.59595,5
6.6614156,4.4090805,9
3.595471,1.9729865,9
-1.0278774,-0.57851684,3
-0.07571924,4.618574,6
23.886557,0.22759724,1
16.116266,-5.0524697,1
7.799557,3.0692954,4
-1.3776059,7.8075256,6
4.0131035,3.0047617,9
44.83052,11.111152,7
-0.7760166,-0.9196097,2
11.171358,-0.12022826,1
-0.37679964,-0.19724736,5
15.926981,-3.0119517,1
7.3000913,2.86851,4
1.0388594,7.029413,6
-0.945984,-0.74149275,3
2.2683063,1.5769203,8
14.917391,-3.540383,1
15.183509,-0.10144211,1
-8.385106,3.6392903,0
-0.44980645,-0.7485831,3
16.026104,-4.4526467,1
0.4304831,6.837152,6
-1.1657889,-0.8177037,8
9.1345,6.703245,4
7.7382307,3.6282437,9
-7.353264,3.4628277,0
25.743824,14.589991,7
-0.6903473,-0.9840019,3
-17.011671,6.669085,0
4.2991896,8.616539,2
4.2171054,2.0392284,9
-15.971358,7.189685,0
-0.52063334,5.0404415,6
1.6885993,7.909946,6
-3.2783697,9.705362,6
-1.6285996,-0.22322282,3
1.2360996,3.8118286,6
38.912582,14.371401,7
25.035852,12.451004,7
0.011232004,-1.0907938,2
0.3053822,-0.90533495,8
0.60130477,4.2814293,6
-4.426128,0.17379284,0
0.24318266,-0.8141734,8
-0.8101795,-0.1299136,3
-5.038823,3.5336533,0
-0.35835588,-1.8623394,2
6.094016,2.5654137,9
0.19667797,-0.5750138,8
-1.5308836,-0.31528544,3
-0.33822638,-3.9135678,2
-0.088383645,0.20634146,5
-2.514238,2.1737003,3
0.17301668,-0.03069171,8
-0.26467946,-0.5234703,8
-3.1409664,1.1689879,0
-2.1159198,-0.29958177,0
14.771331,0.9137976,1
10.558394,5.805743,9
-1.116509,1.7251788,5
26.99711,-2.4403424,1
-0.23464648,-0.17377442,3
11.659956,4.970239,9
0.53846145,7.448342,6
-10.981959,3.7839637,0
16.49823,-0.84731877,1
3.7075784,1.5802416,4
12.320497,-1.437732,1
64.80655,21.56381,7
25.573904,-1.4945583,1
4.7017875,8.031462,2
0.12606288,-0.21063001,3
12.357175,11.614706,7
2.3436618,1.265767,9
10.032426,3.3517616,7
4.174206,2.4394867,4
3.799226,1.7060208,9
6.872941,3.2099469,9
-0.5779947,-0.4742179,3
5.9069386,1.5825275,9
0.03598082,-1.3863249,2
0.22526115,-0.8983236,8
-0.27715337,-1.9722943,2
18.383152,9.293673,7
20.845415,-3.2722414,1
-1.5234377,0.4345152,8
-3.8895228,5.684343,0
8.258538,6.768974,9
10.816201,-2.700675,1
-3.2077432,2.9184756,0
18.786028,-1.4080975,1
2.2793913,-0.87991613,7
20.619133,6.7351613,7
3.8520582,2.7388315,9
0.48573506,4.3747263,6
2.2071936,1.5916151,9
8.398624,2.211621,9
6.643299,3.5681386,9
-0.97171855,-2.0339313,2
19.4265,0.38512516,1
0.5352334,2.8128605,6
19.850904,-2.6548774,1
-1.7103653,0.38430864,3
-0.62653834,-0.26841882,5
2.9925041,5.3434415,7
11.323929,-2.2854893,1
-0.7048195,0.03250009,9
71.007385,16.01414,7
-0.09432495,6.2654457,6
7.9893765,4.5674086,4
-1.8270065,1.139016,5
46.566963,21.060299,7
0.10548437,4.688922,6
0.44786304,-0.56120294,6
5.5829906,1.8586615,9
4.0550447,1.7975628,9
-0.36732206,-0.56548035,6
-2.0161686,0.78215754,3
0.060016155,9.051869,6
0.05286643,-1.6114391,2
9.285533,6.61263,9
0.36636293,-1.1785556,8
12.242758,-1.2433025,1
-0.36215472,-1.4557089,2
-0.10600577,-1.5440558,2
0.14008495,-0.54831254,5
3.8667507,27.351748,5
2.8866699,6.7102246,2
-1.3904822,-0.39163396,3
33.578495,11.00032,7
-0.21074016,-3.749492,2
17.88927,-4.283335,1
-4.722944,-0.39581013,0
22.038462,-2.9456499,1
-1.5757309,-0.44492742,0
2.5461621,3.491259,4
-11.614178,35.368732,5
3.5326266,1.1004599,2
-2.7604861,2.6268425,8
-0.26051277,-1.6920812,2
0.0035976656,-0.27724725,8
0.12088672,-0.23046632,3
-6.349036,21.928745,5
21.735435,-0.646771,1
52.47973,13.450035,7
-0.028633058,-0.6080418,8
11.810595,-2.7995725,1
13.043175,-3.954566,1
0.08455863,-2.5409856,2
3.7907002,1.3245534,9
7.228337,8.718186,7
-0.22994745,-0.37965903,8
9.6402235,7.4930267,4
-12.815311,10.784145,0
-2.5136294,6.364878,3
-3.7718704,1.6119578,0
13.123092,5.0010214,7
-0.9894892,0.2991524,8
-0.17040333,-0.38980186,8
5.302576,1.5986583,4
28.813906,9.934141,7
46.599083,29.937517,7
-0.35040778,0.9540828,8
-0.576888,-0.4619509,5
0.12781398,-0.2039194,8
8.436484,8.706949,4
8.1264,3.7030287,9
0.3371947,-0.7450024,8
10.206994,-1.1856928,1
2.5115993,-0.30474463,3
1.8731875,-3.4062245,8
-5.2753167,3.1360283,0
-0.40234432,-0.2665199,3
13.089968,-1.5873234,1
16.671335,5.838992,7
9.911972,2.4497228,9
-0.9795016,-0.5089245,5
-3.0982718,9.276657,5
23.872074,-3.1511128,1
1.2182117,2.8461375,6
-1.2831594,-0.12179595,5
74.719955,28.065773,7
2.0009081,2.70471,4
5.947595,2.425542,9
-0.80642104,-0.23518218,3
0.99427557,-1.5486084,5
11.425863,5.150917,4
23.354141,14.568831,7
18.10397,-0.9059091,1
-0.14354475,-1.4399598,2
-11.614847,5.6803665,0
3.7621217,-0.6964141,8
21.517366,1.262202,1
0.956674,2.6572917,6
-2.5860915,-0.4465859,0
28.267918,21.654968,7
1.4935551,-0.24149138,3
7.1452413,2.8221908,4
32.160774,15.739214,7
0.25261542,-0.26965526,3
8.788185,7.036744,9
-0.046346784,6.2019253,6
-3.408866,5.1293235,0
0.12371233,-0.21963789,8
0.56433225,7.163088,6
4.6508904,1.6766934,4
0.17014723,-0.5450176,8
30.504673,25.746506,7
9.303858,4.006625,7
7.200908,4.619406,9
-0.19370343,-0.6150831,3
0.20264477,-0.6720098,8
0.98920584,7.3266635,6
5.791375,2.594763,9
39.790443,21.66511,7
0.33210903,-1.6249849,2
-0.47976696,-0.12291534,3
10.586952,5.626123,4
-5.333528,3.024359,0
-0.08002807,-1.0004203,2
27.425196,-1.2531323,1
-3.071036,6.0024853,8
0.21860033,-0.43672854,3
-6.2485957,129.46994,5
-1.7983782,42.885994,5
42.29066,18.42379,7
-0.023161307,-0.9889916,2
7.471367,7.78131,4
-1.8061881,3.59259,6
23.435095,13.653453,7
1.9569843,6.1671414,2
-0.028223917,-0.28770533,8
-0.52727306,-0.34388918,3
-4.457567,6.427345,0
0.098247334,-0.070973516,8
52.961594,17.181545,7
-0.7021,-0.43053153,8
3.1262436,4.92816,9
-3.2601852,5.6538463,0
0.08441163,-0.26947996,8
3.2255073,1.6867261,4
12.472124,4.563014,4
-0.9207539,0.024198249,5
-0.75090456,0.033566028,8
1.6676636,6.707608,5
1.2485762,3.4481983,6
0.8937278,7.0033045,6
-1.4942492,-0.06943184,3
-12.485663,4.789619,0
7.6112614,4.063803,9
-1.2488577,1.5173514,3
3.3158777,-1.5575669,7
-3.300289,9.103866,6
-0.5532283,-1.0819844,8
7.717118,2.5586872,9
-0.051652294,-0.18492112,3
-0.38431114,0.12744194,4
9.56031,4.0327086,9
-2.6361415,1.3228629,5
-0.19490336,-0.40718538,8
4.988688,1.9734901,9
30.675152,0.06900573,1
0.057356104,-1.5326957,2
0.16094351,-0.77306217,8
0.32839972,-0.9724967,8
0.39588904,6.1464796,6
1.3977268,5.3855953,8
12.216254,-1.6942813,1
-2.6693137,1.2778994,3
14.181316,15.024873,7
7.592415,3.3547313,9
-1.9360486,1.6752813,0
13.0047455,-1.7596369,1
16.492254,-2.0551834,1
8.121187,5.8212605,4
2.4172032,-0.40721875,7
-5.926367,0.025233507,0
0.18349344,-0.27192336,8
27.352102,-2.627358,1
44.965424,25.612293,7
4.0743237,1.5623488,4
-1.3959268,-0.31035587,5
1.3355559,-1.0448798,7
11.764487,-0.39936846,1
-0.3301732,-3.0056293,2
15.056988,-1.0210333,1
22.090515,-4.8755975,1
0.051992208,-0.17823862,3
1.7467754,3.8188133,9
-0.39965522,5.248723,6
3.472973,6.1637993,2
16.150707,-0.91854197,1
-1.1574554,-1.7774787,2
-0.1838092,-0.2951654,8
-1.8586743,1.1226131,0
59.854294,74.94237,7
-1.1012866,0.46411538,6
0.9793472,4.4596877,6
8.419849,3.3724523,9
0.77113414,-1.197897,3
3.406096,-1.082159,7
-2.6092627,1.5703466,0
-2.0580173,0.46458387,5
-0.71214336,-1.4364578,2
-1.1890064,-0.86227965,8
-5.0158257,0.15176213,0
-1.0657047,1.4500628,5
6.507571,1.8848515,4
-1.1617329,-0.5136286,3
0.28389558,-0.8460463,8
3.910389,1.7763314,4
-0.7569206,10.053897,6
-0.070607424,9.916301,6
-1.3015726,-1.9006947,2
1.5676471,-1.2473539,7
9.126729,4.629823,9
-0.9298471,-0.560323,5
20.163418,1.1324027,1
-0.9392051,-0.101222575,3
0.016755745,-1.3033977,2
5.845871,3.8795915,4
-0.6652461,-0.09370647,3
0.5089687,5.1995726,6
34.987892,1.1217185,1
8.181524,3.7808304,9
8.724754,3.581809,4
6.997461,3.7682397,4
21.49714,10.218321,7
1.0072198,2.4251468,6
0.07342208,-0.002433192,5
8.420937,3.5132508,4
23.258253,-4.2807693,1
7.967562,2.5281043,9
6.763998,2.5414486,9
-1.469638,-3.9872935,2
1.3085914,-1.0213561,7
-0.3958254,-0.5453795,8
-8.045685,4.3404107,0
12.965038,-0.54114234,1
-1.7127316,0.76293385,3
0.29654276,5.981201,6
18.054071,-1.461334,1
-0.31912035,-0.8252735,3
6.2889957,1.7774292,4
37.94679,-0.2554419,1
17.059687,-1.0847924,1
17.056068,-4.6660624,1
0.10050197,-0.33389798,5
-1.0833406,3.5533068,6
-4.5882215,3.6454096,0
33.421703,35.661793,7
-4.5933905,-0.49850285,0
24.636383,7.8818684,7
-0.22387768,-0.5649241,2
-1.5206481,0.061532855,3
-0.5745841,-1.2866415,2
-0.68064415,-0.14618976,5
9.985956,17.581686,2
3.0905542,6.078395,2
5.3246326,2.0419836,9
8.828501,9.069929,4
8.458308,4.193039,9
0.12003769,-0.24683301,8
15.571496,-0.82965595,1
-0.8497344,-0.561836,2
9.365746,-4.383815,1
-0.9318124,1.8106419,6
16.293774,-0.6433555,1
0.07016348,-0.5833828,2
51.77706,13.995945,7
3.7293537,1.6374087,8
-10.906334,4.000206,0
-6.3251433,4.83101,0
-2.125776,2.0219574,0
2.7597194,10.657823,8
0.060366176,-1.8099022,2
2.275362,6.282163,2
11.900794,15.554749,9
-0.013187796,-1.2194364,2
-0.15566398,-1.3403683,2
14.8128605,14.999226,7
4.842813,2.488192,9
2.2187905,2.0600297,9
-0.53819597,-0.22526455,2
20.740013,10.613192,7
-0.5044457,-0.24644777,5
14.331171,-2.3542368,1
-0.98817587,-0.009149432,3
4.4609118,4.070546,4
8.767577,5.67158,9
5.0141997,2.4066343,4
25.800661,-2.17026,1
10.217258,4.788335,8
-1.8198044,0.6004226,5
0.77180624,4.9506845,6
-0.58319324,-0.9001235,2
-0.96620697,0.75477517,8
-0.8093854,-0.6168604,3
29.35715,-0.4280795,1
2.9229407,5.863439,2
-0.5811772,-0.11382195,8
2.5683136,7.347152,4
7.294896,3.7249198,9
8.337925,3.8883257,9
2.2848716,-0.37339768,3
22.889797,11.866751,7
-4.940485,1.1752775,0
22.118908,9.060675,7
42.030964,14.472441,7
0.4066829,-0.7886142,2
-1.7361482,0.99977887,3
-0.6232254,-1.1347352,2
12.713474,5.5782967,4
-6.639443,0.14734745,0
-1.3027875,0.8665732,3
0.64804643,-0.10835638,9
8.716299,6.2558355,9
0.55977106,-1.930459,8
6.810958,4.756298,4
11.442844,-2.9415753,1
-7.43373,11.198973,0
-1.5500715,7.939093,6
-12.865106,20.685862,0
9.828119,7.2710495,9
-0.35849822,8.039525,6
1.8981485,-1.6203197,8
-0.08025706,4.7609673,6
13.0027275,-3.1027374,1
10.552751,-2.140364,1
7.0383205,4.159527,9
0.3785306,-1.2300607,8
6.2477145,4.145486,9
-0.7448958,-3.8472402,2
-0.83750284,-0.6447433,3
-0.7897297,-0.65171325,5
-1.0991982,-0.82923126,5
7.438351,4.2886086,9
9.165715,12.213598,4
-0.4921568,-1.6530236,2
11.860613,-4.175368,1
9.798173,6.7518625,9
12.72649,11.711857,4
-0.5282265,-0.45641327,3
9.030674,5.711944,9
-1.5101824,8.3015995,6
-8.942665,12.315399,0
10.938829,13.509933,4
-7.288497,11.638681,0
-0.6433947,7.101906,6
-14.065165,14.7947445,0
9.7315855,-2.8634403,1
-0.37179947,-2.1185586,2
-0.77681816,-1.261792,3
8.992112,7.1109343,4
23.797909,22.193336,7
0.9828614,-1.65775,8
10.016407,6.6333094,9
-15.299384,9.674871,0
10.036287,-2.2826347,1
-0.34170216,-2.0605795,2
-0.9848382,-1.4107064,3
11.34031,16.035017,4
19.564428,33.14696,7
1.0151573,-1.4169431,8
13.47762,9.190343,9
-11.82094,12.446847,0
12.929245,-3.9322104,1
-0.3980108,-2.3409224,2
-1.5866318,-0.98976123,3
7.121251,12.332725,4
-33.70621,123.34193,5
-1.0549076,5.64996,6
19.1898,30.937675,7
1.4654057,-2.1372259,8
9.497823,6.7687354,9
0.21720186,-0.64558756,8
0.66391575,-1.1139292,3
10.325371,15.313289,4
23.196499,20.766273,7
1.4630921,-1.6479162,8
-1.215102,6.8012543,6
-1.0398147,-1.6818527,3
3.2424004,-1.089984,4
-10.616104,10.536885,0
7.6467605,5.5104184,9
48.00143,31.5231,7
9.636303,-3.0858688,1
9.792053,6.6834555,9
-0.99368066,-0.7388884,3
1.2881551,-1.7368394,8
10.396722,13.63244,4
25.18084,24.515945,7
-1.2545388,-1.289658,3
-8.664267,8.941048,0
9.037871,6.228475,9
13.631586,-3.307544,1
7.5584626,5.6163077,4
-24.130013,100.94436,5
12.92613,16.072292,4
-1.2443407,5.6939163,6
3.5108092,7.750489,2
-7.665012,6.3368564,0
-1.2747049,5.7069607,6
3.4507937,9.462246,2
8.453386,-2.929578,1
8.111546,-2.8855312,1
9.884707,-3.0003898,1
9.696182,-3.601514,1
35.869717,26.845518,7
-1.6386844,-3.9828656,2
8.696989,10.068089,4
51.564484,27.232418,7
1.4736735,-1.7272791,5
0.20304088,-2.8023555,2
9.763088,10.900452,9
9.62353,11.868505,4
-24.833017,128.96161,5
0.92079777,-1.5368569,8
8.4655,6.379276,4
1.5490069,9.435963,2
9.238576,6.9694643,9
33.93245,32.44392,7
-7.256544,5.3383756,0
-8.683407,11.008786,0
25.702341,32.117428,7
-25.89573,92.895485,5
11.279516,-4.362651,1
13.673855,-4.0693474,1
35.750168,23.368294,7
-0.36699927,5.801005,6
-1.593601,7.448292,6
-0.5521143,3.897516,6
-0.89405644,-0.7522689,8
-0.22156538,-3.9320128,2
-0.42880386,-4.202222,2
23.83652,25.316166,7
31.641144,31.118065,7
6.8840766,7.8680634,4
-10.261055,11.287057,0
2.9437375,7.472974,2
7.7889967,11.4144335,4
-1.0749431,-2.574859,2
15.759892,-4.252544,1
0.6628505,-1.4328185,8
12.002939,8.741005,9
-1.9495203,7.7995024,6
13.962227,-5.4641476,1
-8.135801,8.783782,0
-31.301847,126.26398,5
9.192209,6.7157974,9
-0.41846037,4.767982,6
14.06338,9.6624775,9
1.4378556,-1.6073077,8
-7.080043,6.7565203,0
-0.91909474,-1.3342652,3
-6.8491945,6.077778,0
0.9890013,-2.474025,8
-1.4179822,-0.8244542,3
13.244214,13.387628,9
0.18341279,5.458957,6
-1.1144506,-0.89343506,3
-9.236915,7.3825445,0
13.889547,-3.5756347,1
-0.093516156,-1.6410133,2
-1.0408422,-0.7332972,3
5.1077476,2.7370987,4
-1.6142142,1.3302984,5
0.34199786,2.568113,6
0.9664404,-0.7228669,7
-19.92478,28.313599,0
16.055204,-2.4611204,1
-0.0044226497,-0.71068203,2
-1.6085179,-0.763975,3
9.264938,5.358779,4
-1.0802603,1.555629,5
0.38282955,3.3064668,6
21.76535,12.646929,7
0.43813187,-1.2086409,8
9.323051,7.8542023,9
-6.474943,9.974093,0
13.04578,-5.490908,1
-0.6824293,-1.8135297,2
-0.82471,-0.7412704,3
5.7278123,2.7857056,4
-3.8698258,10.894188,5
0.45842838,4.345904,6
33.125248,20.820618,7
-0.53144145,-0.5483388,8
2.064876,13.885297,5
7.6028576,3.0797398,4
7.932036,14.645406,8
30.527815,15.844389,7
8.072189,3.4853764,4
45.68686,19.17038,7
27.72821,13.853983,7
-0.43109447,-0.48386756,3
13.144529,7.797309,9
3.1711965,0.8170677,8
0.30822724,-0.9362822,8
-0.43415004,-0.3919618,3
16.1806,-2.6308784,1
-1.9036235,1.9968692,5
0.36458385,-1.264582,8
0.11540924,-2.5238407,2
17.674599,17.914545,7
3.2122498,2.648584,4
-0.04435441,-1.2930746,2
13.594001,-2.954812,1
-0.28587127,10.438297,5
3.6915236,3.0380576,4
-1.2335724,1.7758241,5
-1.4718747,2.2968028,5
0.55007136,-1.4920083,8
0.811653,4.603539,6
7.220764,2.7820005,4
3.1604226,2.3371577,4
3.9485266,2.3480265,4
13.996054,-0.43731165,1
0.2103837,-0.8590904,8
1.2146355,-0.9393898,7
-2.1274476,2.0796561,5
-2.289893,7.3081064,5
11.620639,-2.320574,1
1.3363719,4.939937,8
5.9601126,2.7371747,9
13.098963,-2.053,1
0.29407477,-0.88637567,3
0.3915714,5.635629,6
-0.2651753,-0.43720716,3
-0.29666927,-0.38045704,3
-0.21796201,-1.5290165,2
0.10788313,-1.2544491,2
0.374941,3.4393907,6
12.26894,8.21718,9
7.1884336,3.9130096,9
0.6928692,2.8136601,6
-2.0993836,28.682762,5
-2.7428832,29.944258,5
-1.3804214,-1.5870029,3
-1.0601974,-1.1517675,3
0.9467753,-2.0145943,8
10.174997,-2.3018975,1
0.87173533,6.380534,6
0.90940094,-1.2959956,5
0.41893554,4.1296635,6
0.40870923,-1.3266842,8
17.402845,-4.3804445,1
8.774483,5.1642547,9
21.43969,12.987122,7
0.5519104,3.6490557,6
0.27955619,-0.75004536,8
0.23817398,-1.5733063,3
33.986374,26.130661,7
9.23686,3.6137166,4
20.703953,12.298359,7
-9.040198,4.455241,0
12.828348,8.249538,9
-19.06448,15.701297,0
-16.376974,9.557463,0
0.6260119,-0.9499348,3
1.7481686,-1.2586278,7
12.779642,15.1334305,9
-0.98983014,-0.8212038,3
-13.112751,9.462796,0
-0.61748916,-1.6449119,2
-18.388472,13.392961,0
13.126069,-4.8118224,1
-6.339498,9.591458,0
15.378304,-4.3273106,1
-4.901846,5.76214,0
5.661129,4.255361,4
-6.1861696,8.882225,0
11.650718,-4.640858,1
-10.59054,8.970692,0
7.065609,6.5717373,4
1.1463053,-0.8797793,7
13.8324585,16.58533,9
0.029121876,4.557789,6
-0.048392966,-1.4408076,2
0.23865628,3.756164,6
0.05732797,-1.7481111,2
-0.09814085,-2.3260014,2
11.861091,21.132933,9
1.1773574,-0.9068688,9
-3.957801,4.215937,0
10.527506,-1.9689212,1
-0.8734441,-3.5317817,2
-1.4313133,-0.0837791,3
9.537017,4.2760515,4
-0.68875325,-0.32791817,5
0.33170724,5.0384474,6
30.996117,18.23688,7
9.474892,15.62501,8
7.42142,3.114236,9
-4.298594,3.7511554,0
10.05705,-3.2334273,1
-1.7033403,-4.4640636,2
-1.4548166,0.6644595,3
6.915171,5.1333656,4
-1.2962373,1.1999358,5
-0.1177243,6.8843307,6
53.811096,22.372772,7
8.238861,24.19798,8
4.9565415,2.2300391,9
-5.749177,5.028772,0
9.669899,-2.9152737,1
-2.6002247,-4.9653707,2
-1.5343267,-0.31012875,3
5.3209014,4.1967645,4
-0.5642735,-0.35707706,5
-0.0981282,7.0144105,6
55.77547,34.54296,7
10.426755,41.53565,8
13.107471,7.5291634,9
0.56869984,-0.96883464,8
-3.0375476,4.897812,0
-1.1896043,-0.46747056,5
0.49048483,5.8112206,6
0.11330485,6.7611566,6
-6.09714,5.1109366,0
1.3153056,-1.371495,8
-3.8444288,4.7905016,0
3.0417097,9.0816765,2
-1.5875611,-0.44581425,3
54.545605,27.01406,7
20.838278,15.706053,9
7.241799,6.0692015,4
47.73856,21.163603,7
11.869857,-3.893365,1
8.190651,4.4555807,9
12.091673,-4.0705514,1
50.537334,25.848644,7
9.520585,-2.5795789,1
6.5861626,5.2402077,4
-4.464483,4.406124,0
-3.972021,3.558962,0
10.74683,5.3645434,4
11.188652,-3.6555083,1
35.177444,19.868252,7
-1.0264484,-0.5283286,5
39.304207,19.724174,7
11.18647,-3.8002415,1
-1.3615639,-0.32636532,3
-1.3511587,-0.3843506,3
-0.9408734,-0.34804514,3
0.537843,7.8039246,1
-0.48168242,6.8428535,6
6.8448396,3.978296,9
44.277138,26.72702,7
6.3255877,5.9618597,4
-1.2078583,-0.42250696,3
-4.486964,2.6386065,0
-2.8871832,-3.5635347,2
-0.91354614,-0.4031211,5
-2.100799,-4.10882,2
0.6812037,4.921512,6
-4.7544103,3.6148658,0
0.82047653,-0.7935213,8
5.9024286,3.0343096,9
7.550632,2.8009272,4
-1.0443664,-0.39306623,3
-0.8647715,-0.21291494,5
8.130423,4.0349684,4
0.86282665,-1.8637141,8
11.305754,-3.0626757,1
-1.5631337,2.0502849,5
6.7829123,4.1314936,9
-4.752595,4.280076,0
0.5382339,5.8972387,6
6.2373137,4.8310127,4
-0.75742936,-0.46447438,3
-0.5387237,9.348174,6
-1.2501109,-0.64212507,3
-0.79794663,-0.6070325,3
9.832808,17.709787,8
10.614836,-3.1055799,1
8.349401,6.7469215,4
35.075397,20.125156,7
-0.67366,-0.040175915,5
47.726646,25.467896,7
-1.4260831,-4.467718,2
3.013658,6.7537127,2
-4.1541195,3.2990732,0
-5.3060155,2.8374577,0
10.550464,-1.3594242,1
33.44683,17.482363,7
27.964157,22.295837,7
6.6183424,4.3882575,9
-3.1342227,7.7508287,5
13.114551,6.701803,9
0.50815636,-1.3780953,8
3.942789,2.5175638,9
-0.47003198,7.9313173,6
8.528014,28.138685,8
11.015424,6.0980544,8
-2.6650953,-4.512925,2
-2.0310001,1.1854061,3
0.70246387,5.0568786,6
16.088541,-2.0791168,1
-1.1162286,-3.1971142,2
6.787159,3.4895315,9
1.1165775,-1.5309289,8
6.960638,3.2884264,9
-0.9660367,-0.42019397,5
-2.8444667,-4.1176314,2
0.8862698,5.8970227,6
-1.3403392,-2.2727554,2
6.1925287,3.916596,4
1.5437866,-1.2265382,8
6.3942165,8.105162,4
0.6458461,7.297936,6
-1.0831418,-0.16855726,5
-3.7857435,5.8343453,0
14.649249,-3.6186485,1
-4.1212783,12.609187,5
-1.8846054,4.862478,6
23.09841,14.450476,7
-0.429037,-0.44520622,8
11.542684,7.463476,9
-6.0684624,4.1784067,0
11.113488,-3.2023125,1
-0.23885329,-1.609077,2
-1.7803984,-0.6468134,3
3.0395112,4.2049565,4
-1.7890041,2.4339674,5
-0.032331467,3.062904,6
38.219265,21.222614,7
-0.31665176,-0.4402403,8
12.665634,7.628644,9
-4.6012278,-0.26443172,0
9.59042,-1.8065902,1
-0.39057505,-3.041178,2
-1.5393003,-0.6263225,3
8.429729,11.224926,4
-3.574669,7.271826,5
-0.2763191,4.7190256,6
71.43761,24.089855,7
2.5595388,11.314991,8
8.877051,5.180307,9
28.440796,15.222811,7
5.7338877,7.539613,4
-0.0037283301,-3.3843358,2
-9.117,5.5492697,0
12.984527,10.106017,9
-8.163744,5.139142,0
11.020334,-2.677389,1
-1.6842756,2.35436,5
0.30960077,-0.751553,8
-0.12771171,-0.354518,8
-2.6869447,2.6668453,0
-1.599425,-4.104099,2
41.512062,22.741337,7
-0.5032591,-0.49182296,8
7.7503343,10.730993,4
8.839562,8.794584,4
0.4529916,3.7796495,6
16.546516,-5.121049,1
-12.988282,6.3555865,0
6.929458,12.0584345,4
-9.507932,28.46054,5
-0.668067,-0.49695328,3
11.76795,6.869335,9
8.533659,6.9119253,4
-0.14467649,-2.7575715,2
-8.614143,3.9896116,0
-0.56073964,-0.4787738,5
-12.238583,5.169008,0
12.481123,-2.075881,1
-1.6543847,-0.87074435,3
-0.29009932,-1.8054641,2
6.8800917,3.504883,9
0.21147186,-0.9752162,1
0.59213066,2.790124,6
-18.839956,11.096132,0
11.905552,-2.7054868,1
11.874648,-3.691228,1
0.2608055,-0.8580986,8
-6.188972,5.0026655,0
5.5661035,5.457034,4
49.1837,21.137238,7
40.865,20.051088,7
-0.62903327,4.183612,6
-1.0958046,-1.2610335,3
0.43089068,2.31958,6
-11.813391,5.2732644,0
22.401014,22.459806,7
-1.5750133,-0.8776909,3
-0.9970039,-0.38643557,5
7.8731823,6.730934,4
-0.30167592,-2.0026507,2
6.667,6.0352964,4
13.201971,-3.4555893,1
0.27967358,-0.85880405,8
-1.4055457,-0.60439765,3
-1.4582903,2.332112,5
0.17146623,3.3737535,6
46.25554,23.323086,7
-5.5450563,6.6605067,0
-0.177786,4.0720687,6
33.412453,16.813902,7
13.94673,-5.313509,1
-0.30149496,-3.8260348,2
-1.4844394,-0.4255719,5
0.39189738,-1.4245504,8
10.230326,-3.3814359,1
8.725629,6.0746765,9
-1.3652477,-0.9998808,3
0.35552698,-1.2247906,8
0.048575826,-1.885728,2
0.16059428,-0.07829731,8
21.992384,27.513899,7
-0.13372123,3.9153252,6
36.13472,23.690708,7
9.342122,-3.2202737,1
7.5160313,13.721956,4
-0.23739928,3.5027592,6
-0.34489816,-2.482162,2
8.726519,6.4144716,9
-1.5564752,-0.8508048,3
-2.9139216,2.1315076,0
20.093113,-0.21344405,1
-0.06475294,-1.1587106,2
-1.2686101,-0.40796068,3
5.023567,2.1100187,4
-1.3179446,-0.00863266,5
0.48816717,5.480634,6
26.105568,9.86941,7
-4.05586,2.5128522,0
15.038495,0.19629854,1
-0.116240636,-1.1391956,2
-2.3171837,1.3054973,3
4.2364755,1.9256859,4
-1.6009862,0.09030765,5
-2.4340446,2.8077493,0
15.883796,0.14315961,1
-0.07983972,-1.3361973,2
-1.436894,0.03346491,8
6.0580673,2.2287374,9
14.843208,-0.33895063,1
9.140831,3.5460794,4
-3.013907,5.238281,0
6.104885,2.5320232,9
-1.0566771,-0.26352298,5
-3.2103639,2.5946262,0
-1.3038167,-0.17600372,8
-5.382725,3.9010417,0
18.11425,9.567093,7
25.081812,14.607358,7
12.493974,-1.0993798,1
14.307731,-0.27953935,1
-0.05546537,-1.2222073,2
6.8813357,2.7663686,9
-1.0394644,-0.15234816,3
0.38969707,4.371893,6
34.04099,17.766224,7
0.056038924,-1.8180494,2
-0.99901325,-0.6802352,3
-1.0138091,-0.072509915,8
11.439913,-0.61632025,1
-0.2915308,-1.8032405,2
8.998493,4.1106033,9
-1.2940414,0.016795397,8
-0.93697953,-0.12274864,8
36.302155,15.231314,7
15.736454,-0.2189593,1
34.14531,14.17687,7
10.052372,-0.7368896,1
15.400329,-0.055328727,1
-3.6696086,2.4141414,0
-1.4547305,-0.25282472,3
6.9692793,7.781123,4
-0.16203262,-1.3146815,2
0.14612532,1.9915717,6
5.7283144,2.1508155,4
24.549019,11.896623,7
7.7614336,3.8095737,4
0.2742227,-2.0295734,2
24.907896,14.567942,7
4.0552626,6.795299,4
8.391173,3.3508534,9
17.729713,-1.5132755,1
-2.519414,4.1679482,0
0.7213448,3.608089,6
-1.4682605,-0.102036774,8
-1.877908,2.3478212,5
-1.7896287,-0.31375167,5
-1.6435049,-0.06882873,5
-1.128219,-0.4421159,3
-1.6582879,-0.18072146,5
7.5881014,4.114879,9
36.68569,25.034393,7
10.44607,10.188821,4
-0.7595897,-0.49688894,8
-0.183286,-0.15442316,5
6.3665943,3.1010203,9
0.71554613,4.035961,6
4.8797736,2.1012008,9
-1.2378931,1.1213386,3
-5.9350066,3.0545955,0
-0.81664914,-0.4635537,3
-1.0732781,-0.65454364,8
7.9895725,3.5286007,9
21.535925,-2.2390895,1
0.16057403,-0.6343683,8
9.470302,-0.6295549,1
-0.20011139,6.2055387,6
-3.4477868,2.5435483,0
-5.473676,3.4346247,0
21.504072,1.4659606,1
2.2108667,7.019951,2
-0.9772065,-0.23619303,3
8.751851,2.6858163,4
-1.2727147,2.0077658,5
0.8485614,4.5049825,6
14.969602,7.239751,7
0.41152567,-0.9528237,8
10.990029,3.7610154,9
-8.171597,2.3930256,0
14.586084,-0.0047315806,1
-0.39930737,-1.3342271,2
-1.2511088,-0.14659989,3
11.013642,4.612016,4
-7.1796427,28.832766,5
0.8006134,3.1820087,6
36.275158,12.510493,7
1.062396,-1.1495239,8
7.7787304,2.9940443,9
1.4074082,5.4207325,0
21.461216,0.45137972,1
-0.44977045,-1.166688,2
-1.8197918,-0.29303315,3
12.389595,5.127988,4
-0.72877336,-0.73446214,5
1.0097246,4.5365076,6
24.272736,8.689953,7
0.16532572,-0.596352,8
10.946089,3.30729,9
-1.5847269,0.18514788,3
-1.528053,2.2477875,5
-1.3431195,-0.48392245,3
0.106719546,-1.2451159,2
6.9475555,2.1268163,9
-2.1436026,-0.48862332,3
-0.16006452,-1.2830231,2
13.820283,0.025964648,1
10.444168,4.7597256,4
-0.91568863,-0.60105336,5
1.1742606,-1.5125492,5
-1.0509709,-0.6415386,2
-0.65823305,-0.22525664,3
2.1764653,7.0680594,2
26.251102,-1.1295817,1
-1.7816323,0.73683715,3
5.9175973,2.0486016,9
30.703705,11.321225,7
-0.67926455,-1.0970556,2
4.730437,31.428917,1
-0.102191135,-2.9532826,2
3.5941057,0.55207527,8
14.911804,8.194586,9
18.948362,-2.0884957,1
0.14913508,-0.4363954,8
0.15593559,-0.4419593,8
9.994877,4.161106,7
0.17301668,-0.03069171,8
12.695261,-0.22868034,1
-3.7426424,3.0241475,0
1.2424045,4.4727483,0
15.300638,9.361681,7
0.67105496,-0.4651755,7
0.22361916,-0.6660933,8
25.247707,12.264374,7
-14.323481,60.914227,5
-4.5728235,3.1811194,0
1.1462333,5.0476913,6
4.8935776,-1.0837492,1
-1.5857594,-0.5682637,5
13.548361,6.7515736,7
7.1805496,9.342926,4
1.0554872,5.9626813,6
11.61317,-1.4757478,1
2.3461053,7.7547927,2
-0.58397126,0.9029816,5
-5.6710777,1.559582,0
37.914505,14.684917,7
9.162069,4.822375,9
7.17426,3.315291,9
-5.7695093,-0.042324066,0
-1.7409155,-0.28558403,3
0.36719632,-0.7787165,8
9.541395,4.248396,4
6.1888137,10.363011,4
-0.07395971,-0.30905038,8
16.219963,-0.6317822,1
0.068596035,-0.24125788,8
0.91113615,4.8601966,6
-0.19702885,-0.30626282,5
1.0913798,0.474151,9
-5.0618644,1.692613,0
-4.447728,1.5739331,0
-5.4153404,2.039993,0
-0.83286214,-0.047357887,3
19.68884,7.519472,7
16.946745,-0.51648265,1
1.2504375,4.134762,6
7.2468114,8.63254,4
-0.52096874,-2.4352155,2
0.95026803,5.3524427,6
0.6499115,3.8583045,6
-4.748781,0.13616359,0
6.0023503,1.6158589,4
-0.612651,-0.35976452,5
8.749599,3.1310034,4
17.619167,-0.24171838,1
-0.44938385,-0.4381811,3
0.27450436,-0.99407333,8
0.9252254,4.244771,6
-1.6046294,0.7319332,3
4.5950656,1.8788296,9
6.5915728,2.0369256,9
-3.8126764,52.433224,5
6.697214,2.787469,9
-1.0745255,-0.35177064,3
17.100002,9.904074,7
0.17887706,-0.6116833,8
-0.47625774,-0.3466977,5
0.86930466,4.7422037,6
5.3122516,1.8115008,4
12.750771,5.583067,7
1.1247782,4.62074,6
-0.13638528,-1.4825681,2
0.18375103,-1.6119059,2
-3.110916,1.0817254,0
6.6340694,2.829308,9
6.29858,-0.5425736,4
-3.523075,2.9687562,0
18.573904,-2.585061,1
-0.18666531,-3.05823,2
-1.2244496,-0.06334832,3
3.3692553,2.442813,4
-0.6184695,-0.10008451,5
0.58939266,5.468505,6
40.20377,17.716686,7
0.7199975,-1.2117653,8
10.607426,7.8517294,9
-3.4068346,3.406135,0
15.23792,-2.4475589,1
-0.3588776,-3.3478022,2
4.418288,1.6400096,3
3.4441237,4.5348177,5
1.7699432,6.074268,6
-4.547882,2.835242,0
10.849991,-2.271658,1
-0.29583293,-3.9788954,2
-1.59164,0.898471,3
6.3915277,3.8784099,4
-0.9584445,-0.5403848,5
0.77288246,6.537174,6
1.1209449,-1.9847256,8
4.4891753,-1.1742201,7
7.639619,-3.290852,1
-0.63458586,-0.39209938,3
-0.00564456,-5.0026484,2
-0.6128646,-0.6015213,8
-6.7510743,5.222757,0
42.00417,36.508686,7
-0.6086006,9.804615,5
8.614981,5.7877626,9
5.354719,2.5369556,9
-0.6377244,4.4018035,6
-12.065367,8.778681,0
8.969063,6.7413845,9
7.8715034,6.595007,4
17.43275,-4.8728957,1
-1.5292349,-0.9283503,3
-2.4086764,-4.0121837,2
12.2883005,-2.3276098,1
-1.5990345,-3.152271,2
-0.90372247,-0.31826144,3
0.8660632,-1.8525395,8
-0.8925064,-0.33428243,3
-0.4271537,-3.418013,2
0.28029537,3.5344071,6
-0.41844702,-0.16427566,5
-0.13410556,5.586183,6
-0.9999425,-1.0605731,8
-0.44765,-2.5135462,2
31.105171,9.2644205,7
8.825776,3.9667077,4
0.44270968,-1.2454429,8
12.17238,-2.0427668,1
-0.60923105,-0.4756812,8
-3.8747892,3.694929,0
-0.96938354,-0.57569444,5
-0.57512134,-1.2517608,3
12.141447,7.404,9
3.141389,2.6389174,4
17.68742,-2.3501556,1
4.9581923,2.4997678,9
-1.0760018,-3.6763654,2
19.40606,-2.9149415,1
8.697575,6.002201,9
-0.120328665,4.841497,6
36.975574,20.805494,7
7.4926844,4.097883,9
-9.630407,5.338337,0
4.9804287,4.7435284,4
0.36273992,6.141855,6
11.227125,-2.433999,1
35.308594,21.833729,7
-0.89419556,-0.5010004,3
1.2569778,-2.8518496,8
27.909542,15.233307,7
-0.3240947,-2.4303222,2
4.132904,2.2854111,9
-2.6528935,3.0768168,6
-0.9367314,-0.30949596,5
0.98247516,-2.6799273,8
-1.0917914,-0.5174326,3
13.512448,14.895712,9
-4.825589,4.2629433,0
-0.70663893,-0.30864006,5
27.3004,20.29741,7
17.163275,-5.734526,1
-0.4775759,6.599482,6
11.568084,-2.9762366,1
-4.6244636,7.0554514,0
8.443481,4.855427,9
-1.9603738,2.6332924,3
-2.020889,2.055862,3
5.7265115,4.5708265,4
5.5596128,3.8125033,4
-3.6617212,4.7669373,0
0.53084445,7.1366167,6
-0.11929999,-4.1725297,2
-1.1619585,-0.49125123,5
5.5239816,3.9094443,4
0.05716292,-2.428577,2
0.19218454,-0.35115072,3
3.4308424,2.954584,4
0.81515825,3.7443275,6
-3.1810718,4.026964,0
-3.057802,1.9441394,0
2.5202649,6.6393166,2
-9.799935,4.924047,0
20.146183,-1.5764003,1
8.169438,4.383801,4
-1.3318819,-0.44647312,5
-0.28638554,5.8827586,6
5.866095,2.5255075,7
-0.681286,-0.58633864,8
7.8985167,3.0743494,9
-11.160813,8.104988,0
12.772206,-4.2205997,1
-0.719945,-2.475176,2
-2.3327463,5.318058,3
7.730518,4.3267756,4
-1.8567185,-0.33045855,5
0.57466745,2.9618888,6
32.285805,16.637989,7
1.4471221,-3.9512358,8
-6.6199846,8.623389,0
10.4049015,-1.7826964,1
-0.6775066,-2.458649,2
-1.5562956,-0.3528063,3
4.702321,6.366359,4
-1.7326915,-0.49156156,5
0.40832472,7.8958716,6
32.33876,15.4722805,7
1.1674777,-1.5764273,8
7.2968946,4.166346,9
0.6273265,-1.881034,8
13.43025,7.535821,7
21.510435,-0.7216245,1
-1.3350837,-0.6154281,3
22.67669,10.979555,7
-1.8773136,-0.45148632,5
-0.17672263,-1.7286841,2
0.16866067,-0.6733848,8
-4.495553,4.092481,0
26.529787,12.054511,7
-1.9640384,-0.50481427,5
8.35709,3.9846826,9
6.5870166,3.441793,9
-3.5927851,3.948878,0
7.4403124,4.4869537,9
22.986246,-2.9430294,1
25.139814,-2.6953878,1
-1.3659759,-0.48393592,5
0.25335848,-0.88125855,8
0.2570644,-0.7925184,8
0.72146916,6.4191647,6
-0.9348892,-0.8128791,3
-0.16566075,-1.3285854,2
16.799135,-0.45859605,1
0.3340664,-1.1434298,8
-1.4896922,-0.3613229,3
-0.63450867,-1.7798966,2
0.46160376,3.9278836,6
-1.442677,-0.23841915,5
0.6444595,7.2672305,6
-1.0075178,0.30426776,7
1.5874498,5.5645123,4
16.379658,-0.44632557,1
-2.2411375,3.6874013,0
-0.55967724,-0.5289856,5
-0.68848705,-0.6393537,3
28.867075,-1.7572336,1
5.1940804,2.317991,9
-0.2258795,-1.6723783,2
20.940012,-0.67864263,1
3.7259374,2.3716993,9
0.4579885,5.611396,6
-3.1779194,3.8764153,0
5.47851,2.4723768,4
0.5635767,7.454708,6
17.370125,-2.3187804,1
19.78725,9.02463,7
-0.21040839,-0.5079646,3
0.30560905,-0.87830716,8
25.35467,11.779089,7
0.20410068,-2.497988,2
6.6556187,3.1723022,9
-0.14257145,5.958185,6
-1.3602777,-0.43266547,5
0.35293832,-1.1580564,8
-3.339441,-0.12540811,3
-1.6477002,-0.5669563,5
29.819408,12.100182,7
19.007805,-1.8275132,1
1.2482622,6.1463737,6
16.485134,-0.77305853,1
-2.5269518,1.8338624,0
8.201346,3.4718587,9
0.8339746,7.234354,6
0.13204277,-1.3265901,2
-2.045996,-0.09140825,5
10.263185,4.965626,4
-0.05467449,-1.4932616,2
-0.92295945,-0.47745216,3
7.885851,3.1054924,4
3.192214,2.3645887,4
0.9875952,5.528319,6
-3.3786688,2.0792193,0
-4.4270983,-0.36420524,0
-0.24361451,-1.8512143,2
-4.6636653,1.4243248,0
27.93914,1.3671402,1
2.2700887,5.680414,2
-0.57360715,-0.085034475,3
6.541035,2.233632,4
-1.8552079,1.8199626,5
1.232529,3.878159,6
21.142012,6.44751,7
-0.5772326,-0.15301009,8
2.5021772,1.1309699,9
-12.989548,5.119243,0
24.161623,2.2872193,1
2.0662622,5.061757,2
-0.6399169,0.012686551,3
3.2522352,1.1650771,4
-1.2931057,0.73165035,5
0.98879385,4.5941668,6
56.032322,13.270063,7
-0.32093856,-0.34229702,8
3.5817568,1.181869,9
-4.951856,2.1905646,0
32.91767,1.498067,1
2.7496734,5.895033,2
-1.3554279,0.40298218,3
3.56825,1.546019,4
-0.7847871,0.06137602,5
1.2502407,3.64048,6
24.807337,7.9100633,7
-0.54773796,-0.4638759,8
12.091963,2.8343208,9
-1.0813125,0.4730077,8
1.0659448,5.1984377,6
-1.3010094,-0.17340481,5
-5.0270114,1.3494852,0
1.2365712,4.3238664,6
-0.017438782,0.00046606548,8
3.1806014,1.3824981,9
2.8714623,1.0265759,4
32.613983,1.1569428,1
5.90926,1.8256936,9
-1.7343483,0.6546338,5
-1.1565893,0.25821507,3
-2.5812707,3.732864,0
6.487713,1.8721688,4
0.010437071,-0.20533444,8
2.4415336,1.1162002,9
26.863567,2.1465886,1
2.583445,1.1628228,4
-3.3996632,1.6651938,0
-1.4825426,0.85666686,5
-1.4856334,1.0433545,5
3.746039,0.6848794,2
29.856485,2.6275818,1
-1.2894242,0.23186313,5
3.2438867,1.1031402,4
-2.4121974,1.1160259,0
38.36006,9.485369,7
0.83778346,6.3538303,6
-4.6127315,2.3953354,0
22.091312,0.36818933,1
49.41228,10.479699,7
-5.026911,2.1094563,0
0.5731058,5.741635,6
-0.3295225,0.08670901,8
3.0410328,1.7462437,9
-1.0873909,0.11637467,5
26.660543,0.6823268,1
35.511326,7.8195972,7
5.145859,1.9583483,9
-0.40168434,-0.4493817,8
1.4268279,6.252726,6
-3.8542247,1.9662415,0
-0.19674759,0.07422352,8
27.654583,2.752716,1
15.526241,3.6467552,7
52.149208,11.967598,7
26.909502,2.1940699,1
-1.1649686,0.15172726,3
2.1663003,5.8581266,2
-1.6582607,0.8338994,3
36.117943,0.89418864,1
3.332765,1.4369285,4
2.3685007,6.4670434,2
-3.5812802,0.93245804,0
-5.5509753,1.8960371,0
21.924967,8.571062,7
-0.15804061,-0.1607423,8
9.116024,2.4678285,4
1.4683344,6.510928,6
6.6111383,1.8180604,4
3.5531125,1.2697169,9
-0.767654,0.058059618,3
-0.36631584,0.12233603,8
2.4349098,1.2904019,4
44.213047,9.410957,7
-0.060216606,-0.9244979,2
-1.3144,-0.060211092,5
1.1437695,5.369298,6
-1.6832521,0.22318143,3
1.0472503,5.223789,6
2.9614155,1.0315889,9
0.78684247,6.3986845,6
-0.8686153,-0.30571115,3
-0.9939531,5.975417,2
2.1020138,6.4519787,2
3.244433,1.137425,4
1.2540096,4.397248,6
5.896782,1.7477503,9
-2.280234,1.8684709,0
2.1996603,5.3836546,2
-1.8773018,0.5510563,5
-1.2050045,-0.012920886,5
31.09644,1.6252517,1
-1.3036854,0.388301,3
-0.82601184,0.047951415,3
2.8244042,1.0065064,9
14.293478,4.7774725,7
-0.09833327,-0.51390153,8
19.723808,5.887162,7
-0.06620872,-1.0625638,2
-0.11132528,-1.1203588,2
-1.465226,0.4341358,5
26.935787,7.476343,7
3.8051913,1.3540044,9
-1.0181508,0.017063797,8
2.2594342,5.491514,2
25.761597,-0.61973614,1
1.1628289,-0.8941943,3
26.444199,0.81714535,1
-1.2961591,-0.11779848,3
-7.2713995,6.0274687,0
6.2240796,-0.7008848,1
-0.22737204,-1.565078,2
-0.7792942,0.93489873,3
4.2899704,2.683199,4
-1.1205957,1.1516825,5
1.0762497,2.4943624,6
47.113342,19.772242,7
-0.86925143,-0.6749549,8
-1.291659,-0.85427904,9
-12.710093,9.955578,0
7.4308114,-0.7755064,1
-0.18869449,-1.4168563,2
-1.5954728,1.6243927,3
3.0078478,2.2004166,4
-1.152519,1.4794412,5
0.26093566,4.204601,6
39.895897,16.508148,7
-2.2067027,0.57052743,8
-1.5108734,1.4948117,9
-20.377234,11.8816805,0
8.991415,-0.8885265,1
-0.04552588,-2.0588043,2
-0.8044953,-0.08262998,3
4.6783676,3.2299001,4
-21.507698,123.475655,5
-0.9579989,4.7702727,6
46.103992,20.885197,7
-1.9589508,-0.19306988,8
-1.5440223,1.4329274,9
9.033937,-0.39254087,1
0.07708434,-1.6382213,2
-0.3771268,5.4740767,6
-12.875003,43.22197,5
-0.853965,-0.43118805,3
-10.330927,5.2749763,0
26.547867,13.20686,7
-10.867941,6.09435,0
4.5432935,2.9132304,4
8.798528,-1.7732816,1
4.3137517,3.0499153,4
-1.243652,0.30712003,3
-0.13148332,2.567465,6
39.382046,19.08051,7
-0.17748122,-1.6534292,2
-0.5802993,-0.3726982,3
8.813375,-2.4014778,1
2.2911413,5.560612,2
7.547351,-1.4228628,1
0.11405061,-1.5674804,2
2.9185421,8.479934,9
-0.70577335,3.7373512,6
-7.853328,5.2395344,0
7.20702,-1.3745227,1
-0.63908964,-0.39295214,3
-7.3150024,4.7491264,0
-0.19805937,-1.4527447,2
42.2361,22.19966,7
-7.138414,40.2379,5
60.05332,26.273506,7
-0.34041452,4.708435,6
-0.21708347,-1.6283157,2
-0.9749684,0.8056211,9
13.449043,-0.47695404,1
-0.9877994,0.995485,9
-7.648668,3.5193012,0
0.87131584,3.6361291,6
-8.552275,4.146805,0
0.67935514,2.3019962,6
-8.332482,4.8231196,0
-0.14154468,-1.731307,2
-6.2759094,3.4591708,0
-0.55819523,6.9424834,6
9.824277,-1.878163,1
-19.550705,121.52591,5
-0.7334756,-0.5414527,8
5.3597107,3.097218,4
-0.9275842,-0.9500547,3
-17.172064,12.912048,0
11.487215,-1.1431003,1
-10.77965,80.23682,5
7.680965,4.9223013,4
5.6063805,4.110331,4
-0.632153,-0.5138408,8
-0.8599614,1.08477,5
35.95402,12.864282,7
-7.4055705,68.73854,5
31.150826,16.575901,7
-0.59753823,-0.23217125,8
-0.80122894,-0.27082628,3
6.9428134,3.530392,4
-1.7560995,0.14278787,8
-1.4557557,-0.25210264,8
-1.1281204,-0.50373244,5
2.425848,6.507756,2
2.1383915,8.392536,9
24.323097,12.931921,7
9.6024065,-1.1175878,1
-0.41077366,-0.48897097,3
-2.9517436,0.3122669,8
11.559498,-1.0519,1
-15.0063715,8.496926,0
42.0382,16.266617,7
-1.5277178,1.541317,5
-1.0131302,12.561708,9
-0.71726567,4.3629146,6
1.8826797,12.606247,9
6.053213,4.538765,4
25.386593,19.976913,7
32.722435,24.887367,7
-2.6924963,2.1774256,9
2.8862116,9.214544,9
-1.6003559,1.3940841,3
9.5139475,5.7126694,4
5.516039,3.6924922,4
-0.93026775,-0.5674033,3
-1.6465702,0.65057343,8
-0.728819,6.1576734,6
2.3494203,5.3563914,2
-5.7516975,5.88155,0
10.965253,-1.7232006,1
-0.96430075,-2.918205,2
-1.0305083,-0.8577733,3
8.080223,5.686821,4
-0.7569417,-0.50381744,5
-0.45211184,4.1447415,6
34.848392,22.5016,7
0.17332149,-0.9945245,8
11.986297,7.038568,9
-8.238001,6.1320915,0
12.085297,-2.1549838,1
-1.1293495,-3.2318814,2
-1.3114712,-0.5698627,3
5.0808496,3.8415873,4
-1.3315798,-0.50413764,5
-0.18257451,5.100348,6
30.677471,15.836305,7
0.09514178,-0.32912713,8
5.679862,3.1106436,9
-5.836758,4.7475367,0
13.846453,-2.3388665,1
-0.17470701,-3.6446211,2
-1.301736,-0.6979481,3
7.6734176,5.4377174,4
-3.6166475,8.921485,5
-0.96440166,6.302535,6
31.804155,24.518326,7
0.8997672,-1.9175005,8
8.828445,6.102968,9
-4.9458246,4.5117025,0
0.34387678,-0.97991437,8
-0.92167544,-0.52842855,3
13.838751,8.472778,9
-4.4194508,11.306301,5
-1.2843845,-0.47203267,5
-1.111069,-2.6141012,2
0.17661595,3.9287674,6
0.29125223,-0.67893505,8
6.3507276,3.8398178,4
11.042105,6.4162455,9
13.136346,-2.061767,1
33.097874,16.452927,7
14.074955,-2.1815116,1
-1.2004149,-3.4346318,2
-1.5786086,-0.40325072,3
-1.5381968,1.9319879,5
3.999653,2.9007423,9
-0.17600298,6.3483677,6
7.843238,4.08895,9
12.639476,-2.2092996,1
12.097009,-1.9676096,1
20.486183,-4.047484,1
-0.79957,-2.8517034,2
9.599372,5.9748974,9
-5.0857663,14.142983,5
0.11900926,6.0775843,6
-0.40483248,-0.4017179,8
13.093655,-4.0909843,1
-0.2176709,-3.6822956,2
-4.1703095,6.555955,0
33.07155,15.037363,7
49.584763,21.45528,7
-4.378734,10.987654,5
1.0951262,-1.764908,8
-1.7887449,-4.3944583,2
8.392579,5.0937796,9
0.38357696,-1.3413886,8
11.336889,7.8624854,9
-4.2438483,4.286825,0
9.113273,4.004538,4
0.25638008,5.605337,6
31.213783,16.398663,7
14.357814,-3.2411244,1
-0.9393669,-0.80148864,3
7.1902885,4.5058312,4
-0.9790425,-0.4404738,5
-0.16261756,6.0260186,6
-4.847127,1.698305,0
-1.2329453,-0.6441047,3
-0.21557784,5.1190734,6
0.38431594,-1.0643412,8
44.128654,22.089348,7
-8.585257,5.2020288,0
8.4311285,8.619326,4
-0.26770616,-4.14807,2
21.179123,12.57098,7
5.50618,4.330437,4
48.48133,22.947441,7
-1.7445097,2.5006132,5
7.351078,4.475589,4
-1.0950159,-0.1697363,3
5.9581423,5.6009817,4
-1.2146695,-2.1952689,2
0.41770193,-1.4107655,8
15.203104,-4.644916,1
-1.4481214,-0.45812032,5
12.953334,-3.8947074,1
-0.4891392,-2.8467634,2
-5.1746235,3.7956653,0
-1.4264039,-3.9361255,2
-0.78343636,-0.3972187,5
-0.3763404,7.126168,6
6.7771053,6.3486547,4
-1.6594543,-1.0905406,3
-7.7922497,8.104094,0
-6.5990605,6.412207,0
-6.089271,5.448069,0
-1.5769535,-0.33308327,3
-1.6848036,-0.31266603,3
-2.0381887,2.7311091,5
40.561478,22.34623,7
-5.620324,4.8570995,0
0.46866512,5.3338594,6
8.186889,5.216837,4
0.33759907,-1.061695,8
0.25492343,-0.87357306,8
-0.13496614,8.270119,6
-1.8042704,-0.30603924,3
6.2733583,4.430971,4
0.08577436,3.2978969,6
10.345293,7.283156,9
8.6821785,6.1535273,9
0.49145895,-1.1346562,8
-3.0974612,-3.7090898,2
33.399662,33.179398,7
40.269478,30.692144,7
10.742998,-2.2822533,1
-4.1612616,3.1834288,0
10.515309,-1.7061449,1
-2.2835417,-4.0870495,2
0.12595771,-0.07635423,3
6.9326305,3.681826,4
-1.2546563,-0.43171456,5
0.1605742,4.688712,6
30.950932,13.395861,7
1.2984588,-2.5183787,8
9.443595,5.566707,9
-3.6855288,-0.45139164,0
11.131371,-2.26765,1
2.8409064,6.327727,2
-2.6295469,6.7426434,3
4.4905705,2.7155042,4
-0.411354,-0.4844077,5
0.36800468,3.3199217,6
39.865574,11.8680105,7
1.0855155,-2.119728,8
-4.066642,3.7890716,0
18.651894,-3.3240554,1
3.4945984,6.779356,2
-2.7233248,6.234032,3
4.5414357,3.2228866,4
-0.9532138,-0.5088688,5
-0.25852036,4.463248,6
52.53698,15.62915,7
0.86102915,-1.5292523,8
-0.6096696,-3.6042824,2
16.47393,-1.4757035,1
33.29418,13.237037,7
2.8245935,6.8955984,2
-1.0701369,-0.48849937,5
-3.8584914,3.1304967,0
0.3828706,-1.2612474,8
-3.993036,3.93311,0
-1.3769287,-2.9988406,2
35.80374,15.295944,7
-0.22026262,-0.84397066,8
0.27096373,-1.1170179,8
-1.9090873,-0.07336551,3
0.437971,4.4641643,6
-4.6780534,3.4354105,0
-2.5448108,-4.3872213,2
60.10206,18.476904,7
0.697366,3.9094977,6
0.38613284,4.5771217,6
11.961319,-1.7127229,1
2.8557036,6.45179,2
-0.78394103,-0.66848385,8
0.1591138,-1.06471,8
103.99624,23.856413,7
29.124153,14.367792,7
7.4428954,4.070447,4
60.2942,20.46011,7
46.864838,19.12688,7
-0.8386461,-0.38320532,3
43.23512,18.066116,7
4.7926445,2.9571345,4
-11.839035,37.295067,5
8.825584,4.094859,4
-0.34399334,-0.40999764,3
-0.15684718,-0.093382,3
0.3466558,-0.9453192,8
8.135246,6.987939,4
17.793612,-2.2156227,1
18.522196,-0.49261257,1
10.324905,3.426112,9
21.799116,10.459743,7
5.883522,3.0222073,4
-0.018440027,-0.13275588,3
29.893742,11.227854,7
-0.40185022,-0.49899328,3
-1.146641,-0.21870056,3
-2.3588254,2.2530403,0
2.2452943,6.17074,2
-0.6968765,-0.8707782,5
-2.1829174,4.339167,5
0.2103802,3.0293608,6
0.7545804,4.3506823,6
-1.9616791,0.89480233,3
2.443912,6.3615475,5
1.6010431,5.2968235,2
3.2443638,8.616006,5
11.959202,4.788719,9
6.289495,3.3019412,9
0.14129628,-0.15225196,8
11.516886,6.412224,4
15.079133,-1.046591,1
-3.3229785,3.4405797,0
0.45885408,3.8953116,6
2.3961892,7.5958605,0
10.993749,5.2795367,9
1.2546014,3.924574,6
-0.32513395,-0.722557,8
0.8606294,-1.6097943,8
-0.9773791,-0.3215618,5
1.2550157,3.1069493,6
12.202463,-1.6552876,1
27.116583,-1.285954,1
4.0099688,1.9036261,9
0.31980273,-0.9564458,8
9.712961,4.658919,9
-2.3657796,-4.192927,2
-1.3623854,-0.4358618,3
-0.96183944,-0.75964606,5
-0.6483203,-0.6705817,5
4.2771726,1.9560488,9
8.809462,13.145633,4
4.078263,6.029999,2
12.675031,-0.94734305,1
8.704763,2.7305148,9
-0.22865981,-0.8446319,3
7.3579426,3.3859222,9
2.1566453,5.9518785,2
-5.2155952,4.0341554,0
1.503643,2.400435,6
-3.4775746,3.2450914,0
11.708782,7.090307,4
1.8827491,7.0294847,0
-6.4695883,-0.49647927,0
11.827179,-3.0018914,1
-0.17652361,-4.1481376,2
-0.26665482,-0.36794215,3
8.306732,10.353516,4
20.714834,16.46038,7
1.1986805,-2.601339,8
9.63539,6.2570457,9
-5.82936,4.2568355,0
12.556532,-4.1175313,1
-0.17197157,-4.8433537,2
-1.2665751,-0.6110454,3
39.894226,18.846045,7
1.439162,-2.773133,8
7.877495,4.618395,9
-4.5049934,4.6634116,0
15.850954,-6.0461965,1
0.4979664,-4.7328196,2
-1.9100366,-0.32178035,3
7.985007,10.768724,4
32.49008,19.12247,7
1.8243744,-2.9826403,8
7.430604,4.7950664,9
43.26714,20.371098,7
-1.0460243,-0.7611098,3
-5.538904,7.992038,0
-1.2968438,-0.6263479,3
15.8057785,-4.3885803,1
1.6399698,-3.4206865,8
13.025429,14.020183,7
-1.2754235,8.09958,6
3.0018373,10.906611,4
-5.293852,5.549304,0
-0.26898456,-5.138348,2
-1.3577262,6.69412,6
0.6511221,-2.3081765,8
-1.932656,-0.52974534,3
0.050077915,-4.9104743,2
1.2177526,-1.7817023,8
12.439339,-4.0875077,1
-0.1653835,-4.322382,2
-5.3675156,9.888846,0
23.88122,24.721312,7
15.519908,-5.640104,1
-5.1008677,9.57262,0
4.599147,9.03658,4
6.370801,5.8304014,4
-5.8091316,26.897682,5
0.7674664,-1.8912008,8
-5.767835,5.812551,0
-0.8017037,8.603371,6
1.7702894,6.110923,2
-1.7875144,-0.37769037,3
11.0144615,-3.4069064,1
-1.7623031,2.8931026,5
13.984672,-3.640427,1
1.1701393,-1.8648074,8
-3.005413,24.20825,5
9.32759,6.472682,9
7.2663517,10.489648,4
-6.789448,6.492246,0
34.588623,26.197948,7
-6.0848866,17.461277,5
5.9234753,33.19399,8
1.2407706,-1.966508,8
-1.6440513,-0.5354285,3
8.244056,32.852406,8
13.541879,13.760693,9
0.3321272,-5.0835714,2
-1.9458308,10.173901,6
-0.46214062,-5.65689,2
-3.7340086,42.515587,5
-1.3734741,-0.5676054,3
12.2246685,-4.245274,1
31.355396,21.879906,7
-0.6230492,-0.53641653,3
-4.6605988,4.0902443,9
12.510164,-5.345221,1
7.675955,6.388439,9
8.329995,4.459292,9
-1.1195045,7.2922225,6
-8.668714,8.41231,0
-2.2373545,-0.44486356,3
7.0702267,4.804536,9
-0.0697581,-3.0283175,2
0.57069254,-1.724662,8
14.158532,-4.660463,1
9.846774,14.098148,4
-3.2122421,6.022201,3
-1.604142,3.941901,5
-0.30699152,-4.7642417,2
10.015966,7.5794673,9
-0.385009,-4.328769,2
-4.936792,85.801575,5
0.423495,-1.1377014,8
8.057137,4.7219834,9
-0.7076719,-0.515123,5
-16.20583,6.9636397,0
10.872551,-3.2047098,1
-1.6179875,-3.249784,2
6.4506497,5.3988857,4
-0.88596845,30.543129,5
0.91045284,3.7183247,6
-3.9364018,1.1736143,0
15.882922,-2.531156,1
-0.7756794,-2.9052749,2
1.4732704,-0.70232767,3
7.401939,4.070617,4
-0.3766907,-0.49829423,5
0.44575047,6.5138326,6
37.57874,19.905659,7
15.7629795,-0.62577105,1
-0.25434798,-1.8306378,2
-1.8489972,4.615939,3
3.58953,2.8849487,4
-0.62378794,-0.47257805,5
10.540897,-1.8664143,1
-18.715834,14.917177,0
5.4339423,4.50578,4
-1.7926003,2.501169,5
0.617924,3.8257027,6
-0.17638624,6.848608,6
-0.69103557,-0.5494486,3
5.4468255,5.156768,4
5.854117,8.663517,4
0.27603513,-4.512353,2
9.319624,12.760532,8
10.986128,-2.557593,1
-2.9442837,-0.509245,0
1.1707294,5.717063,6
5.244364,2.8199267,4
4.6981487,1.7087486,9
2.9029515,-0.5680619,7
-0.7542176,-2.3272982,2
-1.5257615,7.4894643,3
14.301204,14.299971,3
10.027431,7.91133,9
-1.2160187,-3.2590516,2
-15.220314,11.172019,0
2.24391,-0.5540106,9
9.046338,3.7616067,3
-1.3540034,4.8324475,3
12.370648,7.037333,9
10.899176,-1.4625309,1
-1.0855885,-0.641303,5
1.5305705,6.235147,2
-2.2046223,5.9506483,3
0.82702374,-0.6012411,7
1.2042605,-0.9303388,7
0.8169491,-0.66380864,8
6.9149723,4.6431503,4
-4.4618545,-0.2217958,0
-0.3949793,-2.2073894,2
7.6749983,10.445194,4
-5.20145,2.9513052,0
-0.791023,-2.552379,2
6.777918,6.173737,4
22.999588,12.2120285,7
1.0102564,-2.0544288,8
-3.735662,5.399458,0
24.831839,19.079008,7
-5.474931,2.54671,0
1.2476553,3.9293737,6
6.135211,3.3028965,9
0.91512716,-0.18048719,3
-0.34961015,-2.5142455,2
0.5981595,-1.7029485,8
1.2440624,5.8098097,6
14.550519,9.539961,0
0.24985981,7.8330984,5
20.853827,11.764805,7
-2.1519003,4.888722,5
12.205573,-2.8468454,1
-3.9309812,2.9227107,0
8.496784,12.928237,8
21.513678,-3.0209484,1
0.88808274,6.427016,6
38.733185,17.720037,7
-1.1271454,-2.5253506,2
8.956294,4.3249664,9
18.656105,24.73197,7
8.394004,9.637445,9
-23.490923,85.50951,5
0.3759295,-0.9380618,8
0.95660067,4.7391787,6
-2.077444,3.2767823,2
0.8305255,5.3181124,6
-1.9889811,-3.4537468,2
0.38354608,-0.9878488,8
13.672664,-3.023793,1
42.938053,18.270943,7
-6.01359,63.51955,5
-3.2851522,3.7117987,0
11.398596,-2.1322792,1
19.854412,-3.0788264,1
-1.2820842,1.5607774,3
2.0932531,-0.27482596,8
9.494127,12.276378,4
9.1062355,14.343712,9
20.168833,-1.6025368,1
-0.4719995,-0.16846484,8
0.03328979,5.0181775,6
0.48160523,-1.0985839,8
2.443349,-0.25808,9
-5.197561,7.487774,0
14.09764,-3.1261196,1
-1.3436003,-2.6689203,2
-1.7114222,-0.2466008,3
8.826007,4.285368,4
-3.1323867,7.855329,5
-0.15865684,7.962491,6
42.01408,25.608662,7
-0.6623336,-0.5955741,8
12.109642,16.173025,9
-5.288818,16.134623,0
14.482796,-5.2233977,1
0.2084944,-2.50965,2
-2.0551634,-0.22214943,3
8.425837,8.258829,4
27.016481,29.157578,7
1.3427964,-2.7614489,8
13.081703,26.336851,9
3.9000719,-3.2821386,0
13.903109,-7.314563,1
33.421173,36.232464,7
1.2331339,-2.7990463,8
10.50171,10.37031,9
12.5831175,18.966635,9
1.5499678,-3.183697,8
13.315297,18.239834,9
1.6425964,-3.3588183,8
7.6317863,12.048687,4
12.000155,-8.185404,1
15.441036,9.902519,7
25.536001,27.350094,7
-2.4818687,4.5151796,3
-1.3989524,0.4615871,3
46.493843,34.287876,7
-2.8913598,9.072844,6
-3.4986854,7.8997087,6
-2.6350994,6.3244004,6
13.031151,-5.5130663,1
12.64673,14.302575,9
-17.159536,29.21741,0
13.429828,-6.8718095,1
52.151604,31.074835,7
-1.7164582,7.9931827,6
-2.3252995,0.1510551,3
3.1596932,6.6573496,2
13.3605175,-3.9558768,1
15.906651,19.430367,7
12.941628,-4.2708898,1
-2.6501193,4.7750607,3
10.87975,10.607893,9
12.48765,-4.839398,1
28.68893,30.68678,7
-1.0098388,8.317174,6
2.0137367,-3.3152313,8
7.686554,13.338047,4
10.380583,-7.8378806,1
7.8480754,13.252295,4
-2.0218456,0.23280218,3
-2.5495214,3.3539479,6
13.532774,30.320112,9
-2.4314144,8.428551,6
9.848838,-7.408771,1
7.5247746,10.211815,4
8.901408,9.730797,4
28.58839,20.959812,7
-3.205057,-3.0317733,2
8.901288,12.180755,4
4.579365,8.599598,4
-5.2915587,4.586404,0
8.5711155,-1.8762501,1
-1.0565221,-2.8521109,2
-1.1636139,-0.9105952,3
5.420747,3.29885,4
-4.559429,12.527473,5
-0.6813731,8.556633,6
28.996788,45.66053,7
8.704628,40.703804,8
7.8783627,5.991665,9
-8.091985,6.5273705,0
8.496095,-2.510557,1
-1.7875341,-3.6126904,2
-1.2142943,-0.6754751,3
7.3112173,6.6028814,4
-24.654264,83.2617,5
-1.516104,7.7251663,6
6.50609,11.298817,9
-11.000097,10.5717125,0
8.867336,-2.6911452,1
5.5161276,11.883622,2
3.169273,10.140005,3
5.654172,4.573371,4
39.728546,52.649372,7
6.4779286,30.535713,8
8.966474,-2.7483337,1
-1.1747457,-0.19660512,3
-3.2266338,3.7401953,5
15.4101515,-5.3053694,1
23.658258,46.569008,7
23.168205,38.719673,7
3.1423361,6.442004,2
11.360942,-5.785727,1
6.1940517,12.958136,4
2.939993,55.140827,8
-1.4751129,-0.77413976,3
7.6626344,17.069857,4
6.2506404,5.6384535,4
-1.5643169,-1.9127644,3
3.828385,4.771035,9
32.28323,63.94567,7
4.9782414,4.655017,4
10.437496,-5.648363,1
3.688415,25.150126,2
-1.5557326,-0.65050733,3
-13.5887785,46.21792,5
11.402663,25.170918,9
14.687195,-7.2257366,1
-1.7566069,6.7788854,6
-22.770935,23.553318,0
11.670559,-4.5756893,1
-6.9197826,7.385916,0
-13.246787,10.283755,0
3.3577237,6.3632584,2
1.6804594,-1.7168013,8
25.111275,57.37152,7
9.444319,-3.9458559,1
10.578117,-5.08423,1
6.7291517,19.75567,4
-13.1635475,10.436245,0
6.6838603,9.792435,4
1.2584144,-1.5878586,7
-1.2704574,-1.1810826,3
-1.7198266,11.286788,6
-15.625483,53.25982,8
-6.221798,7.0029917,0
-1.3652016,-0.768597,3
1.6468116,-5.6495423,7
7.348451,20.681728,4
-8.421209,6.532059,0
-1.895236,10.4292755,6
8.910887,6.6619997,9
-1.760183,-3.655312,2
-1.8817257,9.891396,6
-0.71997356,9.705908,5
0.5986685,-1.3092122,8
-0.8905816,5.763458,6
11.311597,9.701617,9
-6.916179,9.186205,0
11.229782,28.215382,4
-7.440936,5.948022,0
-1.9699918,7.9970207,6
2.9410143,-1.4535508,1
6.811073,6.945057,9
3.1547382,6.21033,2
-5.768654,6.7288036,0
14.531523,20.261812,9
-20.495697,79.16245,5
13.880251,-4.9807405,1
-1.3669212,-2.000391,3
23.607635,44.54946,7
-1.9072416,9.998294,6
14.220121,29.98883,9
-1.6087952,1.2107085,3
-6.518997,8.504399,0
4.114515,7.0562944,2
2.3012621,4.8722305,2
-5.324548,2.2316692,0
12.219896,-1.1127402,1
-0.09320824,-1.061447,2
-2.1328046,1.7696359,3
11.936384,4.594446,4
-2.2698076,-0.42311114,5
0.6527976,4.813536,6
23.391655,10.742793,7
-0.05275303,-0.2767808,8
9.6187525,3.2159438,9
-3.333449,2.3326864,0
13.438118,-0.7419187,1
-0.08983217,-1.037992,2
-0.9824822,-0.2187179,3
6.538649,2.6109698,4
-0.6526622,0.8852104,5
1.0807458,4.470793,6
38.88062,15.9540415,7
-0.5644712,-0.22598572,8
11.392172,4.585072,9
-2.0285995,1.3295984,0
13.684124,-1.604248,1
-0.11157535,-1.219022,2
-2.3484864,5.111945,3
5.5663834,2.7752557,4
-3.6391373,9.107884,5
0.6060195,4.57167,6
26.114666,13.373027,7
0.10225522,-0.42415643,8
9.325228,2.6905456,9
-0.12237297,-1.266814,2
17.672447,-1.3574976,1
31.14952,14.177754,7
-0.061267108,-0.9285237,2
-1.8199949,0.15057677,5
-3.9245262,-0.28211832,0
0.10350647,-0.29707164,8
-5.277408,1.7443033,0
2.1346684,6.543378,2
32.966595,17.275387,7
0.1176161,-0.24300009,8
-0.7404665,0.06237459,8
-2.0859604,4.38124,3
-3.4826522,2.4633672,0
0.7274846,4.043648,6
-2.7320971,1.9524561,0
-0.07572983,-0.98394835,2
27.28003,11.074053,7
0.8714926,4.710049,6
1.4085616,4.636767,6
15.16998,-1.1170943,1
-0.07446237,-0.97909117,2
0.113443896,-0.40586248,8
0.31647456,-0.9917492,8
23.861977,9.880414,7
24.888733,11.145528,7
10.921923,5.780812,4
74.25343,19.399885,7
25.592392,12.01998,7
-0.74633265,-0.2603107,3
34.961548,13.38559,7
12.165772,6.230341,4
-1.4425339,-0.3591063,5
6.500784,3.4471827,4
-0.9059742,-0.2801422,3
-1.2343335,-0.167501,3
-0.41638583,-0.20295006,8
6.223952,3.5544598,4
-1.5270127,-0.44117093,5
10.616968,13.264262,4
14.564121,-2.3232198,1
15.182853,-0.8115727,1
0.17301668,-0.03069171,9
29.2383,11.231409,7
5.05469,1.4644779,4
-0.934039,-0.23515713,3
24.753456,11.008154,7
-0.7828829,-0.5064531,3
1.4884217,8.006483,3
-2.7382226,2.277828,0
1.9913802,6.453544,2
-0.8811457,-0.401627,5
-1.2936331,0.76379323,5
0.6723279,4.1382265,6
-0.70433944,-0.54672265,3
48.993454,6.530389,1
-0.7990644,-0.459709,5
-0.052199036,-1.0162016,2
-1.7108002,3.8783107,5
6.3071856,2.4412458,9
9.124822,3.2793648,9
0.39951545,-0.9012271,8
7.079308,3.4037259,4
17.042448,-0.8863683,1
-3.3293588,2.2415972,0
1.195367,4.6495686,6
-1.1843961,1.21876,0
12.198395,3.4907606,9
0.8686167,4.0759854,6
0.20922542,-0.6082188,8
0.20759107,-0.13307738,8
0.031475693,-0.20500867,5
1.0075146,5.4463162,6
18.515749,-1.7936195,1
15.036167,-0.5786195,1
11.011,5.5468416,9
0.36395657,-1.0975212,8
3.3489745,-0.18478613,9
2.0934055,5.4674397,2
-1.2020143,-0.3712667,3
-0.57266986,-0.37189,5
4.4709125,2.030695,5
7.8061523,2.277662,9
7.3346376,3.0798202,4
21.623497,4.573079,2
24.98055,-2.3297777,1
15.677092,2.5736508,9
6.2889977,1.9613421,4
7.9667864,3.397381,9
17.60182,-1.2886378,1
-0.9588876,-0.23634553,3
16.751135,8.153596,9
-0.07906772,-0.99674,2
-3.2240396,-0.545556,0
1.1719012,5.850213,6
-2.9311206,4.558573,0
11.176264,4.934947,4
-2.7901776,5.061757,0
1.3347747,5.6051564,6
-3.2906084,4.5265026,0
10.668285,-1.9923083,1
-0.39359355,-2.2020786,2
-0.8076501,-0.6590177,3
11.12062,7.000421,4
-0.8385135,-0.58606863,5
0.12360847,4.9693995,6
40.705345,20.655708,7
0.4525982,-1.671608,8
8.672964,3.4515107,9
-5.69421,5.348304,0
11.431852,-1.7932897,1
-0.24339275,-1.7519447,2
-0.9608763,-0.87289417,3
9.435984,6.5192957,4
-1.0168867,-0.77368736,5
-0.8617655,8.454198,6
42.44352,20.42392,7
16.32287,42.966724,8
13.348032,8.569129,9
-6.8011293,4.179789,0
12.152428,-2.195047,1
-0.5413872,-4.760897,2
-1.3610079,-1.5254081,3
11.052399,14.726627,4
-27.147163,90.231285,5
-0.4816333,5.376024,6
0.9571771,-0.7147857,7
1.8126415,-3.5003707,8
10.052055,7.9797134,9
-1.0084614,-0.821748,3
0.7766196,-1.7045225,8
-3.3091714,3.809916,0
29.689806,15.861625,7
10.447243,-1.6366217,1
-2.916999,5.3128366,0
33.489677,18.585888,7
-1.8185714,-0.90005195,5
1.3250422,-1.7024623,5
0.2141223,5.973464,6
13.752486,14.512792,9
-6.63085,8.226288,0
16.920858,-4.9431834,1
-3.871694,7.565534,0
-3.1019769,3.550219,0
0.45459086,-1.4929451,8
-1.2508881,-0.64053965,3
9.349172,6.1703606,4
-3.2816014,7.458982,3
17.110102,-4.8775353,1
-1.2877891,-0.6423884,5
-3.2541084,5.276715,0
-3.0037365,2.65988,0
16.433773,10.035363,9
-0.74319553,-0.60676056,5
-1.0188721,-0.5161555,3
13.6722,7.6978664,4
9.1850395,5.1233544,9
-1.4088941,-0.8306556,3
23.020437,23.39962,7
-0.20622599,6.7837095,6
8.339079,10.2556,9
-1.3717942,-3.5890505,2
13.6698475,17.834433,4
-1.9648037,3.0703115,5
48.089127,27.587446,7
-2.372546,-5.2475867,2
-1.797724,7.2380347,6
9.211091,16.752108,4
13.800646,8.515152,9
2.6151564,-1.1549187,4
10.860021,8.292044,9
10.053621,14.6348505,4
18.212336,-4.311228,1
-1.0471458,-2.5238883,2
-1.0068504,-1.2459128,2
-1.2775459,-0.5377592,5
0.26405567,-0.72591364,8
13.697268,-2.4622405,1
-1.1254716,-0.7644737,3
-1.805264,-3.7978714,2
6.7909164,3.1202142,9
9.101997,8.732007,4
0.50073606,-1.0342606,3
0.41020057,-1.3656932,8
-1.6881909,-3.477969,2
-0.37259454,-3.7734814,2
12.159025,-2.088179,1
0.567968,-1.320509,2
0.19031869,-0.60036886,8
0.6727669,5.289214,6
-0.9457918,-0.48735505,5
10.389492,-1.1922853,1
0.20185697,5.5913486,6
19.85308,11.344839,7
-1.251828,-3.606569,2
11.303458,-2.2542896,1
-1.0828874,-0.94157124,3
0.73636705,-0.3015411,9
-1.7275134,-0.6009873,3
1.3196477,-2.5690238,8
29.682371,12.946468,7
-1.007553,-1.0104436,5
2.200388,-1.2418613,7
-2.2881417,0.008611426,0
14.250412,8.041094,7
10.4694195,12.989183,4
0.4235171,-1.4651517,8
-0.89865077,-0.44885775,8
-1.1603134,1.5767165,5
-3.5459607,4.5317593,0
0.5087975,4.0720105,6
0.14733863,6.1950865,6
-1.6300582,-0.8198981,3
38.600975,40.506844,7
-0.24267232,5.7163763,6
15.677042,8.941343,9
18.331924,15.429884,9
9.609433,15.827332,4
1.4930727,-1.9858305,8
10.087349,12.494671,4
15.546183,-5.209053,1
-3.7661328,9.865537,0
-1.3763663,8.710283,6
-1.4102142,10.325316,6
-5.0258574,6.000899,0
10.109199,-1.9219009,1
2.1862984,5.7505693,2
-0.16262883,-0.26841196,3
10.594994,9.129805,4
-11.798401,101.53573,5
0.13814926,5.468359,6
35.674465,29.87706,7
1.0606076,-1.618263,8
14.706238,15.194477,9
-4.7188888,5.663184,0
11.040975,-1.6732717,1
2.4987774,5.356104,2
-0.5698693,-0.49287742,3
8.193895,6.9949274,4
-4.9175115,44.06342,5
-0.79029095,8.415111,6
60.206097,41.83198,7
5.6872373,31.27952,8
10.280083,6.4455214,9
-4.52245,3.9094942,0
10.586363,-1.4835881,1
-0.32412988,-1.7761929,2
-1.156309,-0.78589034,3
9.869233,12.3163595,4
-5.2135024,82.390305,5
-0.4083498,4.338212,6
46.638264,28.616322,7
0.8309295,-1.9033248,8
13.62553,17.420761,9
26.28644,13.844047,7
9.321288,10.2312355,4
-3.3172486,8.230931,0
9.449186,5.2210655,4
-4.954502,7.1903124,0
11.537233,-2.0331755,1
36.449787,33.87464,7
9.139892,5.487609,9
1.459735,-1.6269858,5
11.4942875,-3.4434242,1
8.409179,7.2965527,4
-0.39750177,-1.8437948,2
11.723568,15.435429,8
13.228279,10.86951,9
7.9855843,6.6551695,4
-1.0105813,-0.83257926,3
47.533875,30.165462,7
0.6773651,-1.1213222,8
-0.3179533,-2.164933,2
12.035975,8.398445,4
11.6019,13.227508,4
-0.3937268,-0.5242791,3
-0.34134704,-0.44774252,3
-0.31640315,5.4101562,6
18.122246,13.621838,9
17.48104,14.656539,9
-2.7557578,59.826874,5
0.70992553,-1.4665369,8
-0.10217142,6.0423727,6
33.30643,29.532026,7
-5.051364,6.5253377,0
-0.47080028,6.2615056,6
0.46656495,-1.7571081,8
-0.17785816,-1.6808506,2
-0.7105469,5.1724296,6
0.31165826,-1.1194096,3
14.944333,11.459978,9
0.12524426,-0.94010574,3
-0.6082328,-2.7770247,2
13.49268,9.301554,8
0.4404161,5.080608,6
10.217318,-2.2255392,1
26.48344,24.918343,7
9.656097,5.845505,4
0.7111728,-1.686701,8
0.6700712,-1.3026348,8
15.099605,13.093359,9
-4.2548447,6.908941,0
0.9491691,-0.6616215,3
-0.27693364,-0.93280554,3
11.027618,7.3783693,9
-3.7824128,7.644457,0
-4.6713724,48.900757,5
3.1920304,6.672037,2
12.3478565,14.686531,9
9.516621,12.942848,4
9.83264,-3.9808986,1
-5.12158,8.496379,0
-0.5982896,-0.71027863,3
35.99406,24.215954,7
-3.0340614,9.527487,5
1.0492835,-1.4591645,8
43.443275,25.587696,7
49.75269,36.976406,7
0.453525,-1.3909118,8
-1.0499249,-2.6935449,2
9.304664,6.6139965,9
34.369354,43.623512,7
9.835024,-3.6863577,1
-0.7749673,-2.8391974,2
-1.1989549,6.1952634,6
13.39845,27.776958,4
-1.2591257,-2.7041512,2
-4.8091145,83.987114,5
-0.5683253,-2.8769312,2
-0.33852327,-0.54170996,3
-0.12350881,6.6865244,6
-0.3151989,6.7613244,6
-4.676922,50.631348,5
-4.310466,8.401024,0
-3.424485,8.612164,0
-0.5507704,-2.3051279,2
0.47808987,-1.4262182,8
11.387064,-3.9051912,1
-1.489686,7.6551695,6
16.965124,-5.0547733,1
-5.5721874,8.776766,0
12.998909,20.547184,4
0.7384985,-1.3336204,3
9.995857,-3.0327106,1
-1.1326853,6.091532,6
9.859246,-4.296172,1
14.860367,15.978732,9
-4.951991,-0.24400091,0
24.823256,-3.1807938,1
12.95179,7.5085683,4
-4.880677,11.881292,5
0.6696601,5.899648,6
29.602207,14.695272,7
0.78959894,-1.5527347,8
4.2233725,2.5020845,9
19.501158,-2.7178373,1
-1.9730682,-3.2654169,2
-1.6980429,-0.29576507,3
7.1449146,11.283069,4
-16.136171,54.007954,5
-0.31051445,7.227316,6
27.038445,20.608595,7
-17.507626,11.648709,0
15.523846,-5.918328,1
-1.8092382,-3.9615507,2
-1.5461649,-0.7605741,3
6.8671894,12.5938015,4
-16.713902,55.018864,5
-0.9638833,8.0051,6
50.31577,27.538435,7
1.9335692,-3.2067423,8
12.045005,8.031435,9
0.36559808,-1.0374854,8
9.905582,14.82841,4
-6.6601076,4.614321,0
-5.3635726,5.7761874,0
0.88730955,-0.6538339,7
3.843926,5.1041594,2
7.8415165,14.423268,4
-1.5823189,-1.1462959,3
1.4112767,-2.821343,8
-2.885313,9.267967,6
-0.4661087,-0.368721,6
-1.2627664,-0.27026442,3
4.164308,6.63321,2
0.25232935,5.969719,6
-1.7438889,-0.28109205,3
-1.4646668,-0.45824558,3
-2.3634706,5.573841,0
13.22576,-5.7685733,1
9.649932,13.246126,4
41.415646,18.212873,7
1.4644737,-3.0910275,8
-6.177611,5.826428,0
-1.3937535,-0.21452162,3
15.573779,-5.01454,1
9.595297,6.952056,9
-4.9349065,3.4838486,0
11.787676,-4.9125886,1
11.75961,7.3073397,9
17.578617,-6.2365026,1
3.7206142,5.4954395,2
33.00182,34.342503,7
-5.4585714,7.683405,0
20.458902,-5.2361865,1
-2.6264825,3.2023265,3
2.758787,-4.985857,8
3.1640387,5.1769867,2
8.072237,6.378694,9
3.2130818,7.6042604,2
21.73195,28.937418,7
-1.5089854,10.0863285,6
-14.621864,48.921265,5
-20.23812,70.31839,5
8.314577,6.1030207,9
11.872965,17.154745,9
2.1552584,-4.8893156,8
3.765679,7.152646,2
7.732055,4.8849454,9
13.214024,-6.6951013,1
2.702805,-2.240239,3
3.7821884,10.555657,2
-1.9478428,-0.6313056,3
8.568753,8.625533,4
-2.509973,1.0641985,3
10.053013,-5.1509585,1
8.505531,6.4664927,9
-5.8611803,7.639022,0
10.443909,9.696358,9
-1.9837623,-0.48541272,3
-2.7210264,8.725979,6
0.8667698,-2.4142725,8
43.342472,35.761765,7
-8.063222,11.574979,0
14.012821,-8.417605,1
-5.604141,9.119922,0
-26.0645,84.69088,5
1.2880232,-2.5324075,8
2.7483945,7.1358185,2
48.777863,34.021664,7
17.501389,21.88876,7
-2.9650776,5.1027,0
24.251657,-2.5807674,1
-0.19874938,-2.6373491,2
-0.49870571,-0.45294827,3
10.220661,6.096574,4
-0.86356795,-0.6511407,5
0.48226094,7.7455297,6
0.82047135,-0.5955249,7
-0.3371101,-0.8929076,8
14.476124,5.536065,9
-3.787402,4.4483395,0
14.186164,-1.2641543,1
-0.36425185,-3.3125517,2
-0.70016557,-0.82152677,3
8.310196,3.6754727,4
0.739046,-1.1316174,5
-0.28060114,6.627628,6
27.090336,14.418818,7
0.40086883,-1.6319296,8
10.078331,3.279087,9
-5.34947,4.7288485,0
11.432178,-1.5282898,1
-0.1704263,-2.4248214,2
-0.7073439,-0.5426662,3
7.971966,3.277185,4
-0.77795225,-0.70217746,5
0.3389814,5.1809244,6
31.302967,16.308386,7
0.53480697,-1.4952401,8
13.281885,6.00963,9
11.598204,-1.868936,1
30.756683,14.88224,7
7.8644247,9.079885,4
0.16911797,-1.1432008,8
12.0644865,-1.4077721,1
-1.3401943,-0.7528441,5
-0.018452883,4.3171525,6
0.10858649,-1.1066284,5
21.071564,14.0404825,7
-0.39298248,-3.9719326,2
-1.3439019,-1.0160139,8
-0.5466076,6.1923757,6
-0.8367139,-0.8097572,3
-0.2595234,-0.3204355,3
0.33868665,-1.1173164,8
0.13470197,4.902617,6
-1.5622298,2.2871122,5
10.475616,8.402195,4
-5.3444505,5.3373203,0
7.601189,3.5226958,9
8.912521,-1.2844906,1
9.834359,6.726122,7
-0.09911643,-2.8817668,2
7.801667,3.1121051,9
13.177275,-1.1898937,1
-1.7040079,2.4494555,5
12.381823,-1.9841821,1
-1.4528202,-0.86140716,3
-0.4844278,-3.4082932,2
-0.4410581,-2.7185104,2
-1.1766344,-0.6808435,3
-5.1797647,5.6470494,0
-1.0214953,6.9865813,6
10.299156,5.875393,4
-0.7544123,-0.56752896,3
26.230345,24.06313,7
-0.26581,6.5066752,6
8.236363,3.930776,9
-4.1921167,6.833478,0
8.14701,11.564697,4
0.30352002,-0.68222725,8
21.625765,-2.6797576,1
8.667902,4.1310463,4
-3.552796,3.3142464,0
0.21431589,7.606759,6
9.915714,-1.7881709,1
0.026622549,-1.8052506,2
-0.19653904,5.518858,6
7.3960843,3.923843,9
-0.10544704,-1.9368912,2
-0.29540545,-1.1277235,2
-0.54818183,-0.5511529,3
-1.0586687,-0.711836,5
-0.9539621,-0.6856122,5
12.410476,-2.3905754,1
-2.8738415,4.481335,0
37.166374,19.084402,7
25.669216,26.739756,7
15.408211,15.984577,9
-1.269754,8.477567,6
-0.21013562,-2.8913105,2
9.75912,5.601898,9
8.421214,10.114018,4
33.83992,21.804201,7
-4.0238547,5.9169374,0
-0.50861704,-3.10059,2
-0.8302834,-0.7785177,3
11.989386,7.773492,4
-4.230381,6.888796,0
-4.4049997,5.8479633,0
0.34500203,-1.062298,8
-0.8547561,-0.6067284,8
-0.649008,-0.8284048,8
-1.4311503,-0.9697217,5
9.213542,-1.8818524,1
-1.0575024,-0.7442068,3
1.3056058,-1.0187515,7
8.002977,10.333481,4
15.517989,16.270601,9
0.9710894,-2.281608,8
-0.48335195,-0.54871774,8
13.508131,7.7674356,9
-3.0082371,6.228342,0
13.13238,6.13461,9
0.35639638,-1.055719,8
16.097576,9.123052,9
-5.4452095,7.3088074,0
-0.3128826,-2.636469,2
-0.9194794,6.254093,6
-3.62635,9.253201,5
0.021452546,5.7662206,6
30.515621,31.249607,7
9.22552,11.966352,4
29.918362,25.769737,7
-1.3709251,-0.8636743,5
8.22546,14.055939,4
13.562922,-4.361361,1
-1.1944748,-0.82239395,3
-1.0329603,-0.7319268,5
-1.2562166,-1.2008431,3
11.253887,-3.5873418,1
-0.81936705,-2.5679238,2
-3.461194,4.966739,3
1.5430526,-1.2258978,4
-0.5923363,-0.51033556,5
-0.06736183,7.3878098,6
13.357803,-6.5610404,1
-1.8537703,-2.7932549,2
-1.2730539,-0.59608364,3
9.868337,22.585136,4
-0.65686154,4.8631144,6
-14.239673,13.289922,0
14.594624,-5.3713455,1
2.8871486,8.811797,2
6.0981717,16.130724,4
-7.285023,76.383896,5
-0.6478616,6.275776,6
1.1104335,-0.848485,7
0.4971574,-1.2657673,8
15.159004,-5.4177227,1
1.0974501,-0.83715844,7
0.3054318,-4.076781,2
9.044627,17.501133,4
14.215805,-7.7113724,1
2.3415117,-1.1311241,4
17.325748,-6.461219,1
10.694488,13.450098,4
4.4341493,1.3863027,9
-3.0446289,8.366879,6
0.485641,-1.354238,8
6.316286,8.601817,4
-4.100625,9.931718,5
-1.1804656,-0.6615226,3
1.9406148,-3.125702,7
1.9296668,-2.234383,8
2.5324175,-1.6875913,4
-0.9403481,-0.5743009,3
1.0581629,-1.5848246,3
-9.214891,69.25599,5
-0.041522384,5.8609586,6
1.2799978,-0.9964114,7
-4.140061,8.591267,0
0.05006957,6.833823,6
13.177734,-4.5713296,1
0.111649156,5.5597415,6
1.265214,-1.7840264,8
1.5526447,-1.2342659,7
-8.312838,9.203081,0
9.09726,-6.366734,1
-2.8371036,4.4925976,5
-8.004053,14.494049,0
1.004726,-1.9265935,8
-9.22905,33.86229,5
-15.872741,15.958906,0
18.231033,-6.351915,1
-7.9190836,27.768227,5
0.5523329,-1.0905831,8
8.659024,13.831148,4
-1.9042062,-2.1898375,2
-0.88216823,-0.4120078,3
13.341929,16.31518,9
28.24509,23.774773,7
0.45793486,5.1275344,6
7.4795694,4.904688,9
10.50902,-5.6980453,1
12.056372,14.242894,9
-7.959985,12.973986,0
-1.798557,11.514113,6
38.33795,23.56634,7
15.53769,-9.813536,1
3.3821902,8.360717,2
-1.2974999,-0.7846153,3
10.658146,15.787935,9
5.209942,7.585041,2
11.16375,22.486149,4
-25.187153,87.06681,5
-0.88669413,-0.70407546,5
-0.8934914,-1.1472007,3
34.409622,25.17911,7
-1.2909552,-0.3706474,5
-1.1643183,-0.71294427,3
16.062418,-5.705367,1
1.6716976,-1.8368132,8
-1.352219,-2.51198,2
-0.7735647,-2.44461,2
-0.94691837,-0.63333976,3
-6.0896473,8.704395,0
-1.7549567,-2.575457,2
1.4398324,-0.76497006,9
8.763163,11.000761,4
13.564469,18.41935,9
1.5521009,-1.2337915,7
-13.332317,30.010721,0
-0.48777533,-0.65705603,2
1.5348119,-0.8217119,7
5.203913,9.10289,4
19.215536,18.388432,9
14.739161,8.488416,9
-0.45819297,-2.554666,2
-2.839514,6.332322,5
16.691181,13.53809,9
1.580887,-1.9475287,8
-1.157953,-0.8328533,3
1.0908678,-1.755535,8
-2.184892,5.8320746,6
1.4061949,-1.1065044,7
-6.1782184,13.232136,0
-4.359358,6.0979047,0
13.035151,-3.5030365,1
-0.13936068,-2.3437061,2
-1.4814761,-0.72772133,3
8.319806,12.80834,4
-3.6280065,6.9824176,5
-0.72531366,9.948147,6
40.716347,22.68018,7
-1.6725298,-0.5818335,8
9.101145,6.156804,9
-7.1733685,11.2718725,0
8.404332,-3.0918257,1
-0.002576828,-3.1991751,2
-1.4911331,-1.1518549,3
6.683529,5.871955,4
-15.238342,50.63518,5
-1.1122992,10.800107,6
21.577398,42.189583,7
-1.6941106,-0.8506457,8
17.02224,19.779646,9
-5.7592745,9.43894,0
11.013166,-2.2935789,1
-0.10461511,-1.9754171,2
-1.5918163,-0.7621443,3
6.6786923,11.816509,4
-17.971909,58.765625,5
-0.9593247,9.244464,6
42.630898,36.78969,7
-1.3417937,-0.7258793,8
15.60346,21.749355,9
-4.6322064,7.7132635,0
-5.864866,7.3298464,0
20.813148,26.357668,7
0.3223111,-1.4449481,2
-1.249646,5.83169,6
-15.356583,51.59224,5
-18.154697,61.677593,5
-1.8244772,-1.4431697,3
27.869373,34.46065,7
-1.2258741,-0.7413771,8
-0.19210172,7.6122746,6
-0.74701,8.4862995,6
-0.4241296,6.227933,6
-0.03495574,9.206044,6
9.201247,12.953409,4
-1.2958952,-0.8851155,3
2.9693055,13.155699,8
-0.9616134,-0.60649455,8
-1.2956233,-0.70364094,3
-4.8909674,7.8697853,0
11.4212055,-3.790263,1
12.666294,14.1675415,9
-3.1969993,7.9515924,0
-1.6818818,-0.6306726,5
8.909143,13.508926,4
9.255875,-2.5176122,1
15.217897,16.242123,9
16.2714,-7.4444246,1
-0.40600777,-2.5467007,2
48.411026,29.666538,7
-7.074504,9.777509,0
10.474339,-4.1254835,1
-1.6895785,-1.202604,3
-0.93445355,-0.49095827,8
-0.20192929,-2.3352668,2
9.718234,6.9452744,9
-0.5666044,-2.386215,2
27.272812,30.02108,7
2.1499698,-1.7553664,4
-0.0418763,-1.901403,2
-0.5089935,7.2193394,6
-20.380499,68.109985,5
-13.406528,43.109207,5
10.22534,14.082384,9
8.300446,11.671858,9
12.213593,-6.105966,1
10.270012,-4.087283,1
4.647734,-3.934392,5
24.84138,17.426056,7
0.009459972,7.103111,6
-0.75586206,-0.57478726,8
0.21551621,-2.1215174,2
16.312843,18.780003,9
7.4438515,6.5060425,4
-1.2921839,-0.6952385,3
11.860728,-2.7968402,1
9.518485,6.3125677,9
-7.4515257,7.6646442,0
13.540574,8.3628845,9
-1.0363603,-0.6120838,3
-0.71836036,6.0454817,6
-1.4560924,-0.35734436,8
41.05426,22.819609,7
-4.0261745,8.065745,0
11.340573,-4.3807073,1
-5.5793843,6.518116,0
-3.8518596,10.817923,5
-1.5805305,-0.7635399,8
0.017660707,-2.2254777,2
29.01222,21.910603,7
20.736244,27.127459,7
-3.6499217,2.5129497,0
35.370064,1.5432603,1
-1.6662102,-2.0750287,2
-0.671779,0.20900676,3
4.507047,2.4616537,4
-1.2164131,-0.05004427,5
0.44839466,3.4179533,6
38.634697,19.008633,7
0.32604888,-0.99317765,8
7.013356,2.7951608,9
-3.9528122,-0.03707528,0
21.52875,-0.54957294,1
-0.11192328,-0.21000873,2
-0.25252748,-0.120696664,3
3.423957,2.5332966,4
-1.4155836,-0.100202024,5
0.28552687,-1.094212,8
4.390548,2.1649985,9
-3.8076415,2.3871982,0
15.106985,-0.73755103,1
1.8153353,5.7819386,2
-0.39945984,0.13174017,3
4.07467,2.6799216,4
-1.7378832,0.8520997,5
0.7666408,5.673857,6
31.892561,15.168178,7
0.30089265,-0.933636,8
11.119431,5.0640364,9
-1.8962942,-2.0843315,2
16.192041,-0.28232783,1
-2.0459738,1.3664414,2
24.087318,0.44072726,1
-1.7691294,0.95579165,3
7.733651,2.5332997,9
1.7069199,0.036196202,9
0.24272957,-0.8746153,8
-2.2808793,4.0113015,5
-1.1395345,-0.30054176,3
59.823986,32.81328,7
-3.6791613,3.773231,0
30.530933,24.508514,7
24.80371,24.707825,7
-1.6054689,1.6901212,5
22.202915,11.916477,7
3.3621297,0.12229645,9
7.700399,3.9467165,9
4.1313944,2.9188838,4
24.183575,13.261137,7
-4.8998423,3.826663,0
-0.91748494,0.57039154,3
4.699268,2.0099785,4
19.76495,-1.0833772,1
-1.514799,0.8108747,5
0.1778232,-0.6216606,8
19.626822,-2.4872732,1
7.082777,3.4121404,4
0.32574916,-1.019515,8
3.4521856,2.6527164,4
11.186629,-1.1912323,1
0.33966762,-1.1592298,8
1.2422429,2.42977,6
1.3389629,4.82659,6
5.607006,3.0055156,4
0.48928857,5.7897663,6
-2.245506,1.257158,0
-1.2767558,0.49281207,5
-0.23989742,-0.31570435,5
-0.5644091,-0.3196716,3
-0.3980365,-0.33812118,3
-0.6728038,-0.26173365,5
29.947275,14.937403,7
-1.333393,-0.9088029,2
1.6123748,-1.286374,5
8.601951,3.5311003,9
0.65448284,4.7406816,6
11.621909,6.630582,9
-1.7525983,-1.5648046,2
0.5070057,4.5104713,6
-1.4917622,-1.8209145,2
15.140236,-0.4493848,1
-3.63174,-2.8637948,2
-4.234758,2.6801043,0
-0.11162757,-0.2944593,8
-0.30587468,-0.16743238,3
-0.30584228,-0.1402619,8
-0.27105615,-0.31897137,3
-5.053727,2.4210012,0
-0.25903255,-0.10245447,8
57.65679,15.155239,7
4.817323,2.400971,4
12.463331,5.4026146,9
1.0061625,-0.7575201,5
-3.9050696,-0.31243086,0
7.5158143,3.4576447,9
35.78397,18.585783,7
-3.4195752,2.4148922,0
-3.5176115,2.7765172,0
7.6541934,3.0257182,4
1.2560097,2.995864,6
-3.3857718,2.5408316,0
11.723513,6.514378,9
12.58297,-2.8349802,1
1.1496892,2.4551735,6
-1.2638457,-1.9741216,2
65.43039,16.933855,7
1.1042695,2.3982303,6
-0.07068201,-0.04815351,8
-0.33379763,-0.17067805,3
-0.9862448,-0.25226334,5
-1.5277289,-1.8332416,2
16.362825,-1.1189679,1
-0.3129403,0.7171309,8
-0.8757124,-0.097191066,3
-0.5092086,-0.10562235,8
0.90389156,3.6066263,6
18.506994,-2.6274095,1
-4.7027593,0.10267341,0
2.1553874,6.8717146,2
21.659643,-2.233299,1
5.7645435,2.99649,4
-4.419504,5.4351153,0
5.706367,-1.9040315,1
-0.10708769,-3.4854715,2
-1.4616209,-0.90818346,3
14.424276,21.946196,4
-1.2567352,1.7337756,5
-0.774169,5.65727,6
40.886,24.030487,7
-0.86347026,-0.83952886,8
15.3164625,23.686672,9
-7.747988,5.5288153,0
6.097231,-2.461244,1
-1.4941347,-4.2981305,2
-1.3178452,-0.84943414,3
7.429085,5.298522,4
-1.0148557,-0.74672997,5
-0.85638016,6.8177056,6
37.04515,23.30932,7
0.23189436,-0.9824299,8
10.065903,8.930046,9
-21.957329,17.244059,0
8.3110485,-3.394469,1
-0.46935362,-4.867871,2
-1.5396038,-1.1561133,3
7.6001935,12.844559,4
-7.675338,36.70062,5
-0.93087745,5.0365086,6
38.948727,28.98483,7
0.37113976,-1.3564374,8
1.5049008,-1.1926147,9
14.276648,8.510195,7
-0.64570177,5.291754,6
9.629805,10.833495,4
32.610054,20.283213,7
-0.9035351,4.4674788,6
-2.2599518,-4.884822,2
-1.3679187,-0.7555056,3
13.391455,18.575788,4
0.44755948,-1.4639949,8
45.85446,24.515556,7
-0.6170642,-0.58652884,8
-0.14241147,7.227122,6
12.529423,9.160927,9
0.21050273,-1.0612243,8
-1.141212,-0.96621424,3
-1.534446,-4.338897,2
-0.45226783,-3.3533752,2
-0.53146315,-0.438343,8
8.349439,6.1425333,4
-0.6417808,-0.7656268,8
-1.5566875,-0.76773906,5
-1.1363862,6.064289,6
2.1524136,8.384846,5
-10.094638,6.3513293,0
-0.66620785,-3.418883,2
-19.84269,12.856226,0
5.571871,-2.2023342,1
9.683148,-3.6167197,1
-0.7626283,-3.9559414,2
10.077127,6.050354,9
-0.5825326,4.1459208,6
-0.31039205,-0.407992,8
-0.52399534,-4.4877048,2
8.167619,-2.5087228,1
-22.991465,17.148975,0
-0.21568775,2.9406166,6
-1.1866491,0.8742063,5
-0.5609864,-2.8639054,2
10.05225,6.527931,9
40.06578,27.117933,7
-0.112041175,-1.0193104,5
-1.7203933,-1.0275757,3
16.35482,15.350029,9
-1.1866865,-1.2194536,3
34.812572,16.774231,7
7.301676,-2.2771797,1
-1.4131478,-0.33697355,8
-1.2189165,-0.97628784,3
0.2810993,-1.1032264,8
6.728115,-2.526033,1
10.914575,8.575518,9
-18.133335,59.247795,5
-4.2754335,12.113805,5
-6.0866265,3.8613777,0
5.242626,-2.1823494,1
5.281269,-1.8842297,1
17.105385,18.353575,9
0.2187967,-0.65980846,8
-1.6353723,-4.3940654,2
-1.0526519,5.4922323,6
-16.85181,11.742409,0
7.843894,8.788143,4
-27.833168,104.94746,5
-20.09293,15.750368,0
-1.5981923,-1.8775702,3
8.843077,-2.2502818,1
-1.2468534,-0.35055152,8
0.17108989,3.6331103,6
37.015495,20.76577,7
-25.491024,85.204346,5
8.834539,5.0104103,9
10.476218,7.0417747,9
-1.575558,-1.015729,3
-11.791664,5.176295,0
-1.5273836,-0.98774076,3
8.638226,-3.1363845,1
9.598799,6.3776183,4
12.183781,7.69742,4
-13.256831,7.841897,0
6.511353,7.5568438,4
18.115437,15.080212,9
-5.271714,3.7970757,0
6.9844284,-1.9123834,1
3.6117327,7.43563,2
-1.5317883,-0.4222099,3
-12.558296,41.686684,5
-0.7709758,3.8817399,6
64.091255,31.646221,7
0.89531136,-2.0418413,8
-7.7310443,8.139033,0
4.162692,-2.7528594,1
4.8013296,3.6523345,2
-0.67236733,11.8672905,3
4.614603,13.7178135,5
-1.3944665,5.0706325,6
53.84012,31.254803,7
-0.9906366,-0.81423616,8
8.673883,5.9945946,9
-7.8449945,6.4571695,0
5.423609,-3.4093564,1
3.121027,1.8572083,2
2.6956773,8.605055,3
-21.54947,72.10117,5
-1.4727845,5.3916464,6
47.49955,37.230213,7
1.079064,-2.7991238,8
13.1691265,16.4826,9
7.310321,4.252532,9
32.651215,18.44676,7
-6.96091,6.9823737,0
9.492163,6.809802,9
-7.276921,5.776808,0
9.569768,-5.0670877,1
-13.099917,42.943977,5
0.46725887,-1.6759279,8
-0.27287334,-1.420117,8
-7.915662,7.411655,0
8.07599,11.504914,9
-1.4817957,-2.2434323,3
3.876586,7.501344,2
22.64407,33.752945,7
0.698105,-2.4823236,8
8.403165,9.691975,4
-0.98969626,8.818272,6
10.106732,-4.3397455,1
-7.5379906,9.612525,0
7.9442286,12.407424,4
8.256159,5.999403,9
5.8575263,4.2143607,4
4.5762353,3.2040176,2
-13.49454,11.4997635,0
-18.599762,63.058434,5
-15.058018,10.145466,0
8.361313,-3.6649349,1
-0.8739821,5.1611924,6
10.98399,10.678356,9
-1.4205636,-1.0108484,3
3.7512784,6.629566,2
9.385965,6.610336,9
5.718462,-2.5566955,1
-0.52815974,6.291881,6
-4.911293,3.6560106,0
2.0449173,-1.6874863,1
5.0353627,-3.0361955,1
6.942427,35.503693,8
19.91228,33.78222,7
39.829376,31.65055,7
-0.96967113,5.2562037,6
-1.3070394,-1.6461929,3
-1.1872823,6.155943,6
-5.9867682,4.981539,0
42.575424,36.79893,7
3.3514662,7.0356054,2
6.3488064,5.584546,4
9.541828,-5.264503,1
19.332972,33.327187,7
-6.05803,5.5252113,0
-1.2178477,6.1744595,6
20.268288,34.731262,7
4.658068,-2.935417,1
2.707708,2.183309,2
-25.567638,85.574005,5
0.5576969,-1.8497742,8
7.319687,-4.089584,1
4.004776,0.041117787,8
3.5311782,7.8175297,2
0.6925759,-2.5177724,8
45.183434,41.84727,7
-0.7053078,5.950333,6
0.7332825,-2.5184715,8
2.0680692,-1.6839173,7
3.8124163,-2.9965303,1
-0.59727824,6.248487,6
2.9217134,7.3110795,2
10.741967,7.1645927,9
-1.388205,-0.6919948,3
-9.483446,7.944441,0
6.3041945,-1.245677,1
-0.43427762,-2.504902,2
-0.55172426,-0.24149698,3
7.7600856,6.3609943,4
-1.6155504,2.5114791,5
0.48744702,5.2120223,6
43.463432,26.674175,7
0.78583866,-2.0999725,8
15.956629,10.17815,9
-10.824542,3.8788729,0
8.085176,-2.4414556,1
1.7403847,5.8991613,2
-0.4209883,-0.69846165,3
8.01314,6.6793256,4
0.13746859,-0.6774207,5
-0.18677545,5.781353,6
43.333435,25.72905,7
0.34496865,-0.3111582,8
15.299325,6.6617475,9
-8.173573,5.1045785,0
7.130063,-2.3764746,1
-1.0544827,-2.9756918,2
-1.779727,-0.16476873,3
11.158168,14.700929,4
-8.115076,24.218801,5
0.23355341,3.9449236,6
39.002914,32.161095,7
0.55688363,-1.5765619,8
10.044481,4.9991674,9
0.34416753,-1.0163734,8
13.267494,5.8376026,9
-1.1042975,-0.47876835,5
32.570206,22.019491,7
-7.0624523,5.0797987,0
-1.5610257,-0.5065584,3
10.630808,-2.9155807,1
-0.21344602,7.4430585,6
1.7049571,-1.3671418,8
7.310525,8.321726,4
10.276848,-3.0766373,1
-6.9748306,73.65334,5
-0.07659805,5.432636,6
6.20188,4.706465,4
-0.4753073,-2.5152254,2
46.028736,38.516846,7
0.45098358,-1.5075272,8
9.057853,-2.016139,1
-1.2488583,-0.6402577,3
11.201382,6.740712,4
-1.3345942,-0.29607758,3
8.838447,12.352153,4
32.32259,34.05204,7
-0.66362727,-1.8222964,2
-6.056201,4.5794554,0
-10.771923,32.87177,5
-11.826047,8.69924,0
3.3714254,-1.8150145,1
15.099878,12.114131,9
-0.42554235,-2.3245144,2
-1.8482958,-0.22419682,3
-0.69307274,-3.2763982,2
-1.0617037,-0.41767505,3
-35.0119,118.08792,5
-18.830912,64.59545,5
56.335243,56.887695,7
5.7856627,23.759876,8
5.374064,4.570239,4
8.206444,4.1999846,9
15.959528,9.923117,9
1.8043699,-1.4538685,7
9.110048,-3.1434596,1
11.876298,-2.8393466,1
10.10153,6.6195064,9
-7.916356,8.159176,0
1.051954,-0.7974681,7
0.4084944,-1.4169792,8
-1.4576719,-0.57743204,3
8.203644,11.029717,4
5.0215845,18.302925,8
0.52661705,2.2307258,6
-1.5233027,-0.26097283,3
5.5401673,23.991364,8
-18.95999,15.835104,0
9.171387,5.359209,9
-0.48812902,4.31076,6
1.992343,6.8145967,2
16.204563,-1.3063637,1
-14.287036,8.42441,0
6.908694,-2.0761156,1
-6.775318,6.246969,0
-0.7026421,5.752553,6
2.5022397,5.9756308,2
-1.872049,-0.45771518,3
0.36752343,-1.2705479,8
14.6875,7.702984,9
-5.451418,6.0394154,0
43.78672,36.53976,7
3.322739,6.4274254,2
-1.3261902,0.020293832,3
10.1078205,5.996379,4
-0.9956515,-0.45550093,5
-1.1039634,-0.57906556,5
2.208259,5.8520985,2
3.427159,16.113596,8
-1.3577672,1.7588046,5
10.045107,13.010313,4
0.3626635,4.271281,6
-0.022776484,5.851602,6
-0.268417,6.168553,6
1.1957756,-0.92293674,7
15.700525,10.985989,9
8.807472,-2.9488487,1
0.9854396,-1.8851151,8
2.3179255,6.051659,2
8.713466,-1.0286176,1
-1.1213441,1.666607,5
-1.4220283,-1.2277509,3
10.007934,6.2433376,4
39.61243,34.971043,7
9.491016,5.705798,9
7.6804667,7.1431017,4
-4.9546785,6.040865,0
-7.802153,5.2448273,0
-7.251361,4.4112587,0
8.759695,-0.8699125,1
-0.031382143,-1.3567599,2
-0.9765168,-0.7830087,3
6.475104,7.7634,4
1.7700876,-2.186018,5
0.23960829,8.578119,6
1.8012865,-1.4511786,7
-0.5902608,-0.5321359,8
15.667809,9.420586,9
-6.7771325,4.1985064,0
9.35564,-0.96951616,1
-0.06281848,-1.2910602,2
-1.1173224,-0.6348901,3
10.4872875,4.8224344,4
-1.1264056,-0.7621841,5
0.22858071,6.2525606,6
35.29057,24.218283,7
-0.7461615,-0.67505753,8
15.65517,9.6527195,9
-3.7109432,3.3515055,0
6.835705,-0.2357538,1
-0.073786065,-1.473714,2
-0.6309178,-0.7989957,3
1.5521182,6.5057154,4
-1.4704349,1.8886526,5
0.09010041,6.5276194,6
8.505451,3.802119,9
-4.6276293,4.436448,0
9.733921,-1.2538278,1
-0.89653265,-0.6269834,3
8.161631,-0.9166575,1
1.0425801,12.465727,5
10.430267,-1.2448145,1
-0.3170462,-0.19004007,2
8.343751,4.1367755,4
11.427458,5.5539794,9
0.37173334,-1.2114444,2
4.3270874,8.71039,4
-0.32090282,7.9366436,6
-1.7436708,1.6097759,8
-8.953959,9.8155365,0
12.840296,-2.4912562,1
8.791785,-1.3645138,1
10.207634,5.2969217,9
0.024243236,-1.3397985,2
0.13539791,8.696224,6
-0.36511374,10.52429,6
-1.0116388,-0.8042132,8
1.7692008,-1.4231874,7
4.4740396,8.38484,4
-0.2767983,-1.7544913,2
13.729472,7.8482914,9
21.330315,12.428074,7
-6.976738,5.1662455,0
-0.30628204,-1.2930329,2
10.571438,-1.63748,1
-13.916697,10.974943,0
-1.2351283,1.1409421,3
-0.1504718,4.275249,6
-6.331104,-0.46004903,0
13.377842,-4.9052987,1
3.990933,6.590562,2
-0.8554686,-0.7278237,3
6.3606305,9.694235,4
-8.447131,80.02169,5
-1.2061838,6.5206814,6
37.41289,22.537294,7
0.32559824,-1.377562,8
6.834016,4.556876,9
-6.3494506,4.420421,0
9.346518,-2.9222717,1
-0.3706969,-2.3516319,2
-1.292536,-0.57430375,3
8.735048,7.222741,4
-27.535337,109.09889,5
-0.870924,5.17672,6
27.585812,15.808035,7
0.29073727,-0.9999467,8
8.504874,5.7082872,9
-6.5724354,6.2007732,0
8.650822,-3.5064018,1
-0.38500917,-3.017648,2
-2.168749,-0.27480066,3
9.981426,20.239704,4
-16.699947,53.460606,5
0.19390798,9.596205,6
1.2374136,-0.9592613,7
1.6964644,-3.9041133,8
0.88566893,-0.46700674,9
0.8877598,-1.8650836,8
-0.3398552,4.9803743,6
-2.5291603,56.986687,5
8.510608,4.6297655,9
1.1940109,-0.92139715,7
-7.8235807,5.4122963,0
-0.44750333,-2.6767786,2
-1.0524323,-0.40861213,3
8.668418,8.891958,4
-0.39963692,-0.25725138,3
1.342363,-3.482757,8
-27.406933,94.0475,5
12.326949,-4.2509856,1
-4.4599195,10.93399,5
-0.5248774,-3.0650725,2
-0.9604472,-0.7515789,3
-18.336489,13.648443,0
10.769873,-5.6091027,1
3.7908072,6.24329,2
14.346981,-4.5595303,1
-1.0912123,-0.42000514,3
2.4994428,6.139734,2
-0.47832444,3.675537,6
-31.154408,118.17787,5
-1.3958833,-0.57548136,3
-11.838209,10.117892,0
20.71072,31.50942,7
-0.5448494,-3.2935362,2
24.919449,23.31654,7
8.224186,9.31308,4
-0.9835968,4.9785323,6
12.256777,28.153244,4
-9.237017,6.397132,0
-10.7488985,36.254257,5
9.341044,18.617811,9
7.7809625,16.518402,9
-6.8892593,25.282228,8
10.579624,24.785107,9
-1.4084886,-0.4078518,5
-0.753314,-0.31535646,3
10.205615,-4.28849,1
46.95388,29.495304,7
5.3912644,4.6267524,4
33.487843,36.078697,7
-0.83881605,6.771054,6
-2.5334418,6.868066,5
6.9251394,6.2869673,4
-9.256925,13.496055,0
-8.976839,4.056483,0
0.020079851,3.1319957,6
-1.5417846,4.6323195,6
3.8359027,7.0144043,2
-15.64875,18.27116,0
-0.7704788,5.6473083,6
-1.3809829,-0.8895521,3
27.086025,22.67323,7
43.892105,26.336279,7
6.333459,6.1526203,4
5.478812,4.041029,4
-1.531283,-0.90713865,3
9.862476,7.570552,9
-1.4333711,-4.444799,2
1.4953963,-2.6309075,8
6.073019,2.9780345,9
-0.5544327,4.575176,6
-18.253666,14.135348,0
4.200965,2.5508273,9
-1.4646593,2.086515,5
-0.9615549,-0.50774384,3
0.4327107,-1.7667545,8
-0.17958462,-0.62838537,8
1.0618491,-0.80610055,7
11.6845875,-4.1808214,1
8.8705435,12.790596,4
-7.667651,6.2913566,0
7.2710814,6.382983,4
0.68660325,-3.2538295,8
-2.501543,27.29128,5
-0.38724977,-2.8912866,2
-1.4904966,-0.27523255,3
11.302001,17.285486,9
-18.413387,21.708126,0
12.382012,-6.892835,1
9.725708,9.411819,9
13.10165,-7.085703,1
-19.247004,64.24376,5
11.759048,-5.9359283,1
26.03311,21.27926,7
4.9075546,4.349702,4
8.886932,39.11949,8
-0.9985356,6.0853305,6
3.965431,7.6295385,2
8.615548,-3.3413131,1
-2.2732687,8.310876,6
1.8107095,-3.0973797,8
1.4704394,-3.4327676,8
-10.076414,9.442716,0
10.581521,-6.8070316,1
3.2850316,8.296584,2
-1.5991693,0.61567026,3
7.4172387,6.43974,4
44.490864,28.369104,7
1.8766104,-4.483993,8
8.707598,7.5175257,9
-7.875836,5.1878085,0
11.058487,-4.1211967,1
5.762441,7.6296577,2
-1.7245195,1.6698744,3
7.448473,21.010975,4
-1.9714191,10.08212,6
0.9619016,-0.7189073,7
4.4064946,24.284082,8
7.420972,4.739253,9
-22.417236,14.855717,0
11.64392,-5.033096,1
3.3006835,8.760275,2
-0.82064617,-0.39998105,3
6.8801847,6.8574305,4
42.771805,24.306396,7
0.52576625,-1.9837005,8
8.065374,5.37765,9
13.219854,-8.473703,1
8.878715,10.015516,4
-19.116781,105.00538,5
-1.1211605,-0.5157057,3
-0.14670418,0.06002443,3
-20.965525,17.351633,0
8.647086,6.557724,9
-20.841837,81.99522,5
5.6478376,11.8807535,4
-1.3943133,1.3732798,3
-17.9716,25.611012,0
9.106591,29.038004,8
9.905608,19.212936,4
-1.2580812,11.07117,6
1.2903695,-1.0054595,7
-22.635347,21.180902,0
59.815178,29.835552,7
22.704447,29.333029,7
9.956839,-4.7308135,1
0.15236378,7.4278708,6
6.31936,3.8798633,9
13.246902,-5.388544,1
-2.1657016,1.283214,3
-0.9212059,8.790774,6
2.3346047,7.696739,2
-1.469292,1.1814258,3
-0.7220111,1.0809648,8
-1.0586504,-3.0735846,2
-2.6382754,3.8848894,3
0.46445078,-1.1267747,8
8.618036,11.016463,9
-26.658077,99.6924,5
0.49941605,-1.5641471,8
4.2834234,19.766336,8
54.91085,38.74581,7
12.909459,-6.7855897,1
7.2313004,7.098152,7
12.5155525,-6.87234,1
13.022104,-5.6387334,1
-7.84395,4.809789,0
-1.4717052,1.101109,3
10.798613,20.07578,4
2.792624,7.0200863,2
0.44230604,4.3519263,6
10.68726,19.521313,4
37.02266,25.539875,7
8.610309,15.481789,4
3.2776432,7.622254,2
1.269823,-0.9875349,7
8.442729,7.7608585,4
3.4828665,11.720882,2
9.37056,7.12922,9
-0.89518774,-2.3770394,2
23.340725,10.071407,7
7.336704,6.2238946,9
2.0723994,9.990657,2
12.4273615,-8.005471,1
-2.9158742,9.174125,0
-2.4582767,9.87342,6
4.0940685,-3.4513795,5
-1.5268657,-0.38859352,3
6.3800697,12.756613,4
1.9546872,7.296877,8
-31.465906,135.18176,5
6.0337257,4.095028,9
0.37868702,3.975126,6
9.988026,6.982596,9
-8.542522,7.4173865,0
-1.0596969,5.7122197,6
-1.388343,0.34957454,3
-10.665224,7.279165,0
-5.2125015,21.081203,8
11.486027,-3.6200857,1
-0.20391339,3.7390804,6
-17.484497,18.017733,0
-6.748373,8.106131,0
9.519823,-2.4116728,1
3.5531807,6.56399,2
-1.036029,-0.49364167,3
7.424285,3.9578183,4
-3.3285692,38.22816,5
-0.18857217,3.533628,6
32.500923,20.140055,7
-17.39084,13.371152,0
8.409012,-2.1900709,1
3.5614555,6.8523593,2
-2.3708553,1.5216969,3
5.6063375,3.4560974,4
45.38853,22.4501,7
4.517376,22.405588,8
14.223069,13.097359,9
-12.627678,16.86288,0
9.217709,-3.7343807,1
3.992779,7.3677797,2
-2.5107062,2.7668035,3
5.8690457,3.945485,4
33.528492,27.32695,7
-1.6720072,-4.1147323,2
-0.9415049,0.7356598,5
16.753662,-4.6375647,1
-0.86987865,7.764187,6
9.2924,4.951552,4
-1.6408979,-0.5183139,3
7.259215,4.4985013,9
9.273368,6.4918914,9
-21.043808,20.795046,0
5.6065216,3.8494833,9
33.382576,18.405504,7
8.348611,-1.264297,1
-0.60126686,8.643585,6
9.497229,7.4935985,4
-1.130914,-0.3286901,3
-0.5109161,4.994106,6
3.8140817,6.5852537,2
-14.834609,12.761302,0
0.935471,0.8894193,9
1.3273146,-2.5565715,8
-1.1092966,6.8531647,6
-0.9929515,1.3075795,5
34.842773,33.468933,7
-15.14129,22.89283,0
-15.4537945,20.304853,0
15.135853,-4.485192,1
48.020134,23.903442,7
4.386585,5.989606,4
-1.1784723,-0.508505,3
4.054846,7.8189545,2
7.7453775,6.4012384,4
10.369241,-2.234873,1
-2.4216232,-0.34981126,3
29.48898,20.438923,7
-0.617193,7.059298,6
5.046665,2.9099305,4
37.50422,18.219025,7
45.521915,21.17985,7
49.833897,25.606344,7
6.6930523,3.9163303,9
6.7079115,31.955585,8
6.385564,3.981744,4
-1.8806092,-0.09962386,3
-9.280832,32.615196,8
-0.46081066,-3.1001337,2
-0.2822827,-0.61786777,8
-1.0325527,-0.43650067,3
-18.418602,60.64327,5
-4.111415,71.2944,8
-10.302001,10.658369,0
-10.040285,29.136717,5
7.5340233,8.726532,4
72.74681,26.99442,7
9.605164,-2.1392992,1
-0.9762711,0.26761502,3
14.132374,-3.0983717,1
34.56698,17.83239,7
10.334676,9.426021,9
-0.87216914,7.406706,6
-0.41027683,-4.4705305,2
-8.635712,12.015413,0
4.7822504,3.1029863,9
12.903436,-3.3281472,1
51.680683,27.780037,7
-1.0015241,-0.5543746,3
-1.2553815,-0.2898339,3
6.485568,4.3401237,9
12.765569,-3.9837458,1
-1.1847348,6.7383704,6
4.4663305,3.637709,4
-2.36457,4.1326523,3
7.585783,4.7449603,9
0.643049,-1.4537035,8
-0.5355879,-3.2872138,2
11.707167,-2.193525,1
6.038495,32.166836,8
-0.12149334,4.834803,6
2.2271588,3.6403632,4
13.728052,-2.9685085,1
-17.018694,58.525414,5
-20.085106,91.434654,5
-1.1347266,6.258959,6
-1.0665611,1.1552056,5
-5.374647,2.1543167,0
21.521734,-0.6452683,1
-0.3626535,-2.4673946,2
-0.8860228,-0.34599766,3
7.487673,3.146551,4
-3.694285,10.514517,5
0.48706746,3.3970106,6
41.50454,18.223373,7
-2.3474634,-0.095532,8
5.820507,3.5464926,9
-13.144671,4.9608927,0
7.9618587,-0.2820206,1
-0.7914811,-3.2009401,2
-0.7435715,-0.95057786,3
11.969248,6.014783,4
-9.448569,24.880966,5
0.53192985,2.171165,6
18.010193,6.0640855,7
-0.99362135,-0.101695806,8
3.9267137,1.9172134,9
-11.2024765,4.4167576,0
3.8648074,-0.1303175,1
2.4525697,5.5339465,2
-0.7419928,-0.39833558,3
5.2040586,2.229486,4
-3.9051797,10.0225935,5
-0.80673206,4.9699306,6
39.09275,18.60467,7
-1.6819266,-0.4947407,8
8.538961,5.8706527,9
0.6075313,5.4262266,6
6.5325303,2.5929503,9
40.131905,18.13507,7
-5.657951,2.666741,0
2.9441164,6.9165516,2
-1.0709071,-0.28838405,3
4.3075643,2.0246134,4
-0.41007823,-0.16025274,3
-1.1721334,-0.57115984,8
-2.5930257,6.1382675,5
8.495499,-1.2436695,1
-0.53314584,-0.8142247,3
-21.319412,12.237534,0
8.498627,-0.03882829,1
2.6814425,5.6591625,2
4.511799,-0.3627432,1
-0.7145301,-0.45582175,3
-0.10935269,-1.1127994,2
-8.341962,3.7401822,0
4.7893634,-0.22647817,7
-0.2037959,-1.771265,2
0.21320748,4.532049,6
3.4329827,1.7866975,4
-4.5431895,3.7213607,0
-1.4943657,1.8178072,5
9.070984,3.6636658,9
8.184907,2.7041514,9
0.44136703,-1.4181312,8
8.912008,2.84508,9
-32.718822,127.353424,5
-1.4327986,-1.0171372,3
2.9698856,-0.2575398,1
3.9665494,-0.14036466,7
5.754668,3.195064,4
3.351723,-0.23666984,7
-17.321112,8.054804,0
-8.823385,4.492529,0
0.45461583,4.961669,6
0.60829794,4.4314175,6
0.85237277,4.33661,6
-1.1161753,-0.60891867,3
6.833109,0.48920313,7
10.494634,2.968696,4
-0.078548715,-0.99475104,2
-0.88059235,0.81284744,8
0.17301668,-0.03069171,9
0.36427912,-1.2222579,8
4.636718,-0.17103828,7
17.744911,0.6342801,1
3.4923341,1.4361736,4
-6.7118545,2.1993122,0
2.057877,1.7258618,4
-2.9110827,5.325037,8
-0.91805315,-0.6940905,5
2.2375178,6.616549,2
-0.8669825,-0.75732476,3
5.1040087,2.3313131,9
-5.949821,0.047131658,0
25.429478,2.4205134,1
5.177558,1.9461828,9
17.984684,1.4683127,1
-1.598183,-0.6720426,5
19.137384,1.3737333,1
17.604935,6.76705,7
0.5378523,7.1169405,6
23.432957,1.9133117,1
-3.5361288,-3.7331,2
22.743649,2.1015372,1
0.21784317,6.340609,6
0.38024342,-1.2166615,8
-5.643176,1.8012637,0
10.766387,-0.23381738,1
-0.44310665,-2.391825,2
-1.8040402,0.015035719,3
4.506728,2.442677,4
-2.368897,0.0769487,5
0.8324176,3.1514902,6
44.5403,17.35822,7
0.40931413,-1.36845,8
4.812994,2.7658882,9
-3.6291587,1.8946668,0
17.998503,-2.4220176,1
-1.8654573,-3.127354,2
-1.033679,0.31169063,3
4.2842746,2.5156238,4
-1.0491245,0.31607306,5
0.22945511,3.9072423,6
4.0795636,-0.23055723,7
0.25181913,-0.7917401,8
-4.46367,-0.17102754,0
17.225248,-0.48734313,1
2.4006872,5.7028008,2
-1.5969323,0.20140362,3
-2.3086438,-0.07315612,5
1.0278171,3.4001527,6
55.650307,16.522182,7
0.21912783,-0.3599435,8
11.957318,-0.7939069,1
-3.6558235,2.403287,0
8.556985,3.4468122,4
-1.6216059,1.717511,5
0.73394394,3.3289275,6
0.6331092,4.8936605,6
-0.6983942,-0.31449777,3
4.336724,1.9529848,4
5.6532636,2.7857044,4
-2.7404804,-2.6625402,2
0.32535636,-1.1105025,8
11.244276,-1.6216621,1
-4.563212,2.7282653,0
1.0195203,2.9284258,6
6.646331,3.2763338,4
7.2642612,3.5332422,9
20.196232,10.036454,7
-1.6535288,-2.5753396,2
7.8483877,3.2867393,9
-0.6259001,-2.6737378,2
-6.473026,3.163384,0
5.6124215,2.6328573,9
-0.45753118,-0.25276953,3
-1.2669969,-0.23230058,3
5.453329,3.1115177,9
15.430685,-2.2988732,1
-1.9442734,1.2630146,5
-1.5185639,-1.1463494,2
-1.9776139,-0.08091509,3
12.647226,-1.6214824,1
0.49602914,4.5464897,6
17.965366,8.158366,7
-1.0951438,-0.2674714,3
29.254992,10.470848,7
0.37412748,-1.24649,8
6.237847,3.657477,4
-3.8541927,2.983411,0
-0.60794,-3.4736192,2
4.8663645,2.356933,4
-3.836562,3.3367019,0
-1.285784,-2.0448632,2
8.06852,2.6461108,4
33.7379,16.98191,7
0.30243206,-0.89177513,8
-5.6539674,-0.43494964,0
32.27922,13.739776,7
-4.292828,3.0517256,0
0.42739785,4.7878475,6
7.538773,3.1795492,9
-1.8156427,-0.23356715,3
-1.819766,-3.304512,2
6.93705,2.7582793,4
0.30802563,-1.0925078,8
1.1996515,4.451376,6
-3.6947412,2.6568341,0
-0.68551695,-0.15423162,5
37.73929,16.395414,7
-1.8067033,-0.03132245,5
9.7707,-0.7229809,1
-2.980714,2.0613747,0
0.12406372,-0.21829128,8
10.827153,-0.5183815,1
1.0216708,3.0977623,6
40.199287,17.149603,7
-1.7445257,-1.9860015,2
7.668909,3.2920225,9
33.836193,17.408287,7
6.8301606,4.196806,9
-1.2155472,-0.23759189,5
0.6258997,5.003517,6
-1.3845025,-0.24979681,5
-1.2904973,-1.974422,2
0.7600622,4.8389297,6
-1.4187269,-2.3045917,2
0.24341089,-0.78220886,8
15.302264,-2.560869,1
35.66912,16.095335,7
-1.4280952,-0.31734684,5
-1.4776056,-0.03873825,5
28.753288,13.883194,7
-1.8460559,-0.122783154,3
-1.4450744,-0.14305273,5
-5.4317336,-0.25281787,0
12.6587105,-1.7684482,1
11.715423,-1.0078212,1
-1.2647479,-0.09271178,3
0.32847968,-0.8136567,8
4.420662,2.7469394,4
7.3277526,3.6654997,9
4.835842,2.7541485,4
-2.1033084,-0.2473985,5
12.176651,-1.2826093,1
0.18740842,-0.5682196,8
0.4674518,2.9958806,6
0.274349,-0.6087987,8
7.775579,4.554376,9
-6.0965233,4.8886003,0
13.420453,-3.3779528,1
-0.7167264,-2.7356012,2
-0.9804734,-0.48346806,3
7.2547803,4.148894,4
-0.9446956,-0.67274165,5
-0.8594818,5.5905995,6
38.543213,24.243961,7
-0.98712736,1.1852058,8
8.937981,4.3723,9
-7.972091,10.282102,0
10.840063,-2.1744287,1
-0.40266633,-2.7844555,2
-0.9403318,-0.88251305,3
8.006097,4.4143414,4
-1.8004522,3.1012282,5
-0.71309125,7.0316687,6
30.826674,16.646893,7
0.28973246,-0.90768814,8
13.461878,7.682422,9
-6.708654,6.349805,0
9.0527725,-2.031685,1
-1.4731195,-2.9408758,2
-0.86567444,-0.56440294,3
8.954354,5.0402718,4
-5.693923,104.63001,5
-0.4039359,5.460994,6
41.315857,25.585276,7
0.42975277,-1.2461694,8
13.877188,8.879705,9
-1.0965208,-0.61964995,3
-0.44709074,-0.5435997,5
-1.7140824,-0.4990726,3
-0.3453322,-2.2603457,2
9.790873,6.1447964,9
-0.85047925,-0.50454944,3
-0.66346174,-3.4561853,2
8.712059,-2.1026623,1
7.2329254,3.9175243,4
-3.3428307,9.5769005,5
-0.8029158,-0.47542712,5
-0.45481998,-4.245307,2
-1.2022568,-0.24361578,3
-0.5409832,-2.8330631,2
9.4911375,-1.9041399,1
-1.4349561,-0.81466067,3
9.350914,5.7417593,9
22.336441,29.252909,7
-0.50979435,-2.6473882,2
11.36526,-2.6654136,1
-0.51097333,-3.0864708,2
-0.1353322,-0.46955144,8
15.994989,9.355913,9
13.699566,-2.7775774,1
0.13960579,-0.4464189,8
0.13572618,-0.2576279,8
27.916283,14.988829,7
0.108098246,-0.012272049,8
7.9862633,-2.6500432,1
-5.4891033,4.5928907,0
-5.124393,5.2630296,0
0.2750895,4.467019,6
34.00544,16.9149,7
36.75596,16.26966,7
0.43860066,-1.0501342,8
28.817312,23.876366,7
0.2894842,-0.978723,5
-4.3786345,6.4294066,0
-0.08529693,3.5045192,6
14.369913,-2.2677112,1
-1.0857701,-0.46351972,5
26.992142,14.754091,7
8.426596,6.3709354,4
-0.40016854,6.419839,6
13.415298,-3.367694,1
-1.489372,-3.819162,2
-0.6229454,-0.43027976,5
-5.576173,7.3545685,0
26.596764,15.473719,7
6.846802,4.2008457,9
8.9492235,4.991874,9
-4.2264977,7.8172684,0
-1.1276094,-1.1668328,3
5.9048047,3.810604,4
6.18831,3.2491193,4
0.16191243,-0.28675178,8
7.9908557,4.696652,4
11.031782,-2.788537,1
-0.045178175,-0.2882448,8
-0.46183133,5.4235997,6
1.1686224,-1.4273217,5
14.463767,14.979437,9
-4.896939,4.6710215,0
-6.9527283,8.081156,0
-7.301634,8.12344,0
-1.038508,-0.8997787,3
45.475796,20.340487,7
14.386841,-4.336851,1
-0.08969891,5.481601,6
6.309353,3.8489344,4
-1.0496917,5.3581476,6
-5.5277367,6.3362885,0
9.009398,8.236383,4
-6.963625,19.861532,5
7.3843355,5.1560884,4
8.583681,-2.2977712,1
-0.836884,-0.29278022,3
-0.0170402,-0.096182555,8
0.03973341,5.4123745,6
-0.7319964,-0.108903006,3
10.295439,6.4650273,9
8.8494215,4.9314384,9
-1.0925065,1.7960613,5
8.959042,3.6973686,9
-0.9514907,-1.2686565,3
46.95405,20.523533,7
-0.37103933,-0.4825756,8
-1.2153902,-0.5482806,5
-0.84110534,4.804904,6
6.5439806,3.9972782,4
37.36715,21.420551,7
-0.87389016,4.5848722,6
-1.1652861,-3.0561595,2
-0.51635605,-2.9305634,2
-5.2155523,6.5000176,0
8.119223,3.896276,9
8.513874,4.869254,4
-4.316253,-0.6111419,0
9.94804,-2.4844363,1
-1.306247,-4.375954,2
-1.1501652,-0.57271373,3
5.8516755,4.953924,4
-3.2478309,38.0446,5
-0.48042822,6.416097,6
23.710142,23.267937,7
1.3816538,-1.0850952,8
7.399325,3.9323082,9
-7.200007,5.9119635,0
10.814702,-4.5670996,1
-0.44218928,-2.4492762,2
-1.1781453,-0.5608474,3
6.718972,6.275161,4
-3.6562922,9.841121,5
-0.32259452,7.458265,6
37.40026,24.003862,7
1.6717474,-2.7692933,8
11.158775,7.460726,9
-8.8518505,9.279871,0
12.180901,-6.3314133,1
-2.061044,-4.8346686,2
-2.0189672,-0.31568563,3
6.6285543,6.3758564,4
-14.06353,95.488556,5
-1.8461012,9.366457,6
24.846607,26.54501,7
0.9557124,-2.471379,8
12.560202,9.755384,9
-0.45477676,6.817275,6
7.664976,3.8175735,4
-2.6275575,-4.738336,2
-0.3793329,6.0290504,6
6.6339626,3.8406663,4
39.26569,23.211798,7
-3.3023508,25.694921,5
-0.2639901,-0.40138614,5
8.323868,7.2173996,4
35.560715,18.662254,7
-0.9802846,-4.222401,2
9.999561,4.4406195,9
-0.92788035,-0.72361314,3
9.576571,6.762415,9
-1.2871146,-0.6285525,3
2.1472595,-4.407903,8
-2.9138246,-4.8339324,2
-4.280034,5.414365,0
10.1331415,4.163715,9
-5.6987185,17.408329,5
0.030303836,5.7710824,6
-3.5661135,5.63685,0
13.059871,-2.301195,1
-6.4323454,8.9125595,0
-1.1944785,6.0135794,6
-5.5429792,100.64528,5
-1.7135615,-0.48172668,3
-1.5992329,2.1389692,5
-1.1770675,-0.5343534,3
1.8754655,-2.844341,8
-5.811951,5.5611997,0
-4.5468826,7.8904247,0
-1.2405202,-0.52521145,3
7.699267,6.3063445,4
12.363379,-3.7202163,1
0.5162237,-0.95771194,5
-1.5675803,-0.40459704,3
-5.4837356,4.5657253,0
1.6787798,-1.5034611,8
-2.7031982,4.8005705,3
-6.3806667,4.060116,0
-0.71089524,4.704365,6
-0.36570615,-4.6813164,2
45.548683,23.475342,7
2.869577,-5.32724,8
13.677666,-3.977644,1
36.697525,18.934689,7
13.894345,-4.6256547,1
-1.2703264,-0.66055214,3
1.530939,-2.6975691,8
-8.445295,25.314964,5
7.9568634,6.1747885,4
-0.44424748,-4.092071,2
-4.673879,5.844387,0
8.297765,3.7732248,9
37.878532,29.659771,7
-0.1089474,4.4051466,6
1.4493703,-1.1441703,7
7.605443,8.239906,4
11.318235,-5.6788325,1
-1.1713945,6.664424,6
3.4358854,10.915081,2
-1.2474544,6.2849717,6
30.622486,29.21716,7
12.091671,-3.5507984,1
9.125893,6.466877,9
1.3188277,-2.3148303,8
-5.8954425,7.947953,0
-0.7124684,6.805181,6
13.17201,13.899082,9
7.167399,6.2438736,4
9.750726,6.4458528,9
11.56288,8.5474,9
-1.4290448,8.904711,6
-0.1850879,-3.3926783,2
-1.4713465,-0.4038575,3
62.877575,34.37912,7
12.361725,-3.941347,1
9.911633,11.726404,9
-2.1666498,-3.4895756,2
2.2212749,6.3096066,2
-3.1504247,33.89641,5
-1.0675596,-0.4903774,3
9.290116,4.169541,7
3.0682714,-3.821805,8
-4.6538243,6.5462418,0
13.8943615,-4.4705477,1
-1.5358782,-3.9235806,2
-0.8500203,-0.43905962,3
10.17883,12.94277,4
39.815674,25.03664,7
0.48842335,-1.6652405,8
8.567339,6.0685897,9
-7.127788,9.987934,0
16.330065,-7.829363,1
3.0652385,9.630197,2
-0.84666246,-0.67139626,3
7.996541,7.069143,4
62.350224,58.332695,7
1.5787033,-3.4117799,8
7.5612006,5.862563,9
-8.844992,10.130802,0
13.914347,-6.5907702,1
69.587074,51.032314,7
1.7879559,-4.2362633,8
8.214144,5.859331,9
0.82211983,-1.729871,8
8.852543,6.0075035,9
-1.1795123,-3.394986,2
-0.29659438,6.6722693,6
13.847963,-5.509163,1
-0.92859626,-0.71155035,3
-4.855108,36.069855,5
7.260741,6.109165,4
1.1732986,-2.031153,8
-1.7212845,-3.789082,2
-2.379988,8.198773,6
9.0404,13.341574,4
-1.5493718,-0.5727973,3
7.594173,7.0382366,4
-23.371391,81.383965,5
9.497566,6.734276,9
-0.4205951,-4.3994303,2
-5.1754847,6.887305,0
-0.43904546,-0.4711129,3
11.065277,8.47196,9
8.49917,8.03681,4
10.836382,8.361943,9
1.5028172,-1.1907969,7
-1.4107413,-0.7420906,3
1.1939056,-2.1971476,8
47.496597,34.027412,7
7.189231,6.283257,4
7.3808465,6.823148,4
14.289816,19.429626,9
1.1974152,-2.2076032,8
-6.92323,22.122526,5
1.3864359,-3.5138829,8
-0.45257485,-4.6450624,2
-0.020397902,7.569272,6
-0.48880827,6.2770057,6
-2.2051406,-3.753806,2
-1.3403527,-0.8682388,3
13.725952,-6.1896763,1
-1.5383446,-1.0506303,3
-0.3075381,-5.4212832,2
75.61706,46.527084,7
-2.9579146,5.5590405,3
14.988771,-6.3902497,1
12.49049,11.494584,9
-11.811184,10.315834,0
15.381615,-8.646143,1
13.657303,-7.6516876,1
-1.5593005,-1.562991,3
-25.826984,87.102165,5
-17.136812,16.451096,0
26.170263,20.618519,7
1.2880245,-3.068559,8
11.846409,-5.818519,1
-7.7413287,22.958702,5
13.723782,-6.151543,1
7.797819,6.9682665,4
-0.56583536,6.330638,6
-4.941929,-0.5441952,0
-9.62864,6.9537907,0
8.138478,11.650408,4
9.940195,7.240773,9
11.818399,-5.8962717,1
-1.051631,5.494603,6
-0.773199,6.4208603,6
12.870208,21.350998,9
-13.305066,12.115196,0
53.28891,50.554955,7
-0.40916914,3.9978614,6
16.713556,-8.585094,1
15.457774,-8.481773,1
-11.302086,19.478481,0
12.328546,-7.5482664,1
0.16687189,-1.9436339,2
0.40703696,-1.5347103,3
7.3995852,11.079774,4
-0.5253022,-2.7936323,7
1.0094682,-4.0621514,2
-1.0139177,-1.0072571,3
5.63865,11.436945,4
-20.198542,69.847885,5
-2.5181193,6.9401975,6
3.7488387,7.9647,7
-22.581232,60.133533,0
11.96301,-8.7663355,1
3.5414007,5.951151,2
0.032938957,-2.085317,7
0.99792606,-1.8096036,8
-1.0816776,5.510573,6
-1.3277509,-1.220669,3
6.585238,4.2042227,9
-1.0784022,-2.2541883,7
12.613829,-5.283287,1
7.67911,5.663704,9
0.9307958,-1.5218693,3
9.382441,7.0604944,9
-1.9877782,9.965975,6
12.021148,-4.240116,1
8.035224,4.569913,7
-1.4035107,-2.1043153,2
7.5656347,5.99037,4
8.438028,6.992092,4
-9.741143,75.03784,5
0.2802664,-1.2773241,7
-20.014376,18.169367,0
-26.222328,20.306828,0
11.702541,-6.0285525,1
-2.2317863,11.015426,6
-2.2391543,11.317103,6
1.6232886,-3.4680212,8
-0.121897325,-1.3263795,2
13.387856,8.3120575,7
5.9692736,5.2023516,7
0.4603309,-1.9383044,2
5.784925,5.250635,4
-0.34404194,-2.012185,2
12.898998,-6.891449,1
-1.3110222,9.169223,6
7.85834,-2.0868053,1
-6.936794,4.288739,0
-1.2643311,6.809476,6
16.280134,13.048853,9
1.4477813,-3.3931196,8
-1.013555,-0.68861914,3
8.129544,9.150091,9
-1.62096,8.6154995,6
-0.774003,-0.47604263,3
-8.743909,4.3222666,0
10.00961,0.10709152,1
2.9692662,0.48671377,2
-0.22279036,-0.20052288,3
6.4243584,3.2711382,4
-0.5721488,-0.32154,5
0.4959103,3.9407008,6
37.745705,13.816413,7
0.17301668,-0.03069171,8
5.1193104,1.7445368,9
-13.047672,6.0156813,0
1.5883014,-0.16390252,1
-0.120766476,-1.3399816,2
-0.7595824,0.87033695,3
6.042418,3.0567756,4
-1.6608837,0.93243015,5
-0.641357,4.7190795,6
52.419884,17.970001,7
0.21867149,-0.70853204,8
2.157722,1.4826674,9
-9.153394,8.462114,0
9.981999,-0.61015284,1
0.022864804,-1.5365901,2
-0.8959083,-0.17733201,3
6.3925724,2.9831746,4
-1.7842748,0.5510929,5
0.44592714,3.4409602,6
42.789898,16.061213,7
0.045962043,-0.15964527,8
5.6154375,1.8611277,9
10.952827,-0.41269505,1
0.13822973,4.9758244,6
-0.048868354,-0.06194614,8
5.0030327,2.1488366,9
3.7843325,1.6554581,9
-11.370412,3.9586089,0
14.320629,-0.907652,1
-0.19140644,-1.4272491,2
6.308343,2.7989755,4
5.1238,2.690757,4
-0.1940743,-0.077718645,3
38.335632,18.845243,7
7.486191,4.044521,4
6.65787,7.387145,4
10.826371,4.4416676,4
-10.262281,5.318322,0
-1.397494,0.11169028,3
-0.28087586,0.09809369,8
97.49913,25.368172,7
-0.62758285,0.91684604,5
-0.18001379,0.27943137,8
-0.26120478,-1.7694243,2
11.62538,0.6371509,1
62.103935,20.665848,7
-0.43798485,0.7953818,5
-0.90377593,-0.08342785,3
3.1911187,1.7906687,8
-3.6529095,9.60603,5
-0.08211477,-1.5000024,2
-0.28468758,0.099175215,5
17.262169,-2.1767876,1
16.560537,-2.54241,1
-0.43856215,6.0948358,6
0.100473344,-2.57922,2
17.860556,-2.0431032,1
-1.3949237,-0.040484995,3
-0.08912626,-0.20080827,8
0.7783809,6.6262197,6
7.957671,6.9829493,4
0.045045644,-1.6682103,2
0.019746065,3.556165,6
-0.14747576,-1.2588961,2
-0.32984722,-0.24730203,5
-0.42520517,0.78721,5
-12.021077,7.7548623,0
-0.2226951,-1.5471548,2
0.17301668,-0.03069171,8
-6.237233,4.0607324,0
0.19485188,4.5698986,6
-0.10108792,-0.21076468,8
10.361147,-0.935225,1
43.55141,15.924538,7
9.275589,3.8049278,9
11.993703,-1.4907622,1
7.6357136,3.361439,9
-0.05604884,-1.3972521,2
-1.174187,5.0295076,6
46.723953,20.37048,7
-0.03493619,7.2730913,6
-0.23115706,7.878864,6
-0.78207576,0.7620665,8
57.62607,20.721771,7
7.2371573,4.1286387,4
13.49752,7.263508,9
0.0910045,-1.8915164,2
7.4489603,-0.5662048,1
-0.7100456,-0.9521656,3
-0.2370655,-0.1249522,3
-15.51941,11.488504,0
-1.0307162,-0.11505452,5
-0.6625083,1.0823117,5
-0.6684019,-0.1285163,8
-3.4006996,2.7633233,0
-0.32956743,-0.04792705,3
44.47039,17.437084,7
11.586737,6.4423738,9
74.59212,20.49417,7
-7.5273833,3.835662,0
-0.02474767,-0.9030319,2
41.32541,16.423132,7
8.268953,3.2040436,9
12.141002,-0.85612077,1
37.986732,13.333424,7
0.14579889,-0.33088478,8
-12.690526,6.0573163,0
-0.29811507,-0.5130817,3
-0.5635463,0.1782973,5
-0.66014516,-0.5107766,3
-0.09070063,4.0406284,6
-7.3988366,7.9347467,0
12.639145,-6.641714,1
-0.8580369,-3.0126064,2
-0.8465248,-0.6706033,3
10.659343,19.412367,4
-9.051463,35.81096,5
-1.2102269,9.472748,6
34.052284,42.22678,7
1.9280895,-3.4823737,8
13.781211,18.676197,9
-7.4794054,6.4734936,0
12.191584,-6.185481,1
-0.12770589,-3.2271073,2
-1.6839577,-0.68641186,3
8.318111,20.159811,4
-10.512596,44.719765,5
-1.815513,10.060834,6
36.48167,50.261124,7
2.1318371,-3.742442,8
13.946816,33.80133,9
-14.066959,15.926436,0
14.307064,-7.896955,1
-0.17238893,-4.260762,2
-1.0111544,-0.79629445,3
11.450817,27.15063,4
56.643,63.217728,7
1.9709185,-3.9862504,8
10.055226,23.796526,9
-0.63183916,8.046534,6
12.556812,16.083387,4
0.10031363,-1.475078,2
-0.44229698,7.9350605,6
12.444515,23.996998,4
49.211807,48.811966,7
1.9237527,-3.589842,8
14.599251,24.50228,9
-0.191316,-2.930248,2
16.276419,33.399395,9
-2.1564615,-2.3024075,3
13.617037,20.409117,9
-1.8577899,-1.5074229,3
-8.532911,5.3315363,0
-7.5512977,11.110796,0
14.391157,-7.7385716,1
-8.38203,9.368447,0
9.990197,15.294163,4
0.27000326,-4.4990416,2
-1.8213971,9.286619,6
-1.8758562,-2.3614702,3
-24.848957,82.528854,5
-1.5469177,-1.6089301,3
-11.100949,4.503258,0
-1.212774,-0.6056427,3
10.124819,19.609074,4
12.075262,-6.9256444,1
-36.05715,121.53659,5
-1.8241211,-1.4835023,3
-7.5411377,6.683633,0
7.6253695,33.060577,8
-1.8663534,-1.8693316,3
-11.236537,7.39555,0
-1.9022441,8.951357,6
13.489496,-7.6566067,1
60.33083,37.87254,7
1.2802725,-3.2697408,8
-12.961294,21.408833,0
15.637396,26.282768,9
-0.10245143,-3.030711,2
-1.1944597,6.585298,6
38.81529,36.44088,7
13.717848,-6.8215094,1
12.727879,18.56546,9
-2.3285432,10.298983,6
11.426079,23.858149,9
8.404737,17.912678,4
11.687268,17.666449,9
15.640176,33.091267,9
-2.4848337,9.477883,6
30.76202,45.53904,7
14.622991,-7.9715476,1
-0.11170627,-3.1628835,2
-13.512041,85.905815,5
-1.192854,-0.5419651,3
33.860817,45.551723,7
0.72646403,-2.4282439,8
-4.129895,-0.48267376,0
16.447481,-0.18340968,1
-0.76523346,-1.7562017,2
2.351737,1.6138433,4
5.1572843,2.4295964,5
0.48508775,5.7157106,6
25.760307,12.168093,7
0.11985637,-0.40495157,8
8.998913,2.8562295,9
-5.192134,-0.52800465,0
28.651281,-1.2637384,1
-1.0359129,-0.14453334,3
3.3810549,2.4502692,4
-0.34331524,0.81494313,5
0.6122502,4.594533,6
37.043423,13.817419,7
-0.5648398,-0.15087827,8
-5.9067383,3.9455123,0
15.702868,-1.6615779,1
0.44418213,-0.14679095,3
4.859836,2.4872494,4
36.922356,17.344137,7
0.31195116,-1.1626652,8
14.819703,8.244724,9
26.162504,13.972869,7
-2.4369977,6.971356,5
-1.9716628,64.05003,5
16.062222,-1.5972847,1
10.029695,3.634317,9
14.133848,7.874427,9
35.708916,15.077585,7
12.211308,-2.1079323,1
-16.698782,12.052983,0
-11.171894,7.993635,0
-0.8465996,-0.5527127,5
14.186779,7.9039617,9
75.21352,21.006186,7
16.928028,-1.4514523,1
62.652756,15.908024,7
-0.64029515,-0.981991,2
-0.3130346,-0.96559185,2
-0.9259453,-0.35306218,3
1.254975,3.1115003,6
-0.36815152,-0.23798533,8
-0.72690666,-0.51702476,3
2.1436594,7.968639,2
-6.407737,4.6911087,0
-4.449117,-0.6162144,0
0.39107943,5.2289705,6
26.24783,-2.6238952,1
21.151497,9.805216,7
0.9428171,1.0061433,5
-1.1287684,0.75669163,8
1.0987816,4.6538553,6
-0.655835,-1.9085721,2
7.321918,2.1353729,9
6.878864,2.710054,4
-0.6288362,-0.2563702,8
0.24293274,-0.7317362,8
54.278107,15.623629,7
13.446191,-1.6236389,1
-4.4471545,-0.56729364,0
-0.4425304,-0.4582485,8
33.218372,14.1471,7
30.337337,11.5236635,7
-1.2520877,1.3714521,5
0.2029937,-0.6486969,8
-0.7699726,-0.3997005,5
-0.6530608,-0.90901935,3
7.8751802,3.4184241,4
0.44235992,6.50873,6
16.011518,-0.09738946,1
16.78577,-0.48457855,1
-0.5893581,-0.276712,5
-0.51148427,-0.46313488,5
-4.4152074,-0.515774,0
23.741798,11.679792,7
-0.58177215,-1.2167261,2
-0.5139525,-0.9232782,3
0.645596,5.4473805,6
4.4232035,2.2991302,4
18.581818,-2.1768134,1
-1.1723211,-1.3094411,2
5.2732377,2.991805,4
23.936983,-3.0574644,1
0.8227431,-1.4638699,5
6.090058,1.9579914,4
-0.5300323,-1.2869678,2
-5.4283023,-0.28407025,0
4.7873306,2.3587704,4
-0.5250511,-0.20462546,8
0.609668,5.5913653,6
25.320621,-2.8229382,1
13.955325,7.0490875,9
-5.157783,-0.5492693,0
-1.7776229,-2.7847805,2
-0.6974893,-0.5594393,5
0.005665779,4.9071107,6
12.27557,7.190218,9
-0.6476848,-0.855634,3
0.13631284,5.2585607,6
-0.9130185,-0.6766505,3
0.49186027,4.97306,6
-6.649238,3.5408404,0
15.431357,-0.11217831,1
3.3334565,6.4130754,2
-1.333205,0.2593742,3
3.0458925,1.8824923,4
-1.9281411,2.4883285,5
0.4565767,3.839371,6
44.891434,18.186378,7
-0.79629654,-0.54012406,8
4.2810197,2.2787685,9
-15.538121,6.690385,0
14.838371,-0.33313996,1
-2.588572,-3.674388,2
-1.1900615,0.84026825,3
3.2694747,2.099245,4
-0.25812417,0.09163822,5
0.48786807,4.3148494,6
43.94763,18.521406,7
0.30364782,-0.7641718,8
13.498793,6.82164,9
-13.772264,5.6218343,0
21.854067,-0.8050339,1
-1.3622441,-3.7550492,2
-0.9435812,0.5002304,3
-1.2763778,1.7979316,5
0.7778152,3.6922686,6
46.667694,20.911428,7
-0.44644988,-0.5158228,8
21.522179,-0.8277266,1
-18.438015,10.340283,0
5.9769135,2.2931197,9
-1.3903965,-0.41199368,5
57.713573,16.657545,7
-0.7891208,-0.275918,5
15.349742,0.024911106,1
0.28737876,-0.982045,8
0.33039176,4.376158,6
3.6118693,2.2957869,9
-4.583475,1.4908476,0
4.7361608,2.238027,4
25.45385,-1.6583743,1
4.0184183,2.6258283,9
-1.0586779,-0.965211,3
0.302135,-0.98212373,8
4.064433,3.1734362,4
5.3219686,3.2809885,4
21.455414,12.10296,7
-4.6464186,3.2743397,0
17.226377,-0.2925868,1
3.331785,1.4461181,9
-2.7488673,-3.3809106,2
0.085601404,-0.18820557,8
60.634758,18.374544,7
0.3043362,-1.1209897,8
-3.286052,-3.0069628,2
-0.73305,-0.6223264,5
6.491246,2.8423939,9
0.34522903,4.428998,6
-7.7734613,2.526939,0
0.842232,5.2480645,6
-1.6125801,-0.71977365,5
-0.7904142,-0.47167817,5
-0.36435106,-0.45062274,3
-1.1307043,-0.74762166,3
-0.34289593,-0.4409625,3
4.3570123,2.1972823,9
-0.590828,0.72518283,8
14.19187,-0.9295707,1
21.876083,-1.838341,1
-2.9119363,2.452687,0
0.4411112,4.8233514,6
20.670628,-1.1034144,1
-5.5981636,2.875066,0
-11.910109,4.553606,0
0.7532792,4.7550044,6
2.662637,6.211647,2
23.720467,-0.68582016,1
22.971586,-0.70270455,1
-1.0152633,-0.42341834,3
6.6782703,7.4850187,2
26.313185,11.829159,7
19.972322,8.799018,7
0.3292598,-0.9783217,8
0.31797767,-0.8163463,8
41.2065,14.375074,7
0.18550551,-0.7203275,8
3.4335964,2.4092646,4
0.60098195,5.0516787,6
-4.0439167,-0.008764744,0
3.9990501,6.0080423,2
-4.9659743,3.2871656,0
42.93322,20.128052,7
-4.94918,-0.06304395,0
-0.5321601,-0.44225138,3
0.61702,3.8903854,6
0.36157626,-1.2511352,8
9.451046,4.4080815,7
13.953679,-1.8747221,1
-1.1117867,-1.0954157,5
11.19165,6.31231,9
7.9079137,3.691076,9
-1.1606743,-1.391654,3
15.454489,9.651588,7
-1.5864155,-2.8944728,2
3.0801082,2.4509377,4
4.3376627,2.0439093,9
6.5355806,3.1951046,4
-0.81894493,-0.81513333,3
0.8509941,2.5353792,6
-0.5232302,-5.6197753,2
4.0800047,6.647603,2
-0.84879565,-0.93405366,5
-1.3245434,-1.8382912,3
-1.2781746,-3.4962323,2
-2.6460943,14.347745,5
-1.0280312,-0.82170653,5
14.051529,7.8381205,9
5.616975,3.856117,4
13.944784,-4.8087144,1
45.244263,20.65286,7
2.6909952,7.25099,2
-18.630262,9.038985,0
9.547041,-0.90846324,1
-0.018663391,-1.1054875,2
-0.49310386,-0.047869384,3
2.8835716,1.5549371,4
0.17301668,-0.03069171,5
1.2267983,2.9912376,6
20.908478,6.2092605,7
0.35382938,-1.0584729,8
13.959013,6.8410406,9
-6.6409254,-0.545063,0
13.278816,-0.9240066,1
-0.7176018,-2.6708102,2
0.3191632,-0.26573482,3
5.233868,3.5461707,4
-2.2221313,55.874584,5
1.2507969,2.401221,6
19.438135,10.73406,7
6.321805,21.975386,8
15.378215,9.662336,9
-9.034566,14.948599,0
10.086596,-3.429954,1
-0.47186232,-3.0461779,2
-1.3217833,-0.4427484,3
6.6603856,4.9236393,4
-10.122868,68.17526,5
0.79193103,4.878248,6
26.454227,12.832955,7
0.77151865,-1.8921275,8
12.604089,15.065324,9
10.729532,-2.314264,1
-5.0362897,4.469049,0
11.34951,-2.2561204,1
-0.08375971,-3.116137,2
43.264317,18.345493,7
-0.6721107,1.4468257,5
-0.85908294,-0.6378859,3
7.752569,5.835532,4
6.041568,4.4250245,4
-10.287209,3.905941,0
-8.294232,5.4507985,0
0.8395548,4.3614173,6
3.0067673,-1.0978045,9
0.2823311,5.5651846,6
-0.0051887035,3.292664,6
-3.958973,82.076866,5
32.446636,19.677261,7
-2.6070256,-3.6882715,2
0.4858597,-0.46861452,3
9.2606,11.045097,4
14.497593,22.912977,4
15.462042,20.392664,9
8.528946,-2.9058867,1
11.421381,13.438337,4
-4.3794346,6.852431,0
34.841057,20.845932,7
11.978109,13.618632,9
1.7198105,14.772808,5
44.937187,23.73964,7
-0.97439575,-2.9224765,2
-1.0162059,-0.63644964,3
13.864275,-2.2883885,1
8.097683,5.8474135,4
7.2186613,3.8927464,4
-2.5214443,5.7382565,0
16.090551,15.648722,9
1.3273579,-1.0377278,9
0.48479974,4.380119,6
7.6092253,-2.662673,1
2.1983657,-4.021089,8
-0.6836222,-0.54175436,3
-0.8916799,-0.7872181,3
2.0722008,-1.6875216,7
-0.8110983,-0.69078875,3
17.00128,20.608839,9
2.65001,-4.90686,8
1.5853168,-2.634394,8
4.299897,4.0186257,4
33.064304,40.24694,7
40.628754,24.225365,7
0.25464702,4.0192614,6
-0.24207567,-2.433154,2
12.440491,-2.2201545,1
10.139568,6.7605352,9
0.30466932,-0.82238847,8
34.29574,20.28174,7
1.3665789,-2.7435398,8
-0.87823546,-0.75133634,8
25.1057,13.522577,7
-0.020233452,-2.4269714,2
-0.1295136,-6.5737643,2
-0.86953425,-0.42916054,3
15.504987,10.190156,9
-0.8320045,-0.5513314,3
-0.84105617,-0.93830335,3
-1.3898144,2.3222225,5
-4.3152905,85.32846,5
-4.8532777,4.429517,0
34.742718,18.322357,7
8.989889,4.4044476,9
-0.84219885,50.24598,5
-0.09123826,4.483463,6
-3.986986,14.840603,5
7.330946,-2.9498794,1
8.084484,6.163787,4
9.727747,-3.1341875,1
4.643011,-1.5832354,1
2.9941888,5.850545,2
0.36607146,6.0423822,8
-2.4178057,-5.2204423,2
0.2719301,4.1546884,6
10.701868,-2.2841592,1
-19.512188,88.918594,5
-6.8366823,6.6638556,0
12.596978,-3.7441347,1
-0.4297977,-2.8014476,2
-1.7359017,-0.34961134,3
7.0356717,7.7790785,4
-24.713104,83.1139,5
-3.3889792,9.117687,6
47.338455,44.761578,7
0.75137424,-2.4232714,8
1.0704327,-0.8135887,9
-6.974955,5.807086,0
9.04788,-5.1224327,1
0.37221658,-3.5402546,2
-1.5646676,-0.8378103,3
4.6828737,3.4863262,4
-11.938338,64.825455,5
-2.8802085,9.520979,6
48.836052,35.33055,7
6.569862,22.051699,8
14.713341,11.687555,9
-3.087075,6.0284166,0
10.737474,-3.2744522,1
-0.21209855,-3.6053898,2
0.5932162,-2.1281528,3
6.68596,4.2153983,4
-28.018753,95.41351,5
-1.3325522,10.622092,6
58.618996,44.413853,7
1.1696615,-2.8621001,8
0.7432762,-1.810401,8
-4.4906244,7.6815267,0
-0.42836785,10.123863,6
-7.0406094,11.527772,0
1.3369974,-1.4331397,0
-0.37884557,-2.5158389,2
-0.8187499,-0.5658802,3
40.953205,22.272007,7
9.665394,7.7364216,9
6.3848395,6.0952597,4
1.303148,-1.0166074,7
11.945606,-3.4082878,1
11.861856,8.621365,9
4.9538283,-1.9774735,1
35.549053,26.370274,7
12.269417,-4.6571703,1
9.001389,16.743528,4
-8.313674,11.536448,0
-6.2742777,6.268157,0
10.632705,-7.636166,1
63.016205,61.62143,7
5.8102937,-4.948598,5
61.29867,64.3216,7
7.969781,-3.8027143,1
0.3424934,-1.4348886,3
3.0377688,-2.5298736,3
-0.93276054,-2.0706291,3
12.206952,-4.2647886,1
-1.8392849,11.4739685,6
14.222476,19.535254,9
55.02626,45.61386,7
9.741724,-3.4433618,1
-1.2104352,-1.1816226,3
-9.273271,11.843559,0
5.5784926,14.926411,2
-1.4410374,10.553043,6
-3.997519,9.879548,0
0.7689686,-2.6907337,8
8.904951,5.946233,9
9.404712,15.607938,4
0.751589,-1.4424047,3
-11.278158,39.470993,5
6.3815117,11.794436,4
4.7354107,31.089714,8
12.500636,-4.240175,1
-26.169243,88.79106,5
11.930937,14.786852,9
-6.4155483,12.667009,0
-1.350349,9.969467,6
-3.8185573,10.276495,6
0.2906036,-1.0282089,3
0.38975793,-1.2321749,8
12.612497,-3.2278059,1
8.07011,6.654004,4
60.972633,34.58943,7
-15.285692,50.26017,5
-0.14679386,-2.8744237,2
-4.084281,6.983917,0
-6.9515266,11.680235,0
12.2556095,-5.1016045,1
46.54317,29.185263,7
0.7887867,-1.5238883,8
17.448582,9.580797,9
0.06912875,8.691837,6
1.792312,-3.2338169,8
0.37651667,-1.2545471,8
0.07899626,-2.359612,2
-1.1808335,-0.62948763,3
-3.2852902,7.311461,6
11.418837,-3.9956424,1
-11.941532,41.17334,2
6.115045,3.1645637,9
-13.14621,83.433426,5
-0.087212786,-1.900911,2
-5.339637,5.9133754,0
14.845034,-4.177065,1
-0.86842984,-2.6267424,2
-1.2623864,-0.55051756,3
9.887018,16.552206,4
-19.548756,67.533264,5
-1.6816964,3.396926,6
23.186718,32.0697,7
2.833486,-2.2473187,8
14.340746,22.270912,9
-5.4616685,6.3926163,0
14.063783,-4.564886,1
-2.7956645,-0.84260476,2
-1.3191395,-0.48991805,3
8.339502,15.119319,4
-3.6005745,3.4739704,5
-2.7441869,8.3269825,6
24.079006,35.763424,7
2.6929297,-4.54096,8
14.91377,27.79182,9
-8.3881855,13.151771,0
15.165568,-6.950988,1
-3.4447927,-2.0629776,2
-1.2933326,-0.7334138,3
6.4303465,14.99521,4
-3.3443098,9.71167,5
-2.1311996,7.7179728,6
37.792946,50.787754,7
2.2685914,-3.3373675,8
16.877504,35.22299,9
11.061399,13.329828,7
9.949959,17.141497,4
-2.3640747,6.7420707,6
17.30249,-5.05357,1
3.4680858,9.131697,4
-6.5431433,12.297923,0
11.6881,21.220114,9
12.5124445,23.823343,9
-1.4100331,-0.945609,3
21.008114,32.175426,7
3.5774007,-2.2749326,8
3.2129936,10.657963,4
16.058138,28.113194,7
-9.693406,29.665134,5
2.1105769,-3.4989867,8
-2.5185623,8.703194,5
-1.3310492,-0.7700016,3
-3.5077605,-1.7015443,2
-4.2703557,8.650632,2
-12.162054,20.928017,0
-17.054222,58.314285,5
-1.2152827,50.105347,8
-0.34382665,5.9118004,6
-6.058262,8.054092,0
-1.1761214,-0.57306945,3
1.9554836,-2.9483635,8
18.882076,-5.3848867,1
-8.317139,13.985177,0
-0.8958107,-0.8329551,3
-7.5648317,13.345673,0
6.327222,12.418491,4
23.740828,23.22368,7
7.495292,13.636378,4
12.22202,17.355879,9
-4.6146297,7.9131236,2
12.606515,28.465977,9
-4.9834347,9.998064,5
38.265358,31.985607,7
15.882188,-6.9425645,1
41.226734,40.72815,7
16.723007,-7.886313,1
-1.0816674,6.711999,6
-1.7877266,7.243097,6
-8.529871,19.008196,5
0.23881543,4.027858,6
-5.206539,6.241382,2
4.3660545,-3.6886573,8
38.22335,56.9393,7
0.31700277,9.942365,6
6.614669,11.065292,4
15.977217,17.539219,9
11.742378,14.263174,9
-5.649167,13.70517,5
-1.1460658,-0.69031024,3
29.470764,42.981747,7
7.098448,14.231356,4
-1.09685,-0.7447716,3
-6.986505,12.420848,0
11.901834,18.525656,4
-0.7545965,11.060207,6
-1.8378935,6.1682787,6
13.992884,-7.31232,1
13.587662,-6.3042097,1
-1.0255269,-0.7834586,3
-0.16362567,-4.670095,2
14.845661,-7.7991714,1
-18.683191,28.363844,0
-6.8451285,5.806735,0
11.823944,-3.7363772,1
0.28341973,-2.0998306,2
-1.2271172,-0.6573622,3
6.7260733,6.216384,4
22.084839,11.817902,7
0.36041746,-1.0463101,8
7.533244,3.3720481,9
-5.0504436,8.9559765,0
12.158984,-4.0101514,1
1.0854183,-2.0077176,2
-1.1880844,-0.7987534,3
6.4266076,5.8745384,4
1.819921,-2.085272,5
-2.586088,8.226358,6
21.582262,12.375994,7
1.586254,-1.8996117,8
-8.145905,14.7649355,0
12.278925,-5.585642,1
0.26332444,-1.91423,2
-1.813464,-0.4716695,3
9.192237,12.386172,4
24.363838,17.715174,7
0.57948476,-1.2523662,8
10.934965,6.6712437,9
-4.114678,8.663007,0
0.27515155,-0.594198,8
-1.2090307,-0.5819564,3
11.891809,6.751818,9
1.6946847,-1.6004003,5
1.1368036,-1.3344753,5
-0.08875686,-0.94030684,2
0.55541396,7.515863,6
-0.41251624,-0.59603506,8
7.3376064,10.288903,4
9.87722,-2.9353452,1
19.782713,11.921543,7
11.24045,-2.8491678,1
0.6217334,-0.42214787,2
-1.3291166,-0.87559646,3
1.2684119,-1.5506791,5
-0.7471163,9.605184,6
13.200248,13.136823,9
17.664661,-4.820812,1
12.734066,-3.6747575,1
11.19619,-3.7997932,1
0.32055575,-0.96996206,2
11.919242,-4.816973,1
0.26631925,-1.6037004,2
-6.613727,10.03403,0
29.593021,14.77387,7
20.361305,17.404999,7
1.45519,-1.4250231,5
0.67550266,-1.024329,8
0.12927951,-1.1135571,2
13.175621,15.577017,9
0.8420839,-1.2039376,8
0.20334183,-0.7898002,6
25.718529,13.970224,7
-1.6656079,-0.4307884,3
6.1775613,4.8076854,4
-0.18953228,9.280185,6
0.6316591,-1.0165635,8
23.307446,15.758568,7
-6.804397,12.853186,0
4.827076,4.464525,4
1.1456122,-1.5580097,2
22.463806,21.468018,7
28.792572,17.275934,7
0.7199532,-1.1435385,5
6.790489,6.002681,4
-1.750867,-0.32365426,3
4.9539022,8.201797,4
0.33267203,-0.7466207,2
2.545189,4.8401318,8
10.609829,-4.7289577,1
1.7168381,-1.8437016,5
14.933439,-5.0853662,1
0.61626506,-1.6472294,0
0.4060085,-1.8228439,2
-0.7894889,-0.40580618,3
-0.79914314,-0.29436666,3
-0.06635898,-0.69090486,5
22.71746,12.8032055,7
-5.6315455,10.830826,0
0.51925063,8.071824,6
1.4725722,-1.4740694,8
-2.7055643,5.8458486,6
2.6093755,-0.88560545,3
7.787124,8.268683,9
7.522462,5.6287427,9
-0.0730606,-0.53270346,8
0.34037346,-1.379229,2
21.69437,26.708149,7
24.767277,24.653198,7
13.317284,-4.5218186,1
-6.10083,5.274848,0
14.746012,-3.9898381,1
35.503395,26.36623,7
1.0593582,-1.5379484,8
0.62313265,-0.5849416,9
-13.140064,21.653114,0
9.865013,-5.32849,1
-0.8565049,11.95387,2
13.426407,15.1639805,3
5.4659686,10.219406,4
-27.699766,92.637856,5
-0.99874306,8.731437,6
41.0516,29.845303,7
2.2797787,-3.4032078,8
-8.99317,11.930561,0
15.34975,-9.237926,1
0.1285805,-5.8923316,2
0.7736093,-1.2471045,3
6.976339,13.734225,4
53.643124,30.328632,7
1.4577516,-3.3165886,8
6.6501784,4.29955,9
27.541822,21.195972,7
0.8358987,-1.6164541,8
-0.5634115,6.9095206,6
11.324475,18.589912,4
12.7496605,-5.478157,1
8.020661,15.474252,9
0.70158714,-3.83083,3
0.735578,-1.4580238,8
8.156607,13.102868,4
7.3404617,12.264,4
32.816765,19.289268,7
-4.2007346,5.961568,0
15.029535,-3.7239819,1
5.8561406,3.4088638,9
-2.075742,-3.7641754,2
0.29183236,-0.7544958,8
29.083597,18.5503,7
0.39069635,-1.1309507,8
-2.4755423,-3.2899413,2
-0.8827076,9.337009,6
-17.016577,20.83084,0
-2.883566,4.1911645,6
-1.9633234,4.021117,5
-1.0122308,-0.6512966,3
-0.6199715,-0.47746423,3
2.9706209,8.860603,3
9.654411,7.0354342,9
14.970736,-4.497612,1
4.312784,7.324319,4
-6.3632307,4.776173,0
-0.967191,5.3437247,6
16.901981,-6.3558226,1
-6.8645406,11.141183,0
-7.6959867,7.0829563,0
0.06450844,5.632635,6
-1.6783336,-1.0884864,2
14.787989,-8.202363,1
13.279379,-5.654255,1
33.342903,22.648363,7
1.2963959,-0.8186314,7
-0.21247533,-0.6827814,8
8.533644,5.21554,4
0.17939103,6.636428,6
-5.827715,5.1719317,0
41.244225,24.645458,7
-6.968322,10.553917,0
-1.0844469,-0.8845218,3
-0.21850526,5.235047,6
1.8522513,-2.7638423,8
29.802423,26.74216,7
13.311304,-5.167964,1
-0.5358572,-1.0159712,5
4.030642,9.964897,2
8.046316,4.561962,4
8.989216,7.259314,9
7.3868256,9.566536,4
-0.6937317,-2.5068626,3
2.982831,9.5420265,6
9.034806,14.737996,4
14.3579445,-7.0980363,1
50.600815,30.69984,7
-1.8194574,0.7080733,2
-0.76259565,10.074153,6
0.24645162,8.355589,5
-6.187981,4.1459394,0
11.036128,-1.2212178,1
0.18440072,-1.1901239,2
-0.16271408,-0.33004364,3
9.026208,5.586666,4
-3.2116323,34.23541,5
-1.6641433,9.061974,6
22.710302,14.145372,7
-0.43951055,-0.47977364,8
7.9432244,5.4487286,9
-6.2143536,5.6469054,0
10.676427,-2.2103338,1
-0.051702216,-1.9594282,2
-1.4786907,-0.35483477,3
12.343342,13.051552,4
-24.23113,93.63001,5
-1.1269555,6.299356,6
